ID,YEAR,TRANS,SITE,TREAT,PLOT,GROUP,YST,WATER,TREE,VEG,Agrocani,Andropoli,Betunana,Betupube,Calastri,Carecane,Carechor,Caredioi,Careechi,Carelasi,Carelimo,Carelivi,Caremage,Carepauc,Carerost,Cirspalu,Drosera,Dryocart,Empenigr,Erioangu,Eriovagi,Hammpalu,Ledupalu,Lycoannu,Melaprat,Menytrif,Piceabie,Pinusylv,Potepalu,Rubucham,Salix spp,Schepalu,Triccesp,Trieeuro,Utriinte,Vaccmyrt,Vaccoxyc2,Vacculig,Vaccviti,Violpalu,Spharecu,Sphabalti,Sphacapi,Sphacusp,Sphafusc,Sphamage,Sphamaju,Sphaobtu,Sphapapi,Sphapulc,Spharube,Spharuss,Sphasubf,Sphasubn,Sphasubs,Sphatene,Sphatere,Sphawarn,Sphasp,Aulapalu,Brachoedi,Bryumsp,Callstra,Cladonia spp,Dicranum spp,Hepatics 2,Limbinte,Limbrevo,Mylianom,Pleuschr,Pohlnuta,Polycomm,Polystri,Warnsdorfia sp,O_SEDGE,SEDGE,HERB,GRASS,D_SHRUB,E_SHRUB,Fs_MOSS,Br_MOSS,Ho_MOSS,La_MOSS,Hu_MOSS,D_SHRUB1,E_SHRUB1,TREE
mesc_01,2000,I1,mes,ctr,mesc_1,min_hl,0,-1.210526316,0,11,,,,,,,,,,,,,,,,,,,3,,1,,na,,,,,,,na,,,,,,,,7,,,100,,,,,,,,,,,,,,,,,,,,,,,,,,,,,,,,,,1,0,0,0,7,3,0,0,0,100,0,7,3,0
mesc_02,2000,I1,mes,ctr,mesc_2,min_hl,0,-1.210526316,0,0,,,,,,,,,,,,,,,,,,,,,,,,,,,,,,,,,,,,,,,,,87.5,,,,,,,,,,,,,,,,,,,,,,0.075,,,,,,,,,,,,0,0,0,0,0,0,0,0.075,0,87.5,0,0,0,0
mesc_03,2000,I1,mes,ctr,mesc_3,mes_l,0,-1.210526316,na,na,na,na,na,na,na,na,na,na,na,na,na,na,na,na,na,na,na,na,na,na,na,na,na,na,na,na,na,na,na,na,na,na,na,na,na,na,na,na,na,na,32.5,,,,,,,,,,,,,,0.025,,23.75,,,,,,0.1,,,,,,,,,,,,0,0,0,0,0,0,0,0.1,0.025,56.25,0,0,0,0
mesc_04,2000,I1,mes,ctr,mesc_4,mes_l,0,-1.210526316,0,22.3,,15,,,,,0.1,,,7,0.1,,,,,,,,,,,,,,,,,,,,,0.1,,,,,5,,,,87.5,,,,,,,,,,,,,,,,2.5,,,0.525,,,,,,,,,,,,,4,,0,7.2,0.1,0,0,20,4.525,0,0,90,0,0,20,0
mesc_05,2000,I1,mes,ctr,mesc_5,mes_l,0,-1.210526316,na,na,na,na,na,na,na,na,na,na,na,na,na,na,na,na,na,na,na,na,na,na,na,na,na,na,na,na,na,na,na,na,na,na,na,na,na,na,na,na,na,na,,,,,,,,,,,,,,,0.25,,,,,0.8,,,,,,,,,,,,,,,0,0,0,0,0,0,0.8,0,0.25,0,0,0,0,0
mesc_06,2000,I2,mes,ctr,mesc_6,oli_l,0,-1.210526316,0,50.1,,7,,,,,,,,5,,,,,,,,,30,,0.1,,,,,1,,,7,,,,,,,,7,,,,47.5,,,,,52.5,,,,,,,,,,,,,,,,,,,,,,,,,,,,,0.1,5,8,0,0,44,0,0,0,100,0,0,44,0
mesc_07,2000,I2,mes,ctr,mesc_7,oli_l,0,-1.210526316,na,na,na,na,na,na,na,na,na,na,na,na,na,na,na,na,na,na,na,na,na,na,na,na,na,na,na,na,na,na,na,na,na,na,na,na,na,na,na,na,na,na,27.5,,,,,72.5,,,,,,,,,,,0.025,,,0.075,,,,,,,,,,,,,,,0,0,0,0,0,0,0.075,0,0,100.025,0,0,0,0
mesc_08,2000,I2,mes,ctr,mesc_8,oli_l,0,-1.210526316,0,20.6,,15,15,,,,5,0.1,,,,,,,,,,,,,,,,,,,,,,,,0.5,,,,,5,,,,70,,,,,7.5,,,,,,,,,,,,,,0.025,,,,,,,,,,,,,,,0,5.1,0.5,0,15,20,0.025,0,0,77.5,0,15,20,0
mesc_09,2000,I2,mes,ctr,mesc_9,mes_ho,0,-1.210526316,na,na,na,na,na,na,na,na,na,na,na,na,na,na,na,na,na,na,na,na,na,na,na,na,na,na,na,na,na,na,na,na,na,na,na,na,na,na,na,na,na,na,,,,,,,,,,,,,,,,,,,,,,,,,,,,,,,,,,7.25,0,0,0,0,0,0,0,7.25,0,0,0,0,0,0
mesc_10,2000,I2,mes,ctr,mesc_10,oli_l,0,-1.210526316,0,20.1,,10,2,,,,,,,2,,,,,3,,,,,0.1,4,,,,,,,,,,,1,,,,,2,,,,31.25,,,,,16.25,,,,,,,,,0.025,,,,,32.5,,,,,,,,,,0.275,,,,,4,5.1,1,0,2,12,32.775,0,0.025,47.5,0,2,12,0
mesc_11,2000,J1,mes,ctr,mesc_11,min_hl,0,-1.210526316,na,na,na,na,na,na,na,na,na,na,na,na,na,na,na,na,na,na,na,na,na,na,na,na,na,na,na,na,na,na,na,na,na,na,na,na,na,na,na,na,na,na,93.75,,,,,,,,,,,,,,,,,,,,,,0.1,,,,,,,,,,,,0,0,0,0,0,0,0,0.1,0,93.75,0,0,0,0
mesc_12,2000,J1,mes,ctr,mesc_12,mes_ho,0,-1.210526316,0,18.2,,1,,,,,0.1,,,3,,,,,10,,,,,4,0.1,,,,,,,,,,,,,,,,5,,,,,,,,,,,,,,,,,,0.75,,0.875,,,,,,,,,,,,,,,,,14.25,0.1,17.1,0,0,0,6,0,14.25,0.75,0.875,0,0,6,0
mesc_13,2000,J1,mes,ctr,mesc_13,min_hl,0,-1.210526316,na,na,na,na,na,na,na,na,na,na,na,na,na,na,na,na,na,na,na,na,na,na,na,na,na,na,na,na,na,na,na,na,na,na,na,na,na,na,na,na,na,na,52.5,,,,,,,,,,,,,,,,,,,,,,,,,,,,,6.525,,,5.025,,0,0,0,0,0,0,11.55,0,0,52.5,0,0,0,0
mesc_14,2000,J1,mes,ctr,mesc_14,mes_l,0,-1.210526316,0,11.2,,5,,,,,,,,,0.1,,1,,,,,,,,,,,,,5,,,0.1,,,,,,3,,,,,,0.25,,,,,,,,,,,,,,,,1,,,,,,,,,,,,,,,,,,0,1.1,8.1,0,0,5,0,0,0,1.25,0,0,5,0
mesc_15,2000,J1,mes,ctr,mesc_15,oli_l,0,-1.210526316,na,na,na,na,na,na,na,na,na,na,na,na,na,na,na,na,na,na,na,na,na,na,na,na,na,na,na,na,na,na,na,na,na,na,na,na,na,na,na,na,na,na,4,,,,,,,,93.25,,,,,,,,,,,0.025,,,,,,,,,,,,,,,0,0,0,0,0,0,0.025,0,0,97.25,0,0,0,0
mesc_16,2000,J2,mes,ctr,mesc_16,mes_l,0,-1.210526316,0,40,,2,3,,,,1,,,30,,2,,,1,,,,,3,,,,,,1,,,,,,,,,7,,2,,,,23.75,,,,,,,,,,,,,,,,11.25,,,0.05,,,0.075,,,,,,,,,,,0.25,0,37,8,0,3,4,0.05,0.325,0,35,0,3,4,0
mesc_17,2000,J2,mes,ctr,mesc_17,oli_l,0,-1.210526316,na,na,na,na,na,na,na,na,na,na,na,na,na,na,na,na,na,na,na,na,na,na,na,na,na,na,na,na,na,na,na,na,na,na,na,na,na,na,na,na,na,na,94.25,,,,,3.275,,,,,,,,,,,,,,,,,,,,,,,,,,,,,0,0,0,0,0,0,0,0,0,97.525,0,0,0,0
mesc_18,2000,J2,mes,ctr,mesc_18,min_hl,0,-1.210526316,0,11.3,,1,3,,,,0.1,,,10,,0.1,,,,,,,,,,,,,,,,,,,,0.1,,,0.5,,1,,,,91.275,,,,,,,,,,,,,,,,,,,0.3,,,,,,,,,,1.525,,,,,0,10.2,0.6,0,3,2,1.825,0,0,91.275,0,3,2,0
mesc_19,2000,J2,mes,ctr,mesc_19,mes_ho,0,-1.210526316,na,na,na,na,na,na,na,na,na,na,na,na,na,na,na,na,na,na,na,na,na,na,na,na,na,na,na,na,na,na,na,na,na,na,na,na,na,na,na,na,na,na,,,,,,,,,,,,,,,,,,,,,,,,,,,,,,,,,,2.75,0,0,0,0,0,0,0,2.75,0,0,0,0,0,0
mesc_20,2000,J2,mes,ctr,mesc_20,mes_ho,0,-1.210526316,0,25.1,,5,1,,,,,,,5,,,,,7,,,,7,1,0.1,,,,,,,,,,,,,,,,5,,,,,,,,,,,,,,,,,,,,,,,,,,,,,,,,,,,,,3.5,0.1,13,0,0,1,17,0,3.5,0,0,0,1,17,0
mesc_21,2000,K,mes,ctr,mesc_21,mes_l,0,-1.210526316,na,na,na,na,na,na,na,na,na,na,na,na,na,na,na,na,na,na,na,na,na,na,na,na,na,na,na,na,na,na,na,na,na,na,na,na,na,na,na,na,na,na,65,,,,,,,,,,,,,,,,6.75,,,0.175,,,0.025,,,,,,,0.025,,,,2.25,0,0,0,0,0,0,0.2,2.275,0,71.75,0,0,0,0
mesc_22,2000,K,mes,ctr,mesc_22,mes_l,0,-1.210526316,0,28,,1,,,,,,,,25,,,,,,,,,2,,,,,,,,,,,,,,,,5,,1,,,,14.75,,,,,,,,,,,,,,0.5,,3,,,,,,0.075,,,,,,,,,,,,0,25,5,0,0,4,0,0.075,0.5,17.75,0,0,4,0
mesc_23,2000,K,mes,ctr,mesc_23,mes_ho,0,-1.210526316,na,na,na,na,na,na,na,na,na,na,na,na,na,na,na,na,na,na,na,na,na,na,na,na,na,na,na,na,na,na,na,na,na,na,na,na,na,na,na,na,na,na,,,,,,,,,,,,,,,,,,,,,,,,,,,,,,,,,,17.5,0,0,0,0,0,0,0,17.5,0,0,0,0,0,0
mesc_24,2000,K,mes,ctr,mesc_24,mes_ho,0,-1.210526316,0,18.1,,3,,,,,,,,15,,,,,,,,,,0.1,,,,,,,,,,,,,,,1,,1,,,,,,,,,,,,,,,,,,33.75,,,,,,,,,,,,,,,,,,,1.5,0,15.1,1,0,0,4,0,1.5,33.75,0,0,0,4,0
mesc_25,2000,K,mes,ctr,mesc_25,omb_hu,0,-1.210526316,na,na,na,na,na,na,na,na,na,na,na,na,na,na,na,na,na,na,na,na,na,na,na,na,na,na,na,na,na,na,na,na,na,na,na,na,na,na,na,na,na,na,,,,,99.75,,,,,,,,,,,,,,,,,,,,,,,,,,,,,,0,0,0,0,0,0,0,0,0,0,99.75,0,0,0
mesc_26,2000,L,mes,ctr,mesc_26,mes_l,0,-1.210526316,0,39,,2,2,,,,,,,25,,,,,2,,,,,,,,,,,,,,10,,,,,,,,5,,,,28.75,,,,,,,,,,,,,,,,3.025,,,,,,0.025,,,,,,,,,,,,0,27,10,0,2,7,0,0.025,0,31.775,0,2,7,0
mesc_27,2000,L,mes,ctr,mesc_27,min_hl,0,-1.210526316,na,na,na,na,na,na,na,na,na,na,na,na,na,na,na,na,na,na,na,na,na,na,na,na,na,na,na,na,na,na,na,na,na,na,na,na,na,na,na,na,na,na,97,,,,,,,,,,,,,,,,,,,0.025,,,,,,,,,,,,,,0.025,0,0,0,0,0,0,0.025,0.025,0,97,0,0,0,0
mesc_28,2000,L,mes,ctr,mesc_28,mes_ho,0,-1.210526316,0,36,,5,,,,,,,,30,,,,,1,,,,,,,,,,,,,,,,,,,,,,2,,,,,,,,,,,,,,,,,,,,,,,,,,,,,,,,,,,,,11.25,0,31,0,0,0,7,0,11.25,0,0,0,0,7,0
mesc_29,2000,L,mes,ctr,mesc_29,mes_ho,0,-1.210526316,na,na,na,na,na,na,na,na,na,na,na,na,na,na,na,na,na,na,na,na,na,na,na,na,na,na,na,na,na,na,na,na,na,na,na,na,na,na,na,na,na,na,,,,,,,,,,,,,,,0.525,,,,,,,,,,,0.025,,,,,,,,0.275,0,0,0,0,0,0,0,0.3,0.525,0,0,0,0,0
mesc_30,2000,L,mes,ctr,mesc_30,min_hl,0,-1.210526316,0,32,,2,,,,,,,,30,,,,,,,,,,,,,,,,,,,,,,,,,20,,2,,,,24,,,,,,,,,,,,,,,,,,,1.525,,,,,,,,,,0.025,,,,,0,30,20,0,0,4,1.55,0,0,24,0,0,4,0
mesc_31,2000,M1,mes,ctr,mesc_31,oli_l,0,-1.210526316,na,na,na,na,na,na,na,na,na,na,na,na,na,na,na,na,na,na,na,na,na,na,na,na,na,na,na,na,na,na,na,na,na,na,na,na,na,na,na,na,na,na,91.25,,,,,7,,,,,,,,,,,,,,0.325,,,,,,,,,,,,,,,0,0,0,0,0,0,0.325,0,0,98.25,0,0,0,0
mesc_32,2000,M1,mes,ctr,mesc_32,omb_hu,0,-1.210526316,0,49,,10,3,,,,,,,18,,,,,,,,,20,,1,,,,,,,,,,,,,,,,7,,,,,,,,78.25,16.5,,,,,,,,,,,,,,,,,,,,,,,,,,,20,,1,18,0,0,3,37,20,0,0,16.5,78.25,3,37,0
mesc_33,2000,M1,mes,ctr,mesc_33,omb_hu,0,-1.210526316,na,na,na,na,na,na,na,na,na,na,na,na,na,na,na,na,na,na,na,na,na,na,na,na,na,na,na,na,na,na,na,na,na,na,na,na,na,na,na,na,na,na,,,,,64.25,5.5,,,,,,,,,,,,,,,,,,,,,,,,,,,35,,0,0,0,0,0,0,35,0,0,5.5,64.25,0,0,0
mesc_34,2000,M1,mes,ctr,mesc_34,min_hl,0,-1.210526316,0,13.5,,5,3,,,,3,,0.5,3,,,,,,,,,,1,1,,,,,,,,,,,,,,,,15,,,,76.25,,,,,,,,,,,,,,,,,,,0.2,,,,,,,,,,,,,,,1,7.5,0,0,3,20,0.2,0,0,76.25,0,3,20,0
mesc_35,2000,M1,mes,ctr,mesc_35,mes_l,0,-1.210526316,na,na,na,na,na,na,na,na,na,na,na,na,na,na,na,na,na,na,na,na,na,na,na,na,na,na,na,na,na,na,na,na,na,na,na,na,na,na,na,na,na,na,9,,,,,,,1.25,,,,,,,2.275,,10,,,0.025,,,1.025,,,,,,,,,,,,0,0,0,0,0,0,0.025,1.025,3.525,19,0,0,0,0
mesc_36,2000,M2,mes,ctr,mesc_36,mes_ho,0,-1.210526316,0,16,,2,4,,,,7,,,1,,,,,2,,,,,,,,,,,4,,,,,,,,,,,5,,,,,,,,,,,,,,,,,,,,,,,,,,,,,,,,,,,,,4,0,10,4,0,4,7,0,4,0,0,0,4,7,0
mesc_37,2000,M2,mes,ctr,mesc_37,mes_l,0,-1.210526316,na,na,na,na,na,na,na,na,na,na,na,na,na,na,na,na,na,na,na,na,na,na,na,na,na,na,na,na,na,na,na,na,na,na,na,na,na,na,na,na,na,na,11.525,,,,,,,,,,,,,,,,28.75,,,1,,,,,,,,,,,,,,,0,0,0,0,0,0,1,0,0,40.275,0,0,0,0
mesc_38,2000,M2,mes,ctr,mesc_38,mes_ho,0,-1.210526316,0,42.1,,,,,,,,,,35,,,,,0.1,,,,,,,,,,,,,,7,,,,,,10,,2,,,,,,,,,,,,,,,,,,,,,,,,,,,,,0.25,,28.75,,,,,,28.75,0,35.1,17,0,0,2,0,57.75,0,0,0,0,2,0
mesc_39,2000,M2,mes,ctr,mesc_39,min_hl,0,-1.210526316,na,na,na,na,na,na,na,na,na,na,na,na,na,na,na,na,na,na,na,na,na,na,na,na,na,na,na,na,na,na,na,na,na,na,na,na,na,na,na,na,na,na,81.25,,,,,,,,,,,,,,,,,,,0.8,,,,,,,,,,15.75,,,1.25,,0,0,0,0,0,0,17.8,0,0,81.25,0,0,0,0
mesc_40,2000,M2,mes,ctr,mesc_40,min_hl,0,-1.210526316,0,31.6,,5,0.5,,,,,,,25,,,,,1,,,,,,,,,,,,,,,,,0.6,,,,,1,,,,49.5,,,,43,3.25,,,,,,,,,,,,,,0.825,,,,,,,,,0.275,,,,,,0,26,0.6,0,0.5,6,0.825,0.275,0,52.75,43,0.5,6,0
mesf_01,2000,R1,mes,fst,mesf_1,,39,-23.05263158,na,na,na,na,na,na,na,na,na,na,na,na,na,na,na,na,na,na,na,na,na,na,na,na,na,na,na,na,na,na,na,na,na,na,na,na,na,na,na,na,na,na,6.25,,,,,0.5,,,,,,6.25,,,,,,,,0.25,,,,,,,,,,,,28,,,0,0,0,0,0,0,28.25,0,0,13,0,0,0,0
mesf_02,2000,R1,mes,fst,mesf_2,,39,-23.05263158,7,7,,,3,,5,,,,,2,,,,,,,,,,,,,,,,,7,,,,,,,,,,1,,,,,,,,,0.025,,,,,,9,,,,,,,,,,,,,,,,,,43.75,,,11.25,,0,2,0,5,3,8,55,0,0,9.025,0,3,1,7
mesf_03,2000,R1,mes,fst,mesf_3,,39,-23.05263158,na,na,na,na,na,na,na,na,na,na,na,na,na,na,na,na,na,na,na,na,na,na,na,na,na,na,na,na,na,na,na,na,na,na,na,na,na,na,na,na,na,na,0.025,,,,,,,,,,,28.75,,,,,,,,0.625,,,,,0.25,,,,,,,2.375,,,0,0,0,0,0,0,3.25,0,0,28.775,0,0,0,0
mesf_04,2000,R1,mes,fst,mesf_4,,39,-23.05263158,0,1.1,,,,,,,,,,,,,,,,,,,0.1,,1,,,,,,,,,,,,,,,,,,,,50,,,,,,,,,,,0.75,,,,,,,,,,,,,,,,,,,,31.25,,,1,0,0,0,0,0.1,31.25,0,0,50.75,0,0,0.1,0
mesf_05,2000,R1,mes,fst,mesf_5,,39,-23.05263158,na,na,na,na,na,na,na,na,na,na,na,na,na,na,na,na,na,na,na,na,na,na,na,na,na,na,na,na,na,na,na,na,na,na,na,na,na,na,na,na,na,na,4.75,,,,,,,,,,,35,,,,,,,,,,,,,,,,,,1,,37.5,,,0,0,0,0,0,0,38.5,0,0,39.75,0,0,0,0
mesf_06,2000,R2,mes,fst,mesf_6,,39,-23.05263158,0,7,,,2,,,7,,,,,,,,,,,,,,,,,,,,,,,,,,,,,,,,,,,,,,,,0.25,,,,,,67.5,,,,,,,,,,,,,,,,,,,,11,,,0,7,0,0,2,0,11,0,0,67.75,0,2,0,0
mesf_07,2000,R2,mes,fst,mesf_7,,39,-23.05263158,na,na,na,na,na,na,na,na,na,na,na,na,na,na,na,na,na,na,na,na,na,na,na,na,na,na,na,na,na,na,na,na,na,na,na,na,na,na,na,na,na,na,,,,,,,,,,,,,,,,,,,,,,,,,11.25,,,,,38,,,,,0,0,0,0,0,0,49.25,0,0,0,0,0,0,0
mesf_08,2000,R2,mes,fst,mesf_8,,39,-23.05263158,0,0,,,,,,,,,,,,,,,,,,,,,,,,,,,,,,,,,,,,,,,,,12.5,,,,11.75,0.5,,,,,,8.75,,,,,,,,,,,,,0.25,,,,,7.525,,32.5,,,0,0,0,0,0,0,40.275,0,0,21.75,11.75,0,0,0
mesf_09,2000,R2,mes,fst,mesf_9,,39,-23.05263158,na,na,na,na,na,na,na,na,na,na,na,na,na,na,na,na,na,na,na,na,na,na,na,na,na,na,na,na,na,na,na,na,na,na,na,na,na,na,na,na,na,na,58.75,,,,,6.75,,,,,,20,,,,,,,,,,,,,,,,,,,,22.5,,,0,0,0,0,0,0,22.5,0,0,85.5,0,0,0,0
mesf_10,2000,R2,mes,fst,mesf_10,,39,-23.05263158,0,16.1,,1,,,,,,,,,,,0.1,,,,,,,,,,,,,,,,,,,,,,,,,,15,,,,,,,0.75,,,,,,2.25,,,,,,,,0.525,,,,,,1,,,,,,23,,,0,0.1,0,0,0,16,23.525,1,0,3,0,0,16,0
mesf_11,2000,S1,mes,fst,mesf_11,,39,-23.05263158,na,na,na,na,na,na,na,na,na,na,na,na,na,na,na,na,na,na,na,na,na,na,na,na,na,na,na,na,na,na,na,na,na,na,na,na,na,na,na,na,na,na,40,,,,,1.25,,,,,,20,,,,,,,,0.2,,,,,0.125,,,,,0.25,,,1.75,,0,0,0,0,0,0,2.325,0,0,61.25,0,0,0,0
mesf_12,2000,S1,mes,fst,mesf_12,,39,-23.05263158,0,2.1,,,,,,,,,,,,,,,,,,,,,,,,,,,,,,,,,,,,0.1,,,2,,0.025,,,,,,,,,,,60,,,,,,,,0.8,,,,,1.275,,,,,6.75,,2.275,,,0,0,0,0,0.1,2,11.1,0,0,60.025,0,0.1,2,0
mesf_13,2000,S1,mes,fst,mesf_13,,39,-23.05263158,na,na,na,na,na,na,na,na,na,na,na,na,na,na,na,na,na,na,na,na,na,na,na,na,na,na,na,na,na,na,na,na,na,na,na,na,na,na,na,na,na,na,35,,,,,4.5,,,,,,,,,,,,,,0.075,,,,,,,,,,2.75,,26.25,,,0,0,0,0,0,0,29.075,0,0,39.5,0,0,0,0
mesf_14,2000,S1,mes,fst,mesf_14,,39,-23.05263158,0,3.1,,,,,,,0.1,,,,,,,,,,,,1,2,,,,,,,,0.1,,,,,,,,,0.5,,,,2.525,,,,,,,,,,,,,,,,,,,,,,,,15,,,,,46.25,,,0.025,,0,2.1,0,0,0,1.6,61.275,0,0,2.525,0,0,1.5,0.1
mesf_15,2000,S1,mes,fst,mesf_15,,39,-23.05263158,na,na,na,na,na,na,na,na,na,na,na,na,na,na,na,na,na,na,na,na,na,na,na,na,na,na,na,na,na,na,na,na,na,na,na,na,na,na,na,na,na,na,15.5,,,,,,,,,,,51.25,,,,,,,,,,,,,,,,,,2,,0.75,,,0,0,0,0,0,0,2.75,0,0,66.75,0,0,0,0
mesf_16,2000,S2,mes,fst,mesf_16,,39,-23.05263158,0,8.4,,,,,,,1,,,,,,,,,,,,,,7,,,,,,,,,,,,,0.4,,,,,,,53.75,,,,,0.5,,,,,,,,,,,,,,,,,,,,,,,,0.45,,,0.025,,7,1,0.4,0,0,0,0.475,0,0,54.25,0,0,0,0
mesf_17,2000,S2,mes,fst,mesf_17,,39,-23.05263158,na,na,na,na,na,na,na,na,na,na,na,na,na,na,na,na,na,na,na,na,na,na,na,na,na,na,na,na,na,na,na,na,na,na,na,na,na,na,na,na,na,na,,,,,,,,,,,,21.75,,,,,,,,0.05,,,,,6.5,,,,,1.275,,,,,0,0,0,0,0,0,7.825,0,0,21.75,0,0,0,0
mesf_18,2000,S2,mes,fst,mesf_18,,39,-23.05263158,0,20.2,,,,,,,3,,,,,,,,,,,,0.2,,7,,,,,,,,,,,,,,,,,,10,,,,,,,,,,,,,17.75,,,,,,,,,,,,,33.75,,,,,2.2,,,,,7,3,0,0,0,10.2,35.95,0,0,17.75,0,0,10.2,0
mesf_19,2000,S2,mes,fst,mesf_19,,39,-23.05263158,na,na,na,na,na,na,na,na,na,na,na,na,na,na,na,na,na,na,na,na,na,na,na,na,na,na,na,na,na,na,na,na,na,na,na,na,na,na,na,na,na,na,,,,,,,,,,,,68.75,,,,,,,,,,,,,0.75,,,,,,,,,,0,0,0,0,0,0,0.75,0,0,68.75,0,0,0,0
mesf_20,2000,S2,mes,fst,mesf_20,,39,-23.05263158,0,0,,,,,,,,,,,,,,,,,,,,,,,,,,,,,,,,,,,,,,,,,,,,,,1,,,,,,52.5,,,,,,,,,,,,,,,,,,,,0.025,,,0,0,0,0,0,0,0.025,0,0,53.5,0,0,0,0
mesd_01,2000,N1,mes,wldd,mesd_1,mes_ho,0,-1.090909091,na,na,na,na,na,na,na,na,na,na,na,na,na,na,na,na,na,na,na,na,na,na,na,na,na,na,na,na,na,na,na,na,na,na,na,na,na,na,na,na,na,na,6.25,,,,,,,,,,,,,,,,9.25,,,,,,0.75,,,,,,,,,,,56.25,0,0,0,0,0,0,0,57,0,15.5,0,0,0,0
mesd_02,2000,N1,mes,wldd,mesd_2,mes_ho,0,-1.090909091,0,0,,,,,,,,,,,,,,,,,,,,,,,,,,,,,,,,,,,,,,,,,,,,,,,,,,,,,,,,,0.025,,,,,,,,,,,,,,,,,,0,0,0,0,0,0,0,0,0,0.025,0,0,0,0
mesd_03,2000,N1,mes,wldd,mesd_3,min_hl,0,-1.090909091,na,na,na,na,na,na,na,na,na,na,na,na,na,na,na,na,na,na,na,na,na,na,na,na,na,na,na,na,na,na,na,na,na,na,na,na,na,na,na,na,na,na,95.25,,,,,,,,,,,,,,,,,,,,,,,,,,,,,,,,,,0,0,0,0,0,0,0,0,0,95.25,0,0,0,0
mesd_04,2000,N1,mes,wldd,mesd_4,mes_l,0,-1.090909091,0,26.1,,3,,,,,0.1,,,15,,,,,2,,,,2,4,,,,,,,,,,,,,,,10,,1,,,,89.75,,,,,,,,,,,,,,,,0.5,6.125,,0.25,,,0.025,,,,,,,,,,,,0,21.1,10,0,0,6,0.25,0.025,0,96.375,0,0,6,0
mesd_05,2000,N1,mes,wldd,mesd_5,mes_ho,0,-1.090909091,na,na,na,na,na,na,na,na,na,na,na,na,na,na,na,na,na,na,na,na,na,na,na,na,na,na,na,na,na,na,na,na,na,na,na,na,na,na,na,na,na,na,,,,,,,,,,,,,,,5.5,,,,,,,,0.025,,,0.025,,,,,,,,0.275,0,0,0,0,0,0,0,0.325,5.5,0,0,0,0,0
mesd_06,2000,N2,mes,wldd,mesd_6,oli_l,0,-1.090909091,1,29,,,20,,,,1,,,18,,,,,,,,,10,,,,,,,,,1,,,,,,,,,3,,,,93,,,,,5,,,,,,,,,,,,,,0.05,,,,,,,,,,,,,0.275,,0,19,0,0,20,14,0.325,0,0,98,0,20,13,1
mesd_07,2000,N2,mes,wldd,mesd_7,omb_hu,0,-1.090909091,na,na,na,na,na,na,na,na,na,na,na,na,na,na,na,na,na,na,na,na,na,na,na,na,na,na,na,na,na,na,na,na,na,na,na,na,na,na,na,na,na,na,,,,,91,3.125,,,,,,,,,,,,,,,,,,,,,,,,,,,5.75,,0,0,0,0,0,0,5.75,0,0,3.125,91,0,0,0
mesd_08,2000,N2,mes,wldd,mesd_8,min_hl,0,-1.090909091,0,11.1,,3,10,,,,0.1,1,,1,,,,,,,,,3,,,,,,,3,,,,,,,,,,,,,,,10,,,,65,16.25,,,,,,,,,,,,,,,,,,,,,,,,,,,0.025,,0,2.1,3,0,10,6,0.025,0,0,26.25,65,10,6,0
mesd_09,2000,N2,mes,wldd,mesd_9,mes_l,0,-1.090909091,na,na,na,na,na,na,na,na,na,na,na,na,na,na,na,na,na,na,na,na,na,na,na,na,na,na,na,na,na,na,na,na,na,na,na,na,na,na,na,na,na,na,,,,,,,,,,,,,,,,,53.75,,,,,,0.025,,,,,,,,,,,,0,0,0,0,0,0,0,0.025,0,53.75,0,0,0,0
mesd_10,2000,N2,mes,wldd,mesd_10,oli_l,0,-1.090909091,1,28.2,,20,,,,,,,,7,,,,0.2,,,,,,,1,,,,,,,1,,,,,,,,,20,,,,50,,,,,,,,13.25,,,,,,,,,,,0.55,,,,,,,,,,,,,,,1,7.2,0,0,0,41,0.55,0,0,63.25,0,0,40,1
mesd_11,2000,O1,mes,wldd,mesd_11,min_hl,0,-1.090909091,na,na,na,na,na,na,na,na,na,na,na,na,na,na,na,na,na,na,na,na,na,na,na,na,na,na,na,na,na,na,na,na,na,na,na,na,na,na,na,na,na,na,75,,,,,,,,,,,0.175,,,,,,,,0.125,,,0.05,,,,,,,0.125,,,2.025,,0,0,0,0,0,0,2.275,0.05,0,75.175,0,0,0,0
mesd_12,2000,O1,mes,wldd,mesd_12,mes_ho,0,-1.090909091,0,9.1,,3,2,,,,1,0.1,,5,,,,,,,,,,,,,,,,,,,,,,,,,,,7,,,,1.075,,,,,,,,,,,,,,0.35,,0.5,,,,,,,,,,,,,,,,,3,0,6.1,0,0,2,10,0,3,0.35,1.575,0,2,10,0
mesd_13,2000,O1,mes,wldd,mesd_13,oli_l,0,-1.090909091,na,na,na,na,na,na,na,na,na,na,na,na,na,na,na,na,na,na,na,na,na,na,na,na,na,na,na,na,na,na,na,na,na,na,na,na,na,na,na,na,na,na,51.25,,,,,,,,,,,26.25,,,,,,,,0.025,,,0.025,,,,,,,,,,,,0,0,0,0,0,0,0.025,0.025,0,77.5,0,0,0,0
mesd_14,2000,O1,mes,wldd,mesd_14,mes_ho,0,-1.090909091,0,20.8,,3,1,,,,1,,,5,1,,,0.3,,,,,0.5,,,,,,,,,,10,,,,,,,,3,,,,,,,,,,,,,,,,,,2.25,,,,,,,,,,,0.575,,0.025,,,,,,3.75,0,7.3,10,0,1,6.5,0,4.35,2.25,0,0,1,6.5,0
mesd_15,2000,O1,mes,wldd,mesd_15,mes_l,0,-1.090909091,na,na,na,na,na,na,na,na,na,na,na,na,na,na,na,na,na,na,na,na,na,na,na,na,na,na,na,na,na,na,na,na,na,na,na,na,na,na,na,na,na,na,8.75,,,,,,,,,,,,,,3.125,,5,,,20.25,,,,,,,,,,,,,,,0,0,0,0,0,0,20.25,0,3.125,13.75,0,0,0,0
mesd_16,2000,O2,mes,wldd,mesd_16,mes_l,0,-1.090909091,0,15,,,5,,,,1,,,7,,,,,5,,,,,2,,,,,,,,,,,,,,,7,,5,,,,33.75,,,,,,,,,,,,,,,,36.25,,,,,,,,,,,,,,,,,,0,15,7,0,5,5,0,0,0,70,0,5,5,0
mesd_17,2000,O2,mes,wldd,mesd_17,mes_l,0,-1.090909091,na,na,na,na,na,na,na,na,na,na,na,na,na,na,na,na,na,na,na,na,na,na,na,na,na,na,na,na,na,na,na,na,na,na,na,na,na,na,na,na,na,na,91,,,,,,,,,,,,,,,,2.75,,,,,,,,,,,,,,,,,,0,0,0,0,0,0,0,0,0,93.75,0,0,0,0
mesd_18,2000,O2,mes,wldd,mesd_18,mes_l,0,-1.090909091,0,17.2,,,2,,,,,,,10,,,,0.1,,,,,7,0.1,,,,,,,,,,,,,,,,,15,,,,61.5,,,,,,,,,,,,,,0.5,,29.25,,,,,,,,,,,,,,,,,,0,10.2,0,0,2,22,0,0,0.5,90.75,0,2,22,0
mesd_19,2000,O2,mes,wldd,mesd_19,mes_l,0,-1.090909091,na,na,na,na,na,na,na,na,na,na,na,na,na,na,na,na,na,na,na,na,na,na,na,na,na,na,na,na,na,na,na,na,na,na,na,na,na,na,na,na,na,na,7.5,,,,,,,,,,,,,,,,67.5,0.5,,0.025,,,,,,,,,,,,,,,0,0,0,0,0,0,0.025,0,0,75.5,0,0,0,0
mesd_20,2000,O2,mes,wldd,mesd_20,mes_ho,0,-1.090909091,0,18.3,,,,,,,0.3,,,10,,,,,5,,,,1,,2,,,,,,,,,,,,,,,,5,,,,,,,,,,,,,,,,,,,,,,,,,,,,,,,,,,,,,2.75,2,15.3,0,0,0,6,0,2.75,0,0,0,0,6,0
mesd_21,2000,P1,mes,wldd,mesd_21,oli_l,0,-1.090909091,na,na,na,na,na,na,na,na,na,na,na,na,na,na,na,na,na,na,na,na,na,na,na,na,na,na,na,na,na,na,na,na,na,na,na,na,na,na,na,na,na,na,58.75,,,,,7.75,,,,,,,,,,,,,,0.275,,,0.025,,,,,,,,,,,,0,0,0,0,0,0,0.275,0.025,0,66.5,0,0,0,0
mesd_22,2000,P1,mes,wldd,mesd_22,mes_ho,0,-1.090909091,0,12,,,,,,,,,,10,,,,,2,,,,,,,,,,,,,,,,,,,,30,,2,,,,0.075,,,,,,,,,,,,20,2.125,57.5,,,,,,,,,,,,,,,,,,,,0,12,30,0,0,2,0,0,79.625,0.075,0,0,2,0
mesd_23,2000,P1,mes,wldd,mesd_23,oli_l,0,-1.090909091,na,na,na,na,na,na,na,na,na,na,na,na,na,na,na,na,na,na,na,na,na,na,na,na,na,na,na,na,na,na,na,na,na,na,na,na,na,na,na,na,na,na,72,,,,,25.5,,,,,,,,,,,,,,,,,,,,,,,,,,,,,0,0,0,0,0,0,0,0,0,97.5,0,0,0,0
mesd_24,2000,P1,mes,wldd,mesd_24,mes_l,0,-1.090909091,0,25,,,,,,,,,,15,,,,,3,,,,,,,,,,,7,,,,,,,,,,,1,,,,4.5,,,,,,,,0.5,,,,,,1.75,,10,,,,,,0.05,,,,,,,,,,,,0,18,7,0,0,1,0,0.05,1.75,15,0,0,1,0
mesd_25,2000,P1,mes,wldd,mesd_25,mes_ho,0,-1.090909091,na,na,na,na,na,na,na,na,na,na,na,na,na,na,na,na,na,na,na,na,na,na,na,na,na,na,na,na,na,na,na,na,na,na,na,na,na,na,na,na,na,na,4.25,,,,,,,,,,,,,,9,,7,,,,,,,,,,,,,,,,,,0,0,0,0,0,0,0,0,9,11.25,0,0,0,0
mesd_26,2000,P2,mes,wldd,mesd_26,mes_l,0,-1.090909091,0,23,,,4,,,,,,,10,,,,,5,,,,,,,,,,,,,,4,,,,,,,,7,,,4,54.625,,,,,,,,,,,,,,,,42.5,,,,,,0.075,,,,,,,,,,,,0,15,8,0,4,7,0,0.075,0,97.125,0,4,7,0
mesd_27,2000,P2,mes,wldd,mesd_27,mes_l,0,-1.090909091,na,na,na,na,na,na,na,na,na,na,na,na,na,na,na,na,na,na,na,na,na,na,na,na,na,na,na,na,na,na,na,na,na,na,na,na,na,na,na,na,na,na,38.75,,,,,,,,,,,,,,0.75,,11.25,,,,,,,,,,,,,0.025,,,,,0,0,0,0,0,0,0.025,0,0.75,50,0,0,0,0
mesd_28,2000,P2,mes,wldd,mesd_28,mes_l,0,-1.090909091,0,20.5,,,,,,,,,,1,,,,0.5,2,,,,15,,2,,,,,,,,,,,,,,,,3,,,,,,,,,,,,,,,,,,,,6.75,92,,,,,,,,,,,,,,,,,2,3.5,0,0,0,18,0,0,0,98.75,0,0,18,0
mesd_29,2000,P2,mes,wldd,mesd_29,min_hl,0,-1.090909091,na,na,na,na,na,na,na,na,na,na,na,na,na,na,na,na,na,na,na,na,na,na,na,na,na,na,na,na,na,na,na,na,na,na,na,na,na,na,na,na,na,na,81.25,,,,,,,,,,,,,,,,,,,0.175,,,0.05,,,,,,,,,,,0.5,0,0,0,0,0,0,0.175,0.55,0,81.25,0,0,0,0
mesd_30,2000,P2,mes,wldd,mesd_30,min_hl,0,-1.090909091,0,8,,,40,,1,,,,,5,,,,,2,,0.1,,,,,,,,,,,,,,,,,,,,15,,,,84.25,,,,,,,,,,,,,,,,,,,,,,0.025,,,,,,,,,,,,0,7,0.1,1,40,15,0,0.025,0,84.25,0,40,15,0
mesd_31,2000,Q1,mes,wldd,mesd_31,oli_l,0,-1.090909091,na,na,na,na,na,na,na,na,na,na,na,na,na,na,na,na,na,na,na,na,na,na,na,na,na,na,na,na,na,na,na,na,na,na,na,na,na,na,na,na,na,na,63.75,,,,,,,,8.75,,,,,,,,2.5,,,0.575,,,,,,,,,,,,,,,0,0,0,0,0,0,0.575,0,0,75,0,0,0,0
mesd_32,2000,Q1,mes,wldd,mesd_32,oli_l,0,-1.090909091,0,5.8,,,17,,,,,,,5,,,,0.3,,,,,,,0.5,,,,,,,,,,,,,,,,2,,,,17.25,,,,,,,,75.75,,,,,,,,,,,,,,,,,,,,,0.05,,,,,0.5,5.3,0,0,17,2,0.05,0,0,93,0,17,2,0
mesd_33,2000,Q1,mes,wldd,mesd_33,oli_l,0,-1.090909091,na,na,na,na,na,na,na,na,na,na,na,na,na,na,na,na,na,na,na,na,na,na,na,na,na,na,na,na,na,na,na,na,na,na,na,na,na,na,na,na,na,na,42.5,,,,,,,,9,,,,,,1.25,,,,,0.05,,,,,,,,,,,,,0.025,,0,0,0,0,0,0,0.075,0,1.25,51.5,0,0,0,0
mesd_34,2000,Q1,mes,wldd,mesd_34,oli_l,0,-1.090909091,0,8,,,12,,,,,,,7,0.5,,,,,,,,,,0.5,,,,,,,0.7,,,,,,,,,15,,,,14,,,,,3.5,,,,,,,,,,,,,,72.5,,,,,,,,,,,,,,,0.5,7.5,0,0,12,15.7,72.5,0,0,17.5,0,12,15,0.7
mesd_35,2000,Q1,mes,wldd,mesd_35,mes_ho,0,-1.090909091,na,na,na,na,na,na,na,na,na,na,na,na,na,na,na,na,na,na,na,na,na,na,na,na,na,na,na,na,na,na,na,na,na,na,na,na,na,na,na,na,na,na,0.5,,,,,,,,,,,,,,,,,,,,,,,,,,,,,,,,,,0,0,0,0,0,0,0,0,0,0.5,0,0,0,0
mesd_36,2000,Q2,mes,wldd,mesd_36,mes_l,0,-1.090909091,0,6.3,,1,0.5,,,,,,,2,,,,,3,,,,,,0.3,,,,,,,0.3,,,,,,,,,,,,,36.25,,,,,,,0.25,,,,,,,,,23.75,,,,,,,,,,,,,,,,,,0.3,5,0,0,0.5,1.3,0,0,0.25,60,0,0.5,1,0.3
mesd_37,2000,Q2,mes,wldd,mesd_37,min_hl,0,-1.090909091,na,na,na,na,na,na,na,na,na,na,na,na,na,na,na,na,na,na,na,na,na,na,na,na,na,na,na,na,na,na,na,na,na,na,na,na,na,na,na,na,na,na,97,,,,,,,,,,,,,,,,,,,0.375,,,,,,,,,,,,,,,0,0,0,0,0,0,0.375,0,0,97,0,0,0,0
mesd_38,2000,Q2,mes,wldd,mesd_38,mes_l,0,-1.090909091,0,8.6,,,1,,0.5,,0.1,,,7,,,,,,,,,,,,,,,,,,,1,,,,,,,,1,,,,83.25,,,,,,,,,,,,,,,,0.125,,,,,,,,,,,,,,,,,,0,7.1,1,0.5,1,1,0,0,0,83.375,0,1,1,0
mesd_39,2000,Q2,mes,wldd,mesd_39,min_hl,0,-1.090909091,na,na,na,na,na,na,na,na,na,na,na,na,na,na,na,na,na,na,na,na,na,na,na,na,na,na,na,na,na,na,na,na,na,na,na,na,na,na,na,na,na,na,80,,,,,,,,,,,,,,,,,,,,,,0.025,,,,,,,,,,,,0,0,0,0,0,0,0,0.025,0,80,0,0,0,0
mesd_40,2000,Q2,mes,wldd,mesd_40,min_hl,0,-1.090909091,1,13,,,5,,,,,,,10,,,,,3,,,,,,,,,,,,,,,,1,,,,,,2,,,,78.75,,,,,,,,,,,,,,,,,,,0.5,,,,,,,,,,,,,,,0,13,0,0,6,2,0.5,0,0,78.75,0,6,2,0
ombc_01,2000,T1,omb,ctr,ombc_1,omb_hu,0,1.285714286,na,na,na,na,na,na,na,na,na,na,na,na,na,na,na,na,na,na,na,na,na,na,na,na,na,na,na,na,na,na,na,na,na,na,na,na,na,na,na,na,na,na,6.25,42.5,,,51.25,,,,,,,,,,,,,,,,,,,,,,,,,,,,12.5,,0,0,0,0,0,0,12.5,0,0,48.75,51.25,0,0,0
ombc_02,2000,T1,omb,ctr,ombc_2,omb_hu,0,1.285714286,0,25,,,,,,,,,,,,,,,,,,,,,25,,,,,,na,,,,,,,,,,2,,,,2.75,51.25,,,16.25,,,,,,,,,,,,,,,0.15,,,,4.5,,,,,,,,,0.75,,25,0,0,0,0,2,5.4,0,0,54,16.25,0,2,0
ombc_03,2000,T1,omb,ctr,ombc_3,omb_hu,0,1.285714286,na,na,na,na,na,na,na,na,na,na,na,na,na,na,na,na,na,na,na,na,na,na,na,na,na,na,na,na,na,na,na,na,na,na,na,na,na,na,na,na,na,na,,46.25,,,23.75,,,,,,,,,,,,,,,,,,,,,,,,,,,,16.75,,0,0,0,0,0,0,16.75,0,0,46.25,23.75,0,0,0
ombc_04,2000,T1,omb,ctr,ombc_4,omb_hu,0,1.285714286,0,32.1,,0.1,,,,,,,,,,,,,,,,,20,,2,,,,,,,,,5,,,,,,,4.1,5,,,11.25,24.5,,,46.75,,,,,,,,,,,,,,,,,,,,,,,,,,,,5.5,,2,0,5,0,5,24.2,5.5,0,0,35.75,46.75,5,24.2,0
ombc_05,2000,T1,omb,ctr,ombc_5,omb_hu,0,1.285714286,na,na,na,na,na,na,na,na,na,na,na,na,na,na,na,na,na,na,na,na,na,na,na,na,na,na,na,na,na,na,na,na,na,na,na,na,na,na,na,na,na,na,,2.775,,,95,,,,,,,,,,,,,,,,,,,,,,,,,,,,7.25,,0,0,0,0,0,0,7.25,0,0,2.775,95,0,0,0
ombc_06,2000,T2,omb,ctr,ombc_6,min_hl,0,1.285714286,0,59,,12,,,,,,,,,,,,,,,,,20,,12,,,,,,,,,5,,,,,,,5,10,,,66.25,,,,22.5,,,,,,,,,,,,,,,1.25,,,,,,,,,,,,,6.75,,12,0,5,0,10,37,8,0,0,66.25,22.5,10,37,0
ombc_07,2000,T2,omb,ctr,ombc_7,min_hl,0,1.285714286,na,na,na,na,na,na,na,na,na,na,na,na,na,na,na,na,na,na,na,na,na,na,na,na,na,na,na,na,na,na,na,na,na,na,na,na,na,na,na,na,na,na,94.25,,,,2.5,,,,,,,,,,,,,,,,,,,,,,,,,,,,3.25,,0,0,0,0,0,0,3.25,0,0,94.25,2.5,0,0,0
ombc_08,2000,T2,omb,ctr,ombc_8,omb_hu,0,1.285714286,0,65.1,,15,,,,,,,,,,,,,,,,,25,,0.1,,,,,,,,,10,,,,,,,0.2,15,,,,16.25,,,82.25,,,,,,,,,,,,,,,,,,,,,,,,,,,,12,,0.1,0,10,0,15,40.2,12,0,0,16.25,82.25,15,40.2,0
ombc_09,2000,T2,omb,ctr,ombc_9,omb_ll,0,1.285714286,na,na,na,na,na,na,na,na,na,na,na,na,na,na,na,na,na,na,na,na,na,na,na,na,na,na,na,na,na,na,na,na,na,na,na,na,na,na,na,na,na,na,,48.75,,,15.75,35,,,,,,,,,,,,,,0.025,,,,,,,,,,,,,,,0,0,0,0,0,0,0.025,0,0,83.75,15.75,0,0,0
ombc_10,2000,T2,omb,ctr,ombc_10,omb_ll,0,1.285714286,0,30.5,,3,,,,,,,,,,,,,,,,,15,,0.5,,,,,,,,,10,,,,,,,,2,,,,55.75,,,30,27.5,,,,,1.275,,,,,,,,,,,,,,,,,,,,,,0.025,,0.5,0,10,0,2,18,0.025,0,0,83.25,31.275,2,18,0
ombc_11,2000,T3,omb,ctr,ombc_11,omb_ho,0,1.285714286,na,na,na,na,na,na,na,na,na,na,na,na,na,na,na,na,na,na,na,na,na,na,na,na,na,na,na,na,na,na,na,na,na,na,na,na,na,na,na,na,na,na,,37.5,,56.25,,,,,,,,,,,,,,,,,,,,,,,,,,,,,,,0,0,0,0,0,0,0,0,56.25,37.5,0,0,0,0
ombc_12,2000,T3,omb,ctr,ombc_12,omb_ho,0,1.285714286,0,42,,10,,,,,,,,,,,,,,,,,7,,20,,,,,,,,,3,,,,,,,2,2,,,,,,93.5,,,,,,,,,,,,,,,,,,,,,,,,,,,,,,,20,0,3,0,2,19,0,0,93.5,0,0,2,19,0
ombc_13,2000,T3,omb,ctr,ombc_13,omb_ho,0,1.285714286,na,na,na,na,na,na,na,na,na,na,na,na,na,na,na,na,na,na,na,na,na,na,na,na,na,na,na,na,na,na,na,na,na,na,na,na,na,na,na,na,na,na,,6.25,,60,,20.5,,,,,,,,,,,,,,,,,,,,,,,,,,,,,0,0,0,0,0,0,0,0,60,26.75,0,0,0,0
ombc_14,2000,T3,omb,ctr,ombc_14,omb_ho,0,1.285714286,0,7,,,,,,,,,,,,,,,,,,,,,,,,,,,,,,,,7,,,,,,,,,,11,,76.25,,1.25,,,,,,,,,,,,,,,,,,,,,,,,,,,,,0,0,7,0,0,0,0,0,76.25,12.25,0,0,0,0
ombc_15,2000,T3,omb,ctr,ombc_15,omb_ho,0,1.285714286,na,na,na,na,na,na,na,na,na,na,na,na,na,na,na,na,na,na,na,na,na,na,na,na,na,na,na,na,na,na,na,na,na,na,na,na,na,na,na,na,na,na,,1.625,,95,,,,,,,,,,,,,,,,,,,,,,,,,,,,,,,0,0,0,0,0,0,0,0,95,1.625,0,0,0,0
ombc_16,2000,T4,omb,ctr,ombc_16,omb_ho,0,1.285714286,0,7,,5,,,,,,,,,,,,,,,,,,,,,,,,,,,,,,2,,,,,0.5,,,,,10.5,,73.75,,,,,,,,,,,,,,,,,,,,,,,,,,,,,,,0,0,2,0,0,5.5,0,0,73.75,10.5,0,0,5.5,0
ombc_17,2000,T4,omb,ctr,ombc_17,omb_hl,0,1.285714286,na,na,na,na,na,na,na,na,na,na,na,na,na,na,na,na,na,na,na,na,na,na,na,na,na,na,na,na,na,na,na,na,na,na,na,na,na,na,na,na,na,na,,66.25,,,6,2.25,,,,,10.5,,,,,,,,,,,,,,,,,,,,,,,,0,0,0,0,0,0,0,0,0,68.5,16.5,0,0,0
ombc_18,2000,T4,omb,ctr,ombc_18,omb_hu,0,1.285714286,0,7,,2,,,,,,,,,,,,,,,,,,,5,,,,,,,,,,,,,,,,0.5,,,,,43.75,,,46.25,,,,,,,,,,,,,,,,,,,,,,,,0.8,,,,4.1,,5,0,0,0,0,2.5,4.1,0.8,0,43.75,46.25,0,2.5,0
ombc_19,2000,T4,omb,ctr,ombc_19,omb_hu,0,1.285714286,na,na,na,na,na,na,na,na,na,na,na,na,na,na,na,na,na,na,na,na,na,na,na,na,na,na,na,na,na,na,na,na,na,na,na,na,na,na,na,na,na,na,,19.875,,,68,,,,,,,,,,,,,,,,,,,,,,,,,,,,,,0,0,0,0,0,0,0,0,0,19.875,68,0,0,0
ombc_20,2000,T4,omb,ctr,ombc_20,omb_hu,0,1.285714286,0,35,,3,,,,,,,,,,,,,,,0.1,,10,,15,,,,,,,,,,,,,,,,2.5,7,,,,,,,98.5,,,,,,,,,,,,,,,,,,,,,,,,,,,,,,15,0,0.1,0,7,15.5,0,0,0,0,98.5,7,15.5,0
ombc_21,2000,U1,omb,ctr,ombc_21,omb_hu,0,1.285714286,na,na,na,na,na,na,na,na,na,na,na,na,na,na,na,na,na,na,na,na,na,na,na,na,na,na,na,na,na,na,na,na,na,na,na,na,na,na,na,na,na,na,,0.725,,,98,,,,,,,,,,,,,,,,,,,,,,,,,,,,,,0,0,0,0,0,0,0,0,0,0.725,98,0,0,0
ombc_22,2000,U1,omb,ctr,ombc_22,omb_hu,0,1.285714286,0,13,,2,,,,,,,,,,,,,,,,,3,,3,,,,,,,,,5,,,,,,,0.2,,,,,0.075,,,99.25,,,,,,,,,,,,,,,,,,,,,,,,,,,,,,3,0,5,0,0,5.2,0,0,0,0.075,99.25,0,5.2,0
ombc_23,2000,U1,omb,ctr,ombc_23,omb_hl,0,1.285714286,na,na,na,na,na,na,na,na,na,na,na,na,na,na,na,na,na,na,na,na,na,na,na,na,na,na,na,na,na,na,na,na,na,na,na,na,na,na,na,na,na,na,,10.75,,,26.75,,,,,,61.25,,,,,,,,,,,,,,,,,,0.05,,,,,,0,0,0,0,0,0,0,0.05,0,10.75,88,0,0,0
ombc_24,2000,U1,omb,ctr,ombc_24,omb_hl,0,1.285714286,0,27,,10,,,,,,,,,,,,,,,,,8,,7,,,,,,,,,2,,,,,,,3,,,,,22.5,,0.75,67.25,2.925,,,,,1.375,,,,,,,,,,,,,,,,,,,,,,,,7,0,2,0,0,21,0,0,0.75,25.425,68.625,0,21,0
ombc_25,2000,U1,omb,ctr,ombc_25,omb_ho,0,1.285714286,na,na,na,na,na,na,na,na,na,na,na,na,na,na,na,na,na,na,na,na,na,na,na,na,na,na,na,na,na,na,na,na,na,na,na,na,na,na,na,na,na,na,,38.75,,42.5,,1,,,,,2.625,,,,,,,,,,,,,,,,,,,,,,,,0,0,0,0,0,0,0,0,42.5,39.75,2.625,0,0,0
ombc_26,2000,U2,omb,ctr,ombc_26,omb_ho,0,1.285714286,0,17.5,,5,,,,,,,,,,,,,,,,,,,7,,,,,,,,,5,,0.5,,,,,0.1,,,,,41.25,,20.25,,0.125,,,,,,,,,,,,,,,,,,,,,,,,,,,,,7,0,5.5,0,0,5.1,0,0,20.25,41.375,0,0,5.1,0
ombc_27,2000,U2,omb,ctr,ombc_27,omb_hu,0,1.285714286,na,na,na,na,na,na,na,na,na,na,na,na,na,na,na,na,na,na,na,na,na,na,na,na,na,na,na,na,na,na,na,na,na,na,na,na,na,na,na,na,na,na,,40,,,60,,,,,,,,,,,,,,,,,,,,,,,,0.025,,,,,,0,0,0,0,0,0,0,0.025,0,40,60,0,0,0
ombc_28,2000,U2,omb,ctr,ombc_28,omb_hl,0,1.285714286,0,8,,3,,,,,,,,,,,,,,,1,,,,5,,,,,,,,,,,,,,,,0.5,,,,,36,,,63.5,,,,,,0.25,,,,,,,,,,,,,,,,,,,,,,,,5,0,1,0,0,3.5,0,0,0,36,63.75,0,3.5,0
ombc_29,2000,U2,omb,ctr,ombc_29,omb_hu,0,1.285714286,na,na,na,na,na,na,na,na,na,na,na,na,na,na,na,na,na,na,na,na,na,na,na,na,na,na,na,na,na,na,na,na,na,na,na,na,na,na,na,na,na,na,,1,,,98.75,,,,,,,,,,,,,,,,,,,,,,,,,,,,,,0,0,0,0,0,0,0,0,0,1,98.75,0,0,0
ombc_30,2000,U2,omb,ctr,ombc_30,omb_ll,0,1.285714286,0,36,,12,,,,,,,,,,,,,,,,,1,,3,,,,,,,,,20,,,,,,,3.1,,,,,65,,,,,,,,,,,,,,,,,,,,,,,,0.25,,,,,,,,,3,0,20,0,0,16.1,0,0.25,0,65,0,0,16.1,0
ombc_31,2000,U3,omb,ctr,ombc_31,omb_ll,0,1.285714286,na,na,na,na,na,na,na,na,na,na,na,na,na,na,na,na,na,na,na,na,na,na,na,na,na,na,na,na,na,na,na,na,na,na,na,na,na,na,na,na,na,na,,89.25,,,,3.25,,,,,1.75,,,,,,,,,,,,,,,,,,,,,,,,0,0,0,0,0,0,0,0,0,92.5,1.75,0,0,0
ombc_32,2000,U3,omb,ctr,ombc_32,omb_ho,0,1.285714286,0,15,,4,,,,,,,,,,,,,,,,,,,10,,,,,,,,,,,1,,,,,0.5,,,,,99,,0.5,,,,,,,,,,,,,,,,,,,,,,,,,,,,,,,10,0,1,0,0,4.5,0,0,0.5,99,0,0,4.5,0
ombc_33,2000,U3,omb,ctr,ombc_33,omb_ll,0,1.285714286,na,na,na,na,na,na,na,na,na,na,na,na,na,na,na,na,na,na,na,na,na,na,na,na,na,na,na,na,na,na,na,na,na,na,na,na,na,na,na,na,na,na,,65.5,,,,24,,,,,6.75,,,,,,,,,,,,,,,0.15,,,,,,,,,0,0,0,0,0,0,0,0.15,0,89.5,6.75,0,0,0
ombc_34,2000,U3,omb,ctr,ombc_34,omb_hu,0,1.285714286,0,10,,,,,,,,,,,,,,,,,,,,,10,,,,,,,,,,,,,,,,,,,,,0.45,,,98.75,,,,,,,,,,,,,,,,,,,,,,,,,,,,,,10,0,0,0,0,0,0,0,0,0.45,98.75,0,0,0
ombc_35,2000,U3,omb,ctr,ombc_35,omb_hl,0,1.285714286,na,na,na,na,na,na,na,na,na,na,na,na,na,na,na,na,na,na,na,na,na,na,na,na,na,na,na,na,na,na,na,na,na,na,na,na,na,na,na,na,na,na,,4.5,,,60,,,,,,30,,,,,,,,,,,,,,,,,,,,,,,,0,0,0,0,0,0,0,0,0,4.5,90,0,0,0
ombc_36,2000,U4,omb,ctr,ombc_36,omb_hu,0,1.285714286,0,36,,10,,,,,,,,,,,,,,,,,,,3,,,,,,,,,8,,,,,,,0.5,15,,,,1.325,,,95,,,,,,0.025,,,,,,,,,,,,,,,,,,1.025,0.375,,,,,3,0,8,0,15,10.5,0.375,1.025,0,1.325,95.025,15,10.5,0
ombc_37,2000,U4,omb,ctr,ombc_37,omb_hu,0,1.285714286,na,na,na,na,na,na,na,na,na,na,na,na,na,na,na,na,na,na,na,na,na,na,na,na,na,na,na,na,na,na,na,na,na,na,na,na,na,na,na,na,na,na,,33.5,,,64,,,,,,,,,,,,,,,,,,,,,,,,,0.025,,,,,0,0,0,0,0,0,0.025,0,0,33.5,64,0,0,0
ombc_38,2000,U4,omb,ctr,ombc_38,omb_hu,0,1.285714286,0,72,,5,,,,,,,,,,,,,,,,,25,,15,,,,,,,,,15,,,,,,,17,12,,,,48.25,,,35.5,,,,,,,,,,,,,,,,,,,,,,,,,,,,,,15,0,15,0,12,47,0,0,0,48.25,35.5,12,47,0
ombc_39,2000,U4,omb,ctr,ombc_39,omb_hu,0,1.285714286,na,na,na,na,na,na,na,na,na,na,na,na,na,na,na,na,na,na,na,na,na,na,na,na,na,na,na,na,na,na,na,na,na,na,na,na,na,na,na,na,na,na,,10.75,,,85,,,,,,,,,,,,,,,,,,,,,,,,,,,,,,0,0,0,0,0,0,0,0,0,10.75,85,0,0,0
ombc_40,2000,U4,omb,ctr,ombc_40,omb_hu,0,1.285714286,0,64.5,,3,,,,,,,,,,,,,,,,,20,,1.5,,,,,,,,,20,,,,,,,10,20,na,,,7.25,,,90.5,,,,,,,,,,,,,,,,,,,,,,,,,,,,,,1.5,0,20,0,20,33,0,0,0,7.25,90.5,20,33,0
ombf_01,2000,Z1,omb,fst,ombf_1,,39,-12.5,na,na,na,na,na,na,na,na,na,na,na,na,na,na,na,na,na,na,na,na,na,na,na,na,na,na,na,na,na,na,na,na,na,na,na,na,na,na,na,na,na,na,,,,,,,,,,,,,,,,,,,,,,,,0.75,2.075,,,,,46.25,,,,,0,0,0,0,0,0,49.075,0,0,0,0,0,0,0
ombf_02,2000,Z1,omb,fst,ombf_2,,39,-12.5,0,9.5,,1.5,,,,,,,,,,,,,,,,,2,,1,,,,,,,,,5,,,,,,,1,,,,56.25,,,,,,,,,,,,,,,,,,,,,,,,,,,,,0.2,,,2.375,,1,0,5,0,0,4.5,2.575,0,0,56.25,0,0,4.5,0
ombf_03,2000,Z1,omb,fst,ombf_3,,39,-12.5,na,na,na,na,na,na,na,na,na,na,na,na,na,na,na,na,na,na,na,na,na,na,na,na,na,na,na,na,na,na,na,na,na,na,na,na,na,na,na,na,na,na,1.75,,,,,,,,,,,,,,,,,,,,,,,,,,,,,17.5,,,,,0,0,0,0,0,0,17.5,0,0,1.75,0,0,0,0
ombf_04,2000,Z1,omb,fst,ombf_4,,39,-12.5,0,24,,,,,,,,,,,,,,,,,,,7,,2,,,,,,,,,,,,,,,,0.7,15,,,,,,,,,,,,,,,,,,,,,,,,,,,,,,,,78.75,,,,,2,0,0,0,15,7.7,78.75,0,0,0,0,15,7.7,0
ombf_05,2000,Z1,omb,fst,ombf_5,,39,-12.5,na,na,na,na,na,na,na,na,na,na,na,na,na,na,na,na,na,na,na,na,na,na,na,na,na,na,na,na,na,na,na,na,na,na,na,na,na,na,na,na,na,na,,,,,,,,,,,,,,,,,,,,,,,,8.75,7.5,,,,,83,,,,,0,0,0,0,0,0,99.25,0,0,0,0,0,0,0
ombf_06,2000,Z2,omb,fst,ombf_6,,39,-12.5,0,43.3,,5,,,,,,,,,,,,,,,,,15,,0.3,,,,,,,,,3,,,,,,,,20,,,,0.25,,,96.25,,,,,,,,,,,,,,,,,,,,,,,,,,,,,,0.3,0,3,0,20,20,0,0,0,0.25,96.25,20,20,0
ombf_07,2000,Z2,omb,fst,ombf_7,,39,-12.5,na,na,na,na,na,na,na,na,na,na,na,na,na,na,na,na,na,na,na,na,na,na,na,na,na,na,na,na,na,na,na,na,na,na,na,na,na,na,na,na,na,na,34.25,,,,,,,,,,,,,,,,,,,,,,,,,,,,,51.25,,,,,0,0,0,0,0,0,51.25,0,0,34.25,0,0,0,0
ombf_08,2000,Z2,omb,fst,ombf_8,,39,-12.5,0,57.3,,,,,,,,,,,,,,,,,,,25,,0.3,,,,,,,0.5,,12,,,,,,,1.5,20,,,,,,,,,,,,,,,,,,,,,,,,,,,6.25,,,,,71.25,,,,,0.3,0,12,0,20,27,77.5,0,0,0,0,20,26.5,0.5
ombf_09,2000,Z2,omb,fst,ombf_9,,39,-12.5,na,na,na,na,na,na,na,na,na,na,na,na,na,na,na,na,na,na,na,na,na,na,na,na,na,na,na,na,na,na,na,na,na,na,na,na,na,na,na,na,na,na,0.125,,,,,,,,,,,,,,,,,,,,,,,0.125,9.25,,,,,61.25,,,,,0,0,0,0,0,0,70.625,0,0,0.125,0,0,0,0
ombf_10,2000,Z2,omb,fst,ombf_10,,39,-12.5,0,13,,,,,,,,,,,,,,,,,,,3,,7,,,,,,,,,,,,,,,,,3,,,23.75,,,,,,,,,,,,,,,,,,,,,,,7.75,3,,,,,45,,,0.025,,7,0,0,0,3,3,55.775,0,0,23.75,0,3,3,0
ombf_11,2000,AA1,omb,fst,ombf_11,,39,-12.5,na,na,na,na,na,na,na,na,na,na,na,na,na,na,na,na,na,na,na,na,na,na,na,na,na,na,na,na,na,na,na,na,na,na,na,na,na,na,na,na,na,na,,,,,,,,,,,,,,,,,,,,,,,,,,,,,,91.5,,,,,0,0,0,0,0,0,91.5,0,0,0,0,0,0,0
ombf_12,2000,AA1,omb,fst,ombf_12,,39,-12.5,0,7,,,,,,,,,,,,,,,,,,,,,3,,,,,,,,,2,,,,,,,3,2,,,6.75,,,,23.75,65,,,,,0.75,,,,,,,,,,,,,,,,,,,,,,,,3,0,2,0,2,3,0,0,0,71.75,24.5,2,3,0
ombf_13,2000,AA1,omb,fst,ombf_13,,39,-12.5,na,na,na,na,na,na,na,na,na,na,na,na,na,na,na,na,na,na,na,na,na,na,na,na,na,na,na,na,na,na,na,na,na,na,na,na,na,na,na,na,na,na,76.25,,,,,,,,,,,,,,,,,,,,,,,,4.5,,,,,1.75,,,,,0,0,0,0,0,0,6.25,0,0,76.25,0,0,0,0
ombf_14,2000,AA1,omb,fst,ombf_14,,39,-12.5,0,27,,,,,,,,,,,,,,,,,,,,,20,,,,,,,0.1,,,,,,,,,,7,,,25,0.125,,,34.125,,,,,,0.025,,,,,,,,,,,,,0.025,,,,,,41.5,,,,,20,0,0,0,7,0.1,41.525,0,0,25.125,34.15,7,0,0.1
ombf_15,2000,AA1,omb,fst,ombf_15,,39,-12.5,na,na,na,na,na,na,na,na,na,na,na,na,na,na,na,na,na,na,na,na,na,na,na,na,na,na,na,na,na,na,na,na,na,na,na,na,na,na,na,na,na,na,,,,,,,,,,,,,,,,,,,,0.025,,,,,,,,,,90.5,,,,,0,0,0,0,0,0,90.525,0,0,0,0,0,0,0
ombf_16,2000,AA2,omb,fst,ombf_16,,39,-12.5,0,11,,,,,,,,,,,,,,,,,,,,,10,,,,,,,0.1,,,,,,,,,2.5,1,,,22.25,,,,57.5,,,,,,0.5,,,,,,,,,5.35,,,,,0.575,,,,,1.375,0.025,,,,10,0,0,0,1,2.6,7.325,0,0,22.25,58,1,2.5,0.1
ombf_17,2000,AA2,omb,fst,ombf_17,,39,-12.5,na,na,na,na,na,na,na,na,na,na,na,na,na,na,na,na,na,na,na,na,na,na,na,na,na,na,na,na,na,na,na,na,na,na,na,na,na,na,na,na,na,na,15,,,,8.25,,,,,,,,,,,,,,,57.5,,,,,,,,,,0.075,,,,,0,0,0,0,0,0,57.575,0,0,15,8.25,0,0,0
ombf_18,2000,AA2,omb,fst,ombf_18,,39,-12.5,0,20.1,,1,,,,,,,,,,,,,,,,,0.1,,15,,,,,,,,,2,,,,,,,0.8,2,,,0.025,,,,,,,,,,,,,,,,,,,17.5,,,,,1,,,,,31.25,,,20,,15,0,2,0,2,1.9,69.75,0,0,0.025,0,2,1.9,0
ombf_19,2000,AA2,omb,fst,ombf_19,,39,-12.5,na,na,na,na,na,na,na,na,na,na,na,na,na,na,na,na,na,na,na,na,na,na,na,na,na,na,na,na,na,na,na,na,na,na,na,na,na,na,na,na,na,na,0.125,,,,,,,,,,,,,,,,,,,0.025,,,,,27.5,,,,,53.75,,,,,0,0,0,0,0,0,81.275,0,0,0.125,0,0,0,0
ombf_20,2000,AA2,omb,fst,ombf_20,,39,-12.5,0,30,,,1,,,,,,,,,,,,,,,,10,,15,,,,,,,,,,,,,,,,5,5,,,0.025,,,,,,,,,,,,,,,,,,,,,,,,0.125,,,,,88.75,,,4.5,,15,0,0,0,6,15,93.375,0,0,0.025,0,6,15,0
ombd_01,2000,V1,omb,wldd,ombd_1,omb_hl,0,-4.955555556,na,na,na,na,na,na,na,na,na,na,na,na,na,na,na,na,na,na,na,na,na,na,na,na,na,na,na,na,na,na,na,na,na,na,na,na,na,na,na,na,na,na,,45,,,42.5,1.25,,,,,,,,,,,,,,,,,,,,,,,,,,,,,0,0,0,0,0,0,0,0,0,46.25,42.5,0,0,0
ombd_02,2000,V1,omb,wldd,ombd_2,omb_hu,0,-4.955555556,0,39,,12,,,,,,,,,,,,0.5,,,0.5,,1,,0.5,,,,,,,,,25,,,,,,,1,,,,,11.5,,,83.75,,,,,,,,,,,,,,,,,,,,,,,,,,,,,,0.5,0.5,25.5,0,0,14,0,0,0,11.5,83.75,0,14,0
ombd_03,2000,V1,omb,wldd,ombd_3,omb_hl,0,-4.955555556,na,na,na,na,na,na,na,na,na,na,na,na,na,na,na,na,na,na,na,na,na,na,na,na,na,na,na,na,na,na,na,na,na,na,na,na,na,na,na,na,na,na,,60.5,,,25,3.25,,,,,9.325,,,,,,,,,,,,,,,,,,,,,,,,0,0,0,0,0,0,0,0,0,63.75,34.325,0,0,0
ombd_04,2000,V1,omb,wldd,ombd_4,omb_hl,0,-4.955555556,0,36,,15,,,,,,,,,,,,,,,,,4,,2,,,,,,,,,15,,,,,,,3.2,,,,,2.5,,,75,,,,,,2.025,,,,,,,,,,,,,,,0.15,,,,,,,,,2,0,15,0,0,22.2,0,0.15,0,2.5,77.025,0,22.2,0
ombd_05,2000,V1,omb,wldd,ombd_5,omb_hu,0,-4.955555556,na,na,na,na,na,na,na,na,na,na,na,na,na,na,na,na,na,na,na,na,na,na,na,na,na,na,na,na,na,na,na,na,na,na,na,na,na,na,na,na,na,na,,2.75,,,82,,,,,,,,,,,,,,,,,,,,,,,,,,,,,,0,0,0,0,0,0,0,0,0,2.75,82,0,0,0
ombd_06,2000,V2,omb,wldd,ombd_6,omb_hl,0,-4.955555556,0,12.2,,4,,,,,,,,,0.5,,,,,,,,,,0.2,,,,,,,,,0.5,,7,,,,,2,,,,,,,,9.75,0.25,,,,,85,,,,,,,,,,,,,,,,,,,,,,,,0.2,0.5,7.5,0,0,6,0,0,0,0.25,94.75,0,6,0
ombd_07,2000,V2,omb,wldd,ombd_7,omb_hl,0,-4.955555556,na,na,na,na,na,na,na,na,na,na,na,na,na,na,na,na,na,na,na,na,na,na,na,na,na,na,na,na,na,na,na,na,na,na,na,na,na,na,na,na,na,na,,44.25,,,24.25,1.05,,,,,18.75,,,,,,,,,,,,,,,,,,,,,,,,0,0,0,0,0,0,0,0,0,45.3,43,0,0,0
ombd_08,2000,V2,omb,wldd,ombd_8,omb_hu,0,-4.955555556,0,6.6,,4,,,,,,,,,,,,,,,0.1,,0.5,,1,,,,,,,0.1,,1,,0.1,,,,,1,,,,,1.775,,,96.25,1.625,,,,,,,,,,,,,,,,,,,,,,,,,,,2.125,,1,0,1.2,0,0,5.6,2.125,0,0,3.4,96.25,0,5.5,0.1
ombd_09,2000,V2,omb,wldd,ombd_9,omb_hu,0,-4.955555556,na,na,na,na,na,na,na,na,na,na,na,na,na,na,na,na,na,na,na,na,na,na,na,na,na,na,na,na,na,na,na,na,na,na,na,na,na,na,na,na,na,na,,2.5,,,92.75,0.025,,,,,1.275,,,,,,,,,,,,,,,,,,,,,,1.425,,0,0,0,0,0,0,1.425,0,0,2.525,94.025,0,0,0
ombd_10,2000,V2,omb,wldd,ombd_10,omb_ll,0,-4.955555556,0,30.6,,17,,,,,,,,,,,,1.5,,,,,,,0.1,,,,,,,,,10,,,,,,,1,2,,,,42.5,,,31.75,15,,,,,,,,,,,,,,,,,,,,,,,,,,,,,0.1,1.5,10,0,2,18,0,0,0,57.5,31.75,2,18,0
ombd_11,2000,W1,omb,wldd,ombd_11,omb_hu,0,-4.955555556,na,na,na,na,na,na,na,na,na,na,na,na,na,na,na,na,na,na,na,na,na,na,na,na,na,na,na,na,na,na,na,na,na,na,na,na,na,na,na,na,na,na,,2.05,,,97,,,,,,,,,,,,,,,,,,,,,,,,,,,,,,0,0,0,0,0,0,0,0,0,2.05,97,0,0,0
ombd_12,2000,W1,omb,wldd,ombd_12,omb_hu,0,-4.955555556,0,21.5,,5,,,,,,,,,,,,,,,,,3,,5,,,,,,,,,5,,0.5,,,,,,3,,,,6.7,,,93,,,,,,,,,,,,,,,,,,,,,,,,,,,,0.025,,5,0,5.5,0,3,8,0.025,0,0,6.7,93,3,8,0
ombd_13,2000,W1,omb,wldd,ombd_13,omb_hu,0,-4.955555556,na,na,na,na,na,na,na,na,na,na,na,na,na,na,na,na,na,na,na,na,na,na,na,na,na,na,na,na,na,na,na,na,na,na,na,na,na,na,na,na,na,na,,2.25,,,92.75,,,,,,3.75,,,,,,,,,,,,,,,,,,0.9,,,,,,0,0,0,0,0,0,0,0.9,0,2.25,96.5,0,0,0
ombd_14,2000,W1,omb,wldd,ombd_14,omb_ll,0,-4.955555556,0,33.5,,15,,,,,,,,,,,,0.2,,,,,12,,2,,,,,,,,,4,,0.3,,,,,2.5,,,,,94.25,,,,,,,,,0.075,,,,,,,,,,,,,,,0.05,,,,,,,,,2,0.2,4.3,0,0,29.5,0,0.05,0,94.25,0.075,0,29.5,0
ombd_15,2000,W1,omb,wldd,ombd_15,omb_ll,0,-4.955555556,na,na,na,na,na,na,na,na,na,na,na,na,na,na,na,na,na,na,na,na,na,na,na,na,na,na,na,na,na,na,na,na,na,na,na,na,na,na,na,na,na,na,,73.75,,,,,,,,,0.025,,,,,,,,,,,,,,,3.8,,,,,,,,,0,0,0,0,0,0,0,3.8,0,73.75,0.025,0,0,0
ombd_16,2000,W2,omb,wldd,ombd_16,omb_hu,0,-4.955555556,0,18,,12,,,,,,,,,,,,,,,,,,,3,,,,,,,,,,,3,,,,,1,,,,,42,,,52.5,,,,,,,,,,,,,,,,,,,,,,,,,,,,,,3,0,3,0,0,13,0,0,0,42,52.5,0,13,0
ombd_17,2000,W2,omb,wldd,ombd_17,omb_ll,0,-4.955555556,na,na,na,na,na,na,na,na,na,na,na,na,na,na,na,na,na,na,na,na,na,na,na,na,na,na,na,na,na,na,na,na,na,na,na,na,na,na,na,na,na,na,,90,,,,,,,,,3.425,,,,,,,,,,,,,,,0.025,,,0.075,,,,,,0,0,0,0,0,0,0,0.1,0,90,3.425,0,0,0
ombd_18,2000,W2,omb,wldd,ombd_18,omb_ho,0,-4.955555556,0,15,,10,,,,,,,,,,,,,,,1,,0.7,,4,,,,,,,,,,,0.3,,,,,2,,,,,96.25,,0.45,,0.5,,,,,0.25,,,,,,,,,,,,,,,,,,,,,,,,4,0,1.3,0,0,12.7,0,0,0.45,96.75,0.25,0,12.7,0
ombd_19,2000,W2,omb,wldd,ombd_19,omb_hl,0,-4.955555556,na,na,na,na,na,na,na,na,na,na,na,na,na,na,na,na,na,na,na,na,na,na,na,na,na,na,na,na,na,na,na,na,na,na,na,na,na,na,na,na,na,na,,30,,,51.25,2,,,,,12.25,,,,,,,,,,,,,,,,,,,,,,,,0,0,0,0,0,0,0,0,0,32,63.5,0,0,0
ombd_20,2000,W2,omb,wldd,ombd_20,omb_hl,0,-4.955555556,0,3.4,,3,,,,,,,,,,,,,,,,,,,0.1,,,,,,,,,0.3,,,,,,,0.3,,,,,11.625,,,27.5,1.375,,,,,55,,,,,,,,,,,,,,,,,,,,,,,,0.1,0,0.3,0,0,3.3,0,0,0,13,82.5,0,3.3,0
ombd_21,2000,X1,omb,wldd,ombd_21,omb_hu,0,-4.955555556,na,na,na,na,na,na,na,na,na,na,na,na,na,na,na,na,na,na,na,na,na,na,na,na,na,na,na,na,na,na,na,na,na,na,na,na,na,na,na,na,na,na,,35,,,64,,,,,,,,,,,,,,,,,,,,,,,,,,,,,,0,0,0,0,0,0,0,0,0,35,64,0,0,0
ombd_22,2000,X1,omb,wldd,ombd_22,omb_hu,0,-4.955555556,0,18.5,,5,,,,,,,,,,,,1,,,,,1.5,,1,,,,,,,,,4,,,,,,,0.6,6,,,,25.75,,,73.75,,,,,,,,,,,,,,,,,,,,,,,,,,,,2.325,,1,1,4,0,6,7.1,2.325,0,0,25.75,73.75,6,7.1,0
ombd_23,2000,X1,omb,wldd,ombd_23,omb_hl,0,-4.955555556,na,na,na,na,na,na,na,na,na,na,na,na,na,na,na,na,na,na,na,na,na,na,na,na,na,na,na,na,na,na,na,na,na,na,na,na,na,na,na,na,na,na,,32,,,64.5,0.125,,,,,0.65,,,,,,,,,,,,,,,,,,,,,,,,0,0,0,0,0,0,0,0,0,32.125,65.15,0,0,0
ombd_24,2000,X1,omb,wldd,ombd_24,omb_hl,0,-4.955555556,0,32.5,,20,,,,,,,,,,,,,,,,,10,,0.5,,,,,,,,,2,,,,,,,1.7,,,,,10.75,,,76.75,,,,,,10.5,,,,,,,,,,,,,,,,,,,,,,,,0.5,0,2,0,0,31.7,0,0,0,10.75,87.25,0,31.7,0
ombd_25,2000,X1,omb,wldd,ombd_25,omb_hu,0,-4.955555556,na,na,na,na,na,na,na,na,na,na,na,na,na,na,na,na,na,na,na,na,na,na,na,na,na,na,na,na,na,na,na,na,na,na,na,na,na,na,na,na,na,na,,3.425,,,94.5,,,,,,,,,,,,,,,,,,,0.025,,,,,0.075,,,,,,0,0,0,0,0,0,0.025,0.075,0,3.425,94.5,0,0,0
ombd_26,2000,X2,omb,wldd,ombd_26,omb_hl,0,-4.955555556,0,17,,10,,,,,,,,,,,,,,,,,1,,3,,,,,,,,,3,,,,,,,0.5,,,,,16.75,,,76.75,0.125,,,,,,,,,,,,,,,,,,,,,,,,,,,,,3,0,3,0,0,11.5,0,0,0,16.875,76.75,0,11.5,0
ombd_27,2000,X2,omb,wldd,ombd_27,omb_hl,0,-4.955555556,na,na,na,na,na,na,na,na,na,na,na,na,na,na,na,na,na,na,na,na,na,na,na,na,na,na,na,na,na,na,na,na,na,na,na,na,na,na,na,na,na,na,,43.75,,,6.375,,,,,,43.75,,,,,,,,,,,,,,,,,,0.25,,,,,,0,0,0,0,0,0,0,0.25,0,43.75,50.125,0,0,0
ombd_28,2000,X2,omb,wldd,ombd_28,omb_ll,0,-4.955555556,0,23,,12,,,,,,,,,,,,,,,,,5,,1.5,,,,,,,,,4,,,,,,,0.6,0.5,,,,72.5,,,,0.125,,,,,,,,,,,,,,,,,,,,0.025,,,,,,,,,1.5,0,4,0,0.5,17.6,0,0.025,0,72.625,0,0.5,17.6,0
ombd_29,2000,X2,omb,wldd,ombd_29,omb_ho,0,-4.955555556,na,na,na,na,na,na,na,na,na,na,na,na,na,na,na,na,na,na,na,na,na,na,na,na,na,na,na,na,na,na,na,na,na,na,na,na,na,na,na,na,na,na,,91.75,,0.575,,,,,,,0.175,,,,,,,,,,,,,,,,,,,,,,,,0,0,0,0,0,0,0,0,0.575,91.75,0.175,0,0,0
ombd_30,2000,X2,omb,wldd,ombd_30,omb_hl,0,-4.955555556,0,13,,3,,,,,,,,,,,,,,,,,,,5,,,,,,,,,,,5,,,,,2.1,,,,,28.75,,,50,0.25,,,,,,,,,,,,,,,,,,,,,,,,,,,,,5,0,5,0,0,5.1,0,0,0,29,50,0,5.1,0
ombd_31,2000,Y1,omb,wldd,ombd_31,omb_hl,0,-4.955555556,na,na,na,na,na,na,na,na,na,na,na,na,na,na,na,na,na,na,na,na,na,na,na,na,na,na,na,na,na,na,na,na,na,na,na,na,na,na,na,na,na,na,,15,,,13.75,0.5,,,,,70,,,,,,,,,,,,,,,,,,,,,,,,0,0,0,0,0,0,0,0,0,15.5,83.75,0,0,0
ombd_32,2000,Y1,omb,wldd,ombd_32,omb_hl,0,-4.955555556,0,2.3,,,,,,,,,,,0.3,,,,,,,,,,,,,,,,,,,,,2,,,,,,,,,,4.5,,,90.75,0.25,,,,,4,,,,,,,,,,,,,,,,,,,,,,,,0,0.3,2,0,0,0,0,0,0,4.75,94.75,0,0,0
ombd_33,2000,Y1,omb,wldd,ombd_33,omb_hl,0,-4.955555556,na,na,na,na,na,na,na,na,na,na,na,na,na,na,na,na,na,na,na,na,na,na,na,na,na,na,na,na,na,na,na,na,na,na,na,na,na,na,na,na,na,na,,56.25,,,1.25,3.075,,,,,31.25,,,,,,,,,,,,,,,0.5,,,,,,,,,0,0,0,0,0,0,0,0.5,0,59.325,32.5,0,0,0
ombd_34,2000,Y1,omb,wldd,ombd_34,omb_hl,0,-4.955555556,0,20.3,,5,,,,,,,,,,,,,,,0.1,,0.3,,5,,,,,,,,,10,,,,,,,0.5,,,,,56.25,,,,2.25,,,,,36.5,,,,,,,,,,,,,,,,,,,,,,,,5,0,10.1,0,0,5.8,0,0,0,58.5,36.5,0,5.8,0
ombd_35,2000,Y1,omb,wldd,ombd_35,omb_hl,0,-4.955555556,na,na,na,na,na,na,na,na,na,na,na,na,na,na,na,na,na,na,na,na,na,na,na,na,na,na,na,na,na,na,na,na,na,na,na,na,na,na,na,na,na,na,,24.25,,,16,4.375,,,,,54.25,,,,,,,,,,,,,,,,,,,,,,,,0,0,0,0,0,0,0,0,0,28.625,70.25,0,0,0
ombd_36,2000,Y2,omb,wldd,ombd_36,omb_hu,0,-4.955555556,0,14,,7,,,,,,,,,,,,,,,,,,,4,,,,,,,,,3,,,,,,,1.1,,,,,2.45,,,96.75,,,,,,0.375,,,,,,,,,,,,,,,,,,,,,,,,4,0,3,0,0,8.1,0,0,0,2.45,97.125,0,8.1,0
ombd_37,2000,Y2,omb,wldd,ombd_37,omb_hu,0,-4.955555556,na,na,na,na,na,na,na,na,na,na,na,na,na,na,na,na,na,na,na,na,na,na,na,na,na,na,na,na,na,na,na,na,na,na,na,na,na,na,na,na,na,na,,3.375,,,96,,,,,,,,,,,,,,,,,,,,,,,,0.125,,,,,,0,0,0,0,0,0,0,0.125,0,3.375,96,0,0,0
ombd_38,2000,Y2,omb,wldd,ombd_38,omb_hu,0,-4.955555556,0,52,,5,,,,,,,,,,,,,,,,,15,,10,,,,,,,,,7,,,,,,,3.5,15,,,,41.25,,,56.25,,,,,,,,,,,,,,,,,,,,,,,,,,,,,,10,0,7,0,15,23.5,0,0,0,41.25,56.25,15,23.5,0
ombd_39,2000,Y2,omb,wldd,ombd_39,omb_hu,0,-4.955555556,na,na,na,na,na,na,na,na,na,na,na,na,na,na,na,na,na,na,na,na,na,na,na,na,na,na,na,na,na,na,na,na,na,na,na,na,na,na,na,na,na,na,,2.75,,,96,0.25,,,,,,,,,,,,,,,,,,,,,,,,,,,,,0,0,0,0,0,0,0,0,0,3,96,0,0,0
ombd_40,2000,Y2,omb,wldd,ombd_40,omb_ho,0,-4.955555556,0,33,,10,,,,,,,,,,,,,,,,,2,,5,,,,,,,,,15,,,,,,,1.5,1,,,,73.25,,8.75,,,,,,,,,,,,,,,,,,,,,,,,,,,,,,,5,0,15,0,1,13.5,0,0,8.75,73.25,0,1,13.5,0
mesc_01,2001,I1,mes,ctr,mesc_1,min_hl,0,-1.666666667,na,na,na,na,na,na,na,na,na,na,na,na,na,na,na,na,na,na,na,na,na,na,na,na,na,na,na,na,na,na,na,na,na,na,na,na,na,na,na,na,na,na,100,,,,,,,,,,,,,,,,,,,,,,0.025,,,,,,,,,,,,0,0,0,0,0,0,0,0.025,0,100,0,0,0,0
mesc_02,2001,I1,mes,ctr,mesc_2,min_hl,0,-1.666666667,0,58,,3,1,,,,,,,,,,,,,,,,40,,15,,,,,,,,,,,,,,,,20,,,,92.5,,,,,,,,,,,,,,,,,,,,,,0.025,,,,,,,,,,,,15,0,0,0,1,63,0,0.025,0,92.5,0,1,63,0
mesc_03,2001,I1,mes,ctr,mesc_3,mes_l,0,-1.666666667,na,na,na,na,na,na,na,na,na,na,na,na,na,na,na,na,na,na,na,na,na,na,na,na,na,na,na,na,na,na,na,na,na,na,na,na,na,na,na,na,na,na,,,,,,,,0.025,,,,,,,,,21.25,,,,,,0.05,,,,,,,,,,,,0,0,0,0,0,0,0,0.05,0.025,21.25,0,0,0,0
mesc_04,2001,I1,mes,ctr,mesc_4,mes_l,0,-1.666666667,0,25.3,,15,,,,,0.1,,,10,0.1,,,,,,,,,,,,,,,,,,,,,0.1,,,1,,2,,,,87.5,,,,,,,,,,,,,,,,0.55,,,0.1,,,,,,,,,,,,,6.775,,0,10.2,1.1,0,0,17,6.875,0,0,88.05,0,0,17,0
mesc_05,2001,I1,mes,ctr,mesc_5,mes_l,0,-1.666666667,na,na,na,na,na,na,na,na,na,na,na,na,na,na,na,na,na,na,na,na,na,na,na,na,na,na,na,na,na,na,na,na,na,na,na,na,na,na,na,na,na,na,,,,,,,,,,,,,,,0.05,,,,,0.5,,,0.025,,,,,,,,,,,,0,0,0,0,0,0,0.5,0.025,0.05,0,0,0,0,0
mesc_06,2001,I2,mes,ctr,mesc_6,oli_l,0,-1.666666667,0,47.2,,8,,,,,,,,7,,,,,0.1,,,,30,,0.1,,,,,1,,,1,,,,,,,,6,,,,60,,,,,40,,,,,,,,,,,,,,,,,,,,,,,,,,,,,0.1,7.1,2,0,0,44,0,0,0,100,0,0,44,0
mesc_07,2001,I2,mes,ctr,mesc_7,oli_l,0,-1.666666667,na,na,na,na,na,na,na,na,na,na,na,na,na,na,na,na,na,na,na,na,na,na,na,na,na,na,na,na,na,na,na,na,na,na,na,na,na,na,na,na,na,na,37.5,,,,,62.5,,,,,,,,,,,0.275,,,0.05,,,,,,,,,,,,,,,0,0,0,0,0,0,0.05,0,0,100.275,0,0,0,0
mesc_08,2001,I2,mes,ctr,mesc_8,oli_l,0,-1.666666667,0,23.1,,15,15,,,,2,0.1,,,,,,,,,,,,,5,,,,,1,,,,,,,,,,,10,,,,90,,,,,7.5,,,,,,,,,,,,,,,,,,,,,,,,,,,,,5,2.1,1,0,15,25,0,0,0,97.5,0,15,25,0
mesc_09,2001,I2,mes,ctr,mesc_9,mes_ho,0,-1.666666667,na,na,na,na,na,na,na,na,na,na,na,na,na,na,na,na,na,na,na,na,na,na,na,na,na,na,na,na,na,na,na,na,na,na,na,na,na,na,na,na,na,na,,,,,,,,,,,,,,,,,,,,,,,,,,,,,,,,,,,0,0,0,0,0,0,0,0,0,0,0,0,0,0
mesc_10,2001,I2,mes,ctr,mesc_10,oli_l,0,-1.666666667,0,16,,8,3,,,,,,,2,,,,,3,,,,,,1,,,,,,,,,,,2,,,,,1,,,,21.25,,,,,17.5,,,,,,,,,,,,,,35,,,,,,,,,,0.525,,,,,1,5,2,0,3,9,35.525,0,0,38.75,0,3,9,0
mesc_11,2001,J1,mes,ctr,mesc_11,min_hl,0,-1.666666667,na,na,na,na,na,na,na,na,na,na,na,na,na,na,na,na,na,na,na,na,na,na,na,na,na,na,na,na,na,na,na,na,na,na,na,na,na,na,na,na,na,na,98,,,,,,,,,,,,,,,,,,,0.025,,,0.1,,,,,,,,,,,,0,0,0,0,0,0,0.025,0.1,0,98,0,0,0,0
mesc_12,2001,J1,mes,ctr,mesc_12,mes_ho,0,-1.666666667,0,13.2,,1,,,,,,,,3,,,,,7,,,,,2,0.1,,,,,,,,,,,0.1,,,,,3,,,,0.5,,,,,,,,,,,,,,0.175,,0.5,,,,,,0.05,,,,,,,,,,,,0.1,12,0.1,0,0,4,0,0.05,0.175,1,0,0,4,0
mesc_13,2001,J1,mes,ctr,mesc_13,min_hl,0,-1.666666667,na,na,na,na,na,na,na,na,na,na,na,na,na,na,na,na,na,na,na,na,na,na,na,na,na,na,na,na,na,na,na,na,na,na,na,na,na,na,na,na,na,na,48.75,,,,,,,,,,,,,,,,,,,0.025,,,,,,,,,,3.25,,,2.275,,0,0,0,0,0,0,5.55,0,0,48.75,0,0,0,0
mesc_14,2001,J1,mes,ctr,mesc_14,mes_l,0,-1.666666667,0,16.2,,7,,,,,2,,,5,,,,,,,,,,2,0.1,,,,,0.1,,,,,,,,,2,,0.5,,,,0.375,,,,,,,,,,,,,,0.15,,0.275,,,,,,0.125,,,0.25,,,,,,,,,0.1,9,2.1,0,0,7.5,0,0.375,0.15,0.65,0,0,7.5,0
mesc_15,2001,J1,mes,ctr,mesc_15,oli_l,0,-1.666666667,na,na,na,na,na,na,na,na,na,na,na,na,na,na,na,na,na,na,na,na,na,na,na,na,na,na,na,na,na,na,na,na,na,na,na,na,na,na,na,na,na,na,7,,,,,,,,92.75,,,,,,,,,,,0.2,,,,,,,,,0.025,,,,,,0,0,0,0,0,0,0.2,0.025,0,99.75,0,0,0,0
mesc_16,2001,J2,mes,ctr,mesc_16,mes_l,0,-1.666666667,0,12.6,,1,,,,,1,,,7,,2,,,1,,,,,0.1,0.5,,,,,,,,,,,,,,5,,1,,,,9.5,,,,,,,,,,,,,,,,8.75,,,1.775,,,0.075,,,0.05,,,,,,,,,0.5,11.1,5,0,0,2,1.775,0.125,0,18.25,0,0,2,0
mesc_17,2001,J2,mes,ctr,mesc_17,oli_l,0,-1.666666667,na,na,na,na,na,na,na,na,na,na,na,na,na,na,na,na,na,na,na,na,na,na,na,na,na,na,na,na,na,na,na,na,na,na,na,na,na,na,na,na,na,na,36,,,,,3.25,,,,,,,,,,,,,,1.65,,,0.05,,,,,,,,,,,,0,0,0,0,0,0,1.65,0.05,0,39.25,0,0,0,0
mesc_18,2001,J2,mes,ctr,mesc_18,min_hl,0,-1.666666667,0,12.3,,1,3,,,,0.5,,0.5,10,,0.1,0.1,,,,,,,0.1,,,,,,,,,,,,,,,1,,1,,,,68.75,,,,,1,,,,,,0.05,,,0.25,,,,,0.15,,,0.05,,,,,,,2.775,,,,,0,11.3,1,0,3,2,2.925,0.05,0.25,69.8,0,3,2,0
mesc_19,2001,J2,mes,ctr,mesc_19,mes_ho,0,-1.666666667,na,na,na,na,na,na,na,na,na,na,na,na,na,na,na,na,na,na,na,na,na,na,na,na,na,na,na,na,na,na,na,na,na,na,na,na,na,na,na,na,na,na,,,,,,,,,,,,,,,,,,,,,,,,,,,,,,,,,,,0,0,0,0,0,0,0,0,0,0,0,0,0,0
mesc_20,2001,J2,mes,ctr,mesc_20,mes_ho,0,-1.666666667,0,27.2,,2,0.5,,,,0.1,,,10,,,,,1,,,,7,7,0.1,,,,,,,,,,,,,,,,4,,,,,,,,,,,,,,,,,,,,,,,,,,,,,,,,,0.025,,,,,0.1,18.1,0,0,0.5,13,0.025,0,0,0,0,0.5,13,0
mesc_21,2001,K,mes,ctr,mesc_21,mes_l,0,-1.666666667,na,na,na,na,na,na,na,na,na,na,na,na,na,na,na,na,na,na,na,na,na,na,na,na,na,na,na,na,na,na,na,na,na,na,na,na,na,na,na,na,na,na,49.25,,,,,,,,,,,,,,,,0.775,,,0.05,,,0.55,,,,,,,0.25,,,,,0,0,0,0,0,0,0.3,0.55,0,50.025,0,0,0,0
mesc_22,2001,K,mes,ctr,mesc_22,mes_l,0,-1.666666667,0,11,,1,,,,,,,,7,,,,,,,,,3,,,,,,,,,,,,,,,,3,,2,,,,11.5,,,,,,,,,,,,,,1.525,,6.25,,,,,,2.3,,,0.025,,,,,,,,,0,7,3,0,0,6,0,2.325,1.525,17.75,0,0,6,0
mesc_23,2001,K,mes,ctr,mesc_23,mes_ho,0,-1.666666667,na,na,na,na,na,na,na,na,na,na,na,na,na,na,na,na,na,na,na,na,na,na,na,na,na,na,na,na,na,na,na,na,na,na,na,na,na,na,na,na,na,na,,,,,,,,,,,,,,,,,,,,,,,,,,,,,,,,,,,0,0,0,0,0,0,0,0,0,0,0,0,0,0
mesc_24,2001,K,mes,ctr,mesc_24,mes_ho,0,-1.666666667,0,26,,5,,,,,,,,20,,,,,,,,,,1,,,,,,,,,,,,,,,16,,4,,,,,,,,,,,,,,,,,,14.25,,,,,,,,,,,1.025,,1.5,,,,,,,0,21,16,0,0,9,0,2.525,14.25,0,0,0,9,0
mesc_25,2001,K,mes,ctr,mesc_25,omb_hu,0,-1.666666667,na,na,na,na,na,na,na,na,na,na,na,na,na,na,na,na,na,na,na,na,na,na,na,na,na,na,na,na,na,na,na,na,na,na,na,na,na,na,na,na,na,na,,,,,98,,,,,,,,,,,,,,,,,,,,,,,,,,,,,,0,0,0,0,0,0,0,0,0,0,98,0,0,0
mesc_26,2001,L,mes,ctr,mesc_26,mes_l,0,-1.666666667,0,31,,2,0.1,,,,1,,,13,,,,,4,,,,,,,1,,,,,,,10,,,,,,6,,4,,,,36.25,,,,,,,,,,,,,,,,,,,,,,0.05,,,0.05,,,,,,,,,0,18,17,0,0.1,6,0,0.1,0,36.25,0,0.1,6,0
mesc_27,2001,L,mes,ctr,mesc_27,min_hl,0,-1.666666667,na,na,na,na,na,na,na,na,na,na,na,na,na,na,na,na,na,na,na,na,na,na,na,na,na,na,na,na,na,na,na,na,na,na,na,na,na,na,na,na,na,na,96.5,,,,,,,,,,,,,,,,,,,,,,,,,,,,,,,,,,0,0,0,0,0,0,0,0,0,96.5,0,0,0,0
mesc_28,2001,L,mes,ctr,mesc_28,mes_ho,0,-1.666666667,0,15.1,,3,,,,,,,,10,,,,,1,,0.1,,,1,,,,,,,,,0.1,,,,,,5,,10,,,,,,,,,,,,,,,,,,,,,,,,,,,,,,,,,,,,,,0,12,5.2,0,0,13,0,0,0,0,0,0,13,0
mesc_29,2001,L,mes,ctr,mesc_29,mes_ho,0,-1.666666667,na,na,na,na,na,na,na,na,na,na,na,na,na,na,na,na,na,na,na,na,na,na,na,na,na,na,na,na,na,na,na,na,na,na,na,na,na,na,na,na,na,na,,,,,,,,,,,,,,,4.5,,,,,,,,,,,0.275,,,,,,,,,0,0,0,0,0,0,0,0.275,4.5,0,0,0,0,0
mesc_30,2001,L,mes,ctr,mesc_30,min_hl,0,-1.666666667,0,23.1,,1,,,,,,,,21,,,,,,,,,,,1,,,,,,,,0.1,,,,,,7,,2,,,,16.5,,,,,,,,,,,,,,,,,,,1.025,,,,,,,,,,1.525,,,,,1,21,7.1,0,0,3,2.55,0,0,16.5,0,0,3,0
mesc_31,2001,M1,mes,ctr,mesc_31,oli_l,0,-1.666666667,na,na,na,na,na,na,na,na,na,na,na,na,na,na,na,na,na,na,na,na,na,na,na,na,na,na,na,na,na,na,na,na,na,na,na,na,na,na,na,na,na,na,95.75,,,,,3.5,,,,,,,,,,,,,,0.025,,,0.025,,,,,,,,,,,,0,0,0,0,0,0,0.025,0.025,0,99.25,0,0,0,0
mesc_32,2001,M1,mes,ctr,mesc_32,omb_hu,0,-1.666666667,0,17,,2,1,,,,,,,4,,,,,,,,,10,,1,,,,,,,,,,,,,,,,7,,,,,,,,65,9.5,,,,,,,,,,,,,,,,,,,,,,,,,,,30,,1,4,0,0,1,19,30,0,0,9.5,65,1,19,0
mesc_33,2001,M1,mes,ctr,mesc_33,omb_hu,0,-1.666666667,na,na,na,na,na,na,na,na,na,na,na,na,na,na,na,na,na,na,na,na,na,na,na,na,na,na,na,na,na,na,na,na,na,na,na,na,na,na,na,na,na,na,,,,,62.5,6.25,,,,,,,,,,,,,,,,,,,,,,,,,,,43.75,,0,0,0,0,0,0,43.75,0,0,6.25,62.5,0,0,0
mesc_34,2001,M1,mes,ctr,mesc_34,min_hl,0,-1.666666667,0,8,,2,5,,,,,,,4,,,,,,,,,,1,1,,,,,,,,,,,,,,,,15,,,,62.5,,,,,,,,,,,,,,0.025,,,,,0.775,,,0.05,,,,,,,,,,,,1,5,0,0,5,17,0.775,0.05,0.025,62.5,0,5,17,0
mesc_35,2001,M1,mes,ctr,mesc_35,mes_l,0,-1.666666667,na,na,na,na,na,na,na,na,na,na,na,na,na,na,na,na,na,na,na,na,na,na,na,na,na,na,na,na,na,na,na,na,na,na,na,na,na,na,na,na,na,na,0.525,,,,,,,1.25,,,,,,,2.275,,9.25,,,,,,0.05,,,,,,,,,,,,0,0,0,0,0,0,0,0.05,3.525,9.775,0,0,0,0
mesc_36,2001,M2,mes,ctr,mesc_36,mes_ho,0,-1.666666667,0,18,,1,2,,,,10,,,3,,,,,3,,,,,,,,,,,1,,,,,,,,,3,,5,,,,,,,,,,,,,,,,,,,,,,,,,,,,,,,,,,,,,,0,16,4,0,2,6,0,0,0,0,0,2,6,0
mesc_37,2001,M2,mes,ctr,mesc_37,mes_l,0,-1.666666667,na,na,na,na,na,na,na,na,na,na,na,na,na,na,na,na,na,na,na,na,na,na,na,na,na,na,na,na,na,na,na,na,na,na,na,na,na,na,na,na,na,na,1.75,,,,,,,,,,,,,,,,26.25,,,,,,0.1,,,,,,,,,,,,0,0,0,0,0,0,0,0.1,0,28,0,0,0,0
mesc_38,2001,M2,mes,ctr,mesc_38,mes_ho,0,-1.666666667,0,41,,,,,,,,,,35,,,,,2,,,,,,,,,,,,,,4,,,,,,5,,1,,,,,,,,,,,,,,,,,,,,,,,,,,,,,0.025,,30,,,,,,,0,37,9,0,0,1,0,30.025,0,0,0,0,1,0
mesc_39,2001,M2,mes,ctr,mesc_39,min_hl,0,-1.666666667,na,na,na,na,na,na,na,na,na,na,na,na,na,na,na,na,na,na,na,na,na,na,na,na,na,na,na,na,na,na,na,na,na,na,na,na,na,na,na,na,na,na,45.75,,,,2,,,,,,,,,,,,,,,0.175,,,,,,,,,,34.75,,,0.075,,0,0,0,0,0,0,35,0,0,45.75,2,0,0,0
mesc_40,2001,M2,mes,ctr,mesc_40,min_hl,0,-1.666666667,0,32.1,,1,1,,,,,,,30,,,,,1,,,,,,,,,,,,,,,,,0.1,,,0.1,,0.5,,,,18.75,,,,67.5,2.25,,,,,,,,,,,,,,0.875,,,,,,,,,,,,,,,0,31,0.2,0,1,1.5,0.875,0,0,21,67.5,1,1.5,0
mesf_01,2001,R1,mes,fst,mesf_1,,40,-25,na,na,na,na,na,na,na,na,na,na,na,na,na,na,na,na,na,na,na,na,na,na,na,na,na,na,na,na,na,na,na,na,na,na,na,na,na,na,na,na,na,na,9.75,,3.75,,,3,,,,,,5.25,,,,,,,,1.25,,,0.025,,0.025,,,,,,,29.5,,,0,0,0,0,0,0,30.775,0.025,0,18,3.75,0,0,0
mesf_02,2001,R1,mes,fst,mesf_2,,40,-25,0,0,,,,,,,,,,,,,,,,,,,,,,,,,,,,0.1,,,,,,,,,1,,,,0.775,,,,,,,,,,,1.275,,,,,,,,0.375,,,,,,,,,,32.5,,,11.75,,0,0,0,0,0,1.1,44.625,0,0,2.05,0,0,1,0.1
mesf_03,2001,R1,mes,fst,mesf_3,,40,-25,na,na,na,na,na,na,na,na,na,na,na,na,na,na,na,na,na,na,na,na,na,na,na,na,na,na,na,na,na,na,na,na,na,na,na,na,na,na,na,na,na,na,1.75,,,,,0.25,,,,,,21,,,,,,,,4,,,,,,,,,,,,5.25,2,,0,0,0,0,0,0,11.25,0,0,23,0,0,0,0
mesf_04,2001,R1,mes,fst,mesf_4,,40,-25,0,1.5,,,,,,,,,,,,,,,,,,,,,1.5,,,,,,,,,,,,,,,,,,,,48.75,,,,,6.75,,,,,,3.5,,,,,,,,,,,,,,,,,,,,20.5,,,1.5,0,0,0,0,0,20.5,0,0,59,0,0,0,0
mesf_05,2001,R1,mes,fst,mesf_5,,40,-25,na,na,na,na,na,na,na,na,na,na,na,na,na,na,na,na,na,na,na,na,na,na,na,na,na,na,na,na,na,na,na,na,na,na,na,na,na,na,na,na,na,na,5.75,,,,,,,,,,,59.25,,,,,,,,,,,,,,,,,,,,43.75,,,0,0,0,0,0,0,43.75,0,0,65,0,0,0,0
mesf_06,2001,R2,mes,fst,mesf_6,,40,-25,0,7,,,4,,,7,,,,,,,,,,,,,,,,,,,,,,,,,,,,,,,,,,,,,,,,,,,,,,52.5,,,,,,,,,,,,,,,,,,,,10.25,,,0,7,0,0,4,0,10.25,0,0,52.5,0,4,0,0
mesf_07,2001,R2,mes,fst,mesf_7,,40,-25,na,na,na,na,na,na,na,na,na,na,na,na,na,na,na,na,na,na,na,na,na,na,na,na,na,na,na,na,na,na,na,na,na,na,na,na,na,na,na,na,na,na,,,,,,,,,,,,,,,,,,,,,,,,,18.25,,,,,41.25,,,,,0,0,0,0,0,0,59.5,0,0,0,0,0,0,0
mesf_08,2001,R2,mes,fst,mesf_8,,40,-25,0,0.1,,,,0.1,,,,,,,,,,,,,,,,,,,,,,,,,,,,,,,,,,0.1,,,11.25,,,,10,0.25,,,,,,14.25,,,,,,,,,,,,,1.525,,,,,5.5,,33.75,,,0,0,0,0,0.2,0,40.775,0,0,25.75,10,0.1,0,0.1
mesf_09,2001,R2,mes,fst,mesf_9,,40,-25,na,na,na,na,na,na,na,na,na,na,na,na,na,na,na,na,na,na,na,na,na,na,na,na,na,na,na,na,na,na,na,na,na,na,na,na,na,na,na,na,na,na,65,,,,,7.25,,,,,,17,,,,,,,,,,,,,,,,,,,,10.25,,,0,0,0,0,0,0,10.25,0,0,89.25,0,0,0,0
mesf_10,2001,R2,mes,fst,mesf_10,,40,-25,0,12,,,,,,2,,,,,,,,,,,,,,,,,,,,,,,,,,,,,,,,,10,,,,,,,1,,,,,,,,,,,,,,0.525,,,,,,0.5,,,,,,25.5,,,0,2,0,0,0,10,26.025,0.5,0,1,0,0,10,0
mesf_11,2001,S1,mes,fst,mesf_11,,40,-25,na,na,na,na,na,na,na,na,na,na,na,na,na,na,na,na,na,na,na,na,na,na,na,na,na,na,na,na,na,na,na,na,na,na,na,na,na,na,na,na,na,na,53.25,,,,,3,,,,,,30,,,,,,,,2.25,,,,,1,,,,,2.5,,,8.5,,0,0,0,0,0,0,14.25,0,0,86.25,0,0,0,0
mesf_12,2001,S1,mes,fst,mesf_12,,40,-25,0,30,,,,,,,,,,,,,,,,,,20,,,,,,,,,,,,,,,,,,3,,,7,,26.25,,,,,,,,,,,28.25,,,,,,,,3.25,,,,,2.25,,,,,4.5,,0.025,3.05,,0,0,20,0,3,7,13.075,0,0,54.5,0,3,7,0
mesf_13,2001,S1,mes,fst,mesf_13,,40,-25,na,na,na,na,na,na,na,na,na,na,na,na,na,na,na,na,na,na,na,na,na,na,na,na,na,na,na,na,na,na,na,na,na,na,na,na,na,na,na,na,na,na,35,,,,,,,,,,,,,,,,,,,0.425,,,,,,,,,,11,,36.25,0.325,,0,0,0,0,0,0,48,0,0,35,0,0,0,0
mesf_14,2001,S1,mes,fst,mesf_14,,40,-25,0,5.5,,,,,,,,,,,,,,,,,,,0.5,,5,,,,,,,,,,,,,,,,0.1,,,,6,,,,,,,,,,,,,,,,,,,,,,,0.05,14.25,,,,,31.25,,,,,5,0,0,0,0,0.6,45.55,0,0,6,0,0,0.6,0
mesf_15,2001,S1,mes,fst,mesf_15,,40,-25,na,na,na,na,na,na,na,na,na,na,na,na,na,na,na,na,na,na,na,na,na,na,na,na,na,na,na,na,na,na,na,na,na,na,na,na,na,na,na,na,na,na,30,,,,,,,,,,,48.75,,,,,,,,0.025,,,,,,,,,,3.5,,,2.25,,0,0,0,0,0,0,5.775,0,0,78.75,0,0,0,0
mesf_16,2001,S2,mes,fst,mesf_16,,40,-25,0,4.1,,,,,,,0.1,,,,,,,,,,,,,,4,,,,,,,,,,,,,,,,,,,,47.5,,,,,,,,,,,,,,,,,,,0.25,,,,,0.5,,,,,0.75,,,,,4,0.1,0,0,0,0,1.5,0,0,47.5,0,0,0,0
mesf_17,2001,S2,mes,fst,mesf_17,,40,-25,na,na,na,na,na,na,na,na,na,na,na,na,na,na,na,na,na,na,na,na,na,na,na,na,na,na,na,na,na,na,na,na,na,na,na,na,na,na,na,na,na,na,,,,,,1.5,,,,,,25.25,,,,,,,,0.05,,,,,16.25,,,,,1.5,,,,,0,0,0,0,0,0,17.8,0,0,26.75,0,0,0,0
mesf_18,2001,S2,mes,fst,mesf_18,,40,-25,0,17.1,,,,,,,4,,,,,,,,,,,,0.1,,3,,,,,,,,,,,,,,,,,,10,,,,,,,,,,,,,11.5,,,,,,,,1,,,,,44.5,,,,,9.25,,,0.25,,3,4,0,0,0,10.1,55,0,0,11.5,0,0,10.1,0
mesf_19,2001,S2,mes,fst,mesf_19,,40,-25,na,na,na,na,na,na,na,na,na,na,na,na,na,na,na,na,na,na,na,na,na,na,na,na,na,na,na,na,na,na,na,na,na,na,na,na,na,na,na,na,na,na,,,,,,,,,,,,53.75,,,,,,,,0.25,,,,,1.25,,,,,,,,,,0,0,0,0,0,0,1.5,0,0,53.75,0,0,0,0
mesf_20,2001,S2,mes,fst,mesf_20,,40,-25,0,0.1,,,,,,,,,,,,,,,,,,,,,,,,,,,,,,,,,,,,,,,0.1,,,,,,,0.5,,,,,,45.5,,,,,,,,1,,,,,,,,,,,,,,,0,0,0,0,0,0.1,1,0,0,46,0,0,0.1,0
mesd_01,2001,N1,mes,wldd,mesd_1,mes_ho,1,-16.36,na,na,na,na,na,na,na,na,na,na,na,na,na,na,na,na,na,na,na,na,na,na,na,na,na,na,na,na,na,na,na,na,na,na,na,na,na,na,na,na,na,na,0.275,,,,,,,,,,,,,,,,,,,,,,,,,,,,,0.025,,,,,0,0,0,0,0,0,0.025,0,0,0.275,0,0,0,0
mesd_02,2001,N1,mes,wldd,mesd_2,mes_ho,1,-16.36,0,7,,,20,,,,,,,5,,,,,2,,,,,,,,,,,,,,,,,,,,,,3,,,,,,,,,,,,,,,,,,,,,,,,,,,,,,,,,,,,,,0,7,0,0,20,3,0,0,0,0,0,20,3,0
mesd_03,2001,N1,mes,wldd,mesd_3,min_hl,1,-16.36,na,na,na,na,na,na,na,na,na,na,na,na,na,na,na,na,na,na,na,na,na,na,na,na,na,na,na,na,na,na,na,na,na,na,na,na,na,na,na,na,na,na,13.25,,,,,,,,,,,,,,,,,,,,,,,,,,,,,,,,,,0,0,0,0,0,0,0,0,0,13.25,0,0,0,0
mesd_04,2001,N1,mes,wldd,mesd_4,mes_l,1,-16.36,0,13.3,,0.1,2,,,,0.1,,0.1,5,,,,,1,,,,1,1,,,,,,,,,,,,,,,1,,5,5,,,55,,,,,,,,,,,,,,,,,3.75,,1.375,,,,,,,,,,0.025,,,,,0,7.2,1,0,7,6.1,1.4,0,0,58.75,0,7,6.1,0
mesd_05,2001,N1,mes,wldd,mesd_5,mes_ho,1,-16.36,na,na,na,na,na,na,na,na,na,na,na,na,na,na,na,na,na,na,na,na,na,na,na,na,na,na,na,na,na,na,na,na,na,na,na,na,na,na,na,na,na,na,,,,,,,,,,,,,,,1.425,,,,,0.075,,,0.025,,,4,,,,,,,,,0,0,0,0,0,0,0.075,4.025,1.425,0,0,0,0,0
mesd_06,2001,N2,mes,wldd,mesd_6,oli_l,1,-16.36,1,15,,,25,,,,1,,,7,,,,,,,,,7,,,,,,,,,1,,,,,,,,,17,,,,60,,,,,2.25,,,,,,,,,,,,,,0.325,,,,,,,,,,,,,2,,0,8,0,0,25,25,2.325,0,0,62.25,0,25,24,1
mesd_07,2001,N2,mes,wldd,mesd_7,omb_hu,1,-16.36,na,na,na,na,na,na,na,na,na,na,na,na,na,na,na,na,na,na,na,na,na,na,na,na,na,na,na,na,na,na,na,na,na,na,na,na,na,na,na,na,na,na,,,,,7.55,1.05,,,,,,,,,,,,,,0.025,,,,,,,,,,0.025,,,4.5,,0,0,0,0,0,0,4.55,0,0,1.05,7.55,0,0,0
mesd_08,2001,N2,mes,wldd,mesd_8,min_hl,1,-16.36,0,22.1,,5,10,,,,,,,5,,,,2,,,,,5,,0.1,,,,,5,,,,,,,,,,,15,,,,6.75,,,,45,23.5,,,,,,2,,,,,,,,,,,,,,,,,,0.05,,,0.525,,0.1,7,5,0,10,25,0.575,0,0,32.25,45,10,25,0
mesd_09,2001,N2,mes,wldd,mesd_9,mes_l,1,-16.36,na,na,na,na,na,na,na,na,na,na,na,na,na,na,na,na,na,na,na,na,na,na,na,na,na,na,na,na,na,na,na,na,na,na,na,na,na,na,na,na,na,na,,,,,,,,,,,,,,,,,41.275,,,,,,0.675,,,2.025,,,,,,,,,0,0,0,0,0,0,0,2.7,0,41.275,0,0,0,0
mesd_10,2001,N2,mes,wldd,mesd_10,oli_l,1,-16.36,0,35.2,,30,,,,,,,,4,,,,1,,,,,0.1,,0.1,,,,,,,0.1,,,,,,,,,20,,,,,,,,,,,,21.25,,,28,,,,,,,,,,,2.875,,,0.025,,,,,,,,,0.1,5,0,0,0,50.2,0,2.9,0,49.25,0,0,50.1,0.1
mesd_11,2001,O1,mes,wldd,mesd_11,min_hl,1,-16.36,na,na,na,na,na,na,na,na,na,na,na,na,na,na,na,na,na,na,na,na,na,na,na,na,na,na,na,na,na,na,na,na,na,na,na,na,na,na,na,na,na,na,1.525,,,,,,,,,,,14.75,,,,,,,,,,,,,,,,,,2.025,,,4,,0,0,0,0,0,0,6.025,0,0,16.275,0,0,0,0
mesd_12,2001,O1,mes,wldd,mesd_12,mes_ho,1,-16.36,0,10,,2,4,,,,,,,7,,,,,,,,,,1,,,,,,,,,,,,,,,,,25,,,,,,,,,,,,,,,1.275,,,,,,,,,,,,,,2.5,,,,,,,,,0,8,0,0,4,27,0,2.5,0,1.275,0,4,27,0
mesd_13,2001,O1,mes,wldd,mesd_13,oli_l,1,-16.36,na,na,na,na,na,na,na,na,na,na,na,na,na,na,na,na,na,na,na,na,na,na,na,na,na,na,na,na,na,na,na,na,na,na,na,na,na,na,na,na,na,na,0.3,,,,,,,,,,,10.5,,,,,,,,,,,,,,,,,,,,,,,0,0,0,0,0,0,0,0,0,10.8,0,0,0,0
mesd_14,2001,O1,mes,wldd,mesd_14,mes_ho,1,-16.36,0,23,,3,2,,,,1,,,5,,,,1,,,0.1,,,,,,,,,,,,13,,,,,,,,8,,,,,,,,,,,,,,,,,,0.75,,,,,,,,,,,0.05,,,,,,,,,0,7,13.1,0,2,11,0,0.05,0.75,0,0,2,11,0
mesd_15,2001,O1,mes,wldd,mesd_15,mes_l,1,-16.36,na,na,na,na,na,na,na,na,na,na,na,na,na,na,na,na,na,na,na,na,na,na,na,na,na,na,na,na,na,na,na,na,na,na,na,na,na,na,na,na,na,na,0.025,,,,,,,,,,,,,,4,,2.275,,,27.75,,,,,,,,,,0.525,,,,,0,0,0,0,0,0,28.275,0,4,2.3,0,0,0,0
mesd_16,2001,O2,mes,wldd,mesd_16,mes_l,1,-16.36,0,8.2,,,5,,,,2,,,3,,,,,3,,,,,,,,,,,,,,0.1,,,,,,,,6,,,0.1,17.775,,,,,,,,,,,36.25,,,,,12.775,,,0.025,,,0.025,,,,,,,0.025,,,,,0,8,0.2,0,5,6,0.05,0.025,0,66.8,0,5,6,0
mesd_17,2001,O2,mes,wldd,mesd_17,mes_l,1,-16.36,na,na,na,na,na,na,na,na,na,na,na,na,na,na,na,na,na,na,na,na,na,na,na,na,na,na,na,na,na,na,na,na,na,na,na,na,na,na,na,na,na,na,35.275,,,,,,,,,,,,,,,,3.275,,,,,,0.125,,,,,,,,,,,,0,0,0,0,0,0,0,0.125,0,38.55,0,0,0,0
mesd_18,2001,O2,mes,wldd,mesd_18,mes_l,1,-16.36,0,8,,,,,,,,,,5,,,,,,,,,3,,,,,,,,,,,,,,,,,,4,,,,51.5,,,,,,,,,,,,,,0.025,,23,,,,,,,,,,,,,,,,,,0,5,0,0,0,7,0,0,0.025,74.5,0,0,7,0
mesd_19,2001,O2,mes,wldd,mesd_19,mes_l,1,-16.36,na,na,na,na,na,na,na,na,na,na,na,na,na,na,na,na,na,na,na,na,na,na,na,na,na,na,na,na,na,na,na,na,na,na,na,na,na,na,na,na,na,na,8.5,,,,,,,,,,,,,,,,61.25,0.25,,0.5,,,0.05,,,,,,,,,,,,0,0,0,0,0,0,0.5,0.05,0,70,0,0,0,0
mesd_20,2001,O2,mes,wldd,mesd_20,mes_ho,1,-16.36,0,12.1,,2,,,,,,,,7,,,,,3,,,,0.1,,,,,,,,,,,,,,,,,,10,,,,,,,,,,,,,,,,,,,,,,,,,0.05,,,,1.25,,,,,,,,,0,10,0,0,0,12.1,0.05,1.25,0,0,0,0,12.1,0
mesd_21,2001,P1,mes,wldd,mesd_21,oli_l,1,-16.36,na,na,na,na,na,na,na,na,na,na,na,na,na,na,na,na,na,na,na,na,na,na,na,na,na,na,na,na,na,na,na,na,na,na,na,na,na,na,na,na,na,na,37.5,,,,,0.25,,,,,,1.75,,,,,,,,3.3,,,0.075,,,,,,,,,,,,0,0,0,0,0,0,3.3,0.075,0,39.5,0,0,0,0
mesd_22,2001,P1,mes,wldd,mesd_22,mes_ho,1,-16.36,0,7,,,,,,,,,,5,,,,,2,,,,,,,,,,,,,,,,,,,,,,1,,,,0.75,,,,,,,,,,,,85,0.275,10.75,,,,,,,,,,,,,,,,,,,,0,7,0,0,0,1,0,0,96.025,0.75,0,0,1,0
mesd_23,2001,P1,mes,wldd,mesd_23,oli_l,1,-16.36,na,na,na,na,na,na,na,na,na,na,na,na,na,na,na,na,na,na,na,na,na,na,na,na,na,na,na,na,na,na,na,na,na,na,na,na,na,na,na,na,na,na,65,,,,,26.75,,,,,,,,,,,,,,,,,,,,,,,,,,,,,0,0,0,0,0,0,0,0,0,91.75,0,0,0,0
mesd_24,2001,P1,mes,wldd,mesd_24,mes_l,1,-16.36,1,16,,2,4,,,,,,,10,,,,,4,,,,,,,,,,,,,1,,,,,,,,,4,,,,2,,,,,,,,,,,,,0.025,2.275,,,,,,,,0.05,,,,,,,,,,,,0,14,0,0,4,7,0,0.05,2.3,2,0,4,6,1
mesd_25,2001,P1,mes,wldd,mesd_25,mes_ho,1,-16.36,na,na,na,na,na,na,na,na,na,na,na,na,na,na,na,na,na,na,na,na,na,na,na,na,na,na,na,na,na,na,na,na,na,na,na,na,na,na,na,na,na,na,0.775,,,,,,,,,,,,,,1.025,,,,,,,,0.8,,,0.25,,,,,,,,,0,0,0,0,0,0,0,1.05,1.025,0.775,0,0,0,0
mesd_26,2001,P2,mes,wldd,mesd_26,mes_l,1,-16.36,0,40,,,3,,,,,,,7,,,,,1,,,,,,,,,,,,,,7,,,,,,,,15,,,25,41.75,,,,,,,,,,,,,0.025,,,45,,,,,,0.25,,,,,,,,,,,,0,8,32,0,3,15,0,0.25,0.025,86.75,0,3,15,0
mesd_27,2001,P2,mes,wldd,mesd_27,mes_l,1,-16.36,na,na,na,na,na,na,na,na,na,na,na,na,na,na,na,na,na,na,na,na,na,na,na,na,na,na,na,na,na,na,na,na,na,na,na,na,na,na,na,na,na,na,27.5,,,,,,,,,,,,,0.25,0.025,,17.5,,,0.025,,,0.025,,,,,,,,,,,,0,0,0,0,0,0,0.025,0.025,0.275,45,0,0,0,0
mesd_28,2001,P2,mes,wldd,mesd_28,mes_l,1,-16.36,0,30.1,,,,,,,,1,0.1,3,,,,2,2,,,,22,,,,,,,,,,,,,,,,,,4,,,,,,,,,,,,,,,,,,1.775,,0.25,88.75,,,,,0.075,,,,,,,,,,,,0,8.1,0,0,0,26,0,0.075,1.775,89,0,0,26,0
mesd_29,2001,P2,mes,wldd,mesd_29,min_hl,1,-16.36,na,na,na,na,na,na,na,na,na,na,na,na,na,na,na,na,na,na,na,na,na,na,na,na,na,na,na,na,na,na,na,na,na,na,na,na,na,na,na,na,na,na,38.75,,,,,,,,,,,,,,0.025,,0.25,5.5,,20.5,,,0.775,,,,,,,,,,,,0,0,0,0,0,0,20.5,0.775,0.025,44.5,0,0,0,0
mesd_30,2001,P2,mes,wldd,mesd_30,min_hl,1,-16.36,3,6.1,,,18,,1,,,,,5,,,,,,,0.1,,,,0.1,,,,,,,,,,3,,,,,,30,,,,92.5,,,,,,,,,,,,,,,,,,,,,,,,,,,,,,,,,,0.1,5,0.1,1,21,30,0,0,0,92.5,0,21,30,0
mesd_31,2001,Q1,mes,wldd,mesd_31,oli_l,1,-16.36,na,na,na,na,na,na,na,na,na,na,na,na,na,na,na,na,na,na,na,na,na,na,na,na,na,na,na,na,na,na,na,na,na,na,na,na,na,na,na,na,na,na,32,,,,,,,,30,,,,,,,,0.75,,,4,,,,,,,,,,,,,,,0,0,0,0,0,0,4,0,0,62.75,0,0,0,0
mesd_32,2001,Q1,mes,wldd,mesd_32,oli_l,1,-16.36,0,7,,,10,,,,,,,3,,,,1,,,,,,,,,,,,,,,,,,,,,,,10,,,3,24.8,,,,,,,,31.25,,,,,,,,,,,0.025,,,,,,,,,,0.025,,,,,0,4,3,0,10,10,0.05,0,0,56.05,0,10,10,0
mesd_33,2001,Q1,mes,wldd,mesd_33,oli_l,1,-16.36,na,na,na,na,na,na,na,na,na,na,na,na,na,na,na,na,na,na,na,na,na,na,na,na,na,na,na,na,na,na,na,na,na,na,na,na,na,na,na,na,na,na,22.25,,,,,,,,7.25,,,,,,,,,,,0.75,,,,,,,,,,0.025,,,,,0,0,0,0,0,0,0.775,0,0,29.5,0,0,0,0
mesd_34,2001,Q1,mes,wldd,mesd_34,oli_l,1,-16.36,0,5.1,,,25,,,,,,,5,0.1,,,,,,,,,,,,,,,,,0.1,,,,,,,,,30,,,,7.75,,,,,,,,,,,,,,,,,,,33.75,,,,,,,,,,,,,,,0,5.1,0,0,25,30.1,33.75,0,0,7.75,0,25,30,0.1
mesd_35,2001,Q1,mes,wldd,mesd_35,mes_ho,1,-16.36,na,na,na,na,na,na,na,na,na,na,na,na,na,na,na,na,na,na,na,na,na,na,na,na,na,na,na,na,na,na,na,na,na,na,na,na,na,na,na,na,na,na,,,,,,,,,,,,,,,,,,,,,,,,,,2.75,,,,,,,,,0,0,0,0,0,0,0,2.75,0,0,0,0,0,0
mesd_36,2001,Q2,mes,wldd,mesd_36,mes_l,1,-16.36,3,6.1,,1,,3,,,,,,4,,,,,1,,,,,,0.1,,,,,,,,,,,,,,,,6,,,,23.75,,,,,,,,,,,,,,,,0.325,,,0.075,,,,,,,,,,,,,,,0.1,5,0,0,3,7,0.075,0,0,24.075,0,0,7,3
mesd_37,2001,Q2,mes,wldd,mesd_37,min_hl,1,-16.36,na,na,na,na,na,na,na,na,na,na,na,na,na,na,na,na,na,na,na,na,na,na,na,na,na,na,na,na,na,na,na,na,na,na,na,na,na,na,na,na,na,na,30.75,,,,,,,,,,,,,,,,,,,0.25,,,,,,,,,,,,,,,0,0,0,0,0,0,0.25,0,0,30.75,0,0,0,0
mesd_38,2001,Q2,mes,wldd,mesd_38,mes_l,1,-16.36,0,7.1,,,3,,,,,,,4,,,1,,0.1,,,,,,,,,,,,,,2,,,,,,,,15,,,,43.75,,,,,,,,,,,8.25,,,,,,,,,,,,,,,,,,,,,,,0,5.1,2,0,3,15,0,0,0,52,0,3,15,0
mesd_39,2001,Q2,mes,wldd,mesd_39,min_hl,1,-16.36,na,na,na,na,na,na,na,na,na,na,na,na,na,na,na,na,na,na,na,na,na,na,na,na,na,na,na,na,na,na,na,na,na,na,na,na,na,na,na,na,na,na,60.5,,,,,,,,,,,0.25,,,,,,,,0.025,,,0.25,,,0.025,,,,,,,,,0,0,0,0,0,0,0.025,0.275,0,60.75,0,0,0,0
mesd_40,2001,Q2,mes,wldd,mesd_40,min_hl,1,-16.36,0,11,,,5,,,,,,,10,,,,,1,,,,,,,,,,,,,,,,,,,,,,20,,,,48.25,,,,,,,,,,,,,,,,,,,16.775,,,,,,,,,,0.25,,,,,0,11,0,0,5,20,17.025,0,0,48.25,0,5,20,0
olic_01,2001,A1,oli,ctr,olic_1,oli_l,0,-8.669354839,na,na,na,na,na,na,na,na,na,na,na,na,na,na,na,na,na,na,na,na,na,na,na,na,na,na,na,na,na,na,na,na,na,na,na,na,na,na,na,na,na,na,21.75,,,,,78.25,,,0.375,,,,,,,,,,,0.525,,,0.025,,,,,,,,,,,,0,0,0,0,0,0,0.525,0.025,0,100.375,0,0,0,0
olic_02,2001,A1,oli,ctr,olic_2,oli_l,0,-8.669354839,0,15.5,,15,,,,,,,,,,,,,,,,,0.5,,,,,,,,,0.5,,,,,,,,,2,,,,89.5,,,,,,,,0.75,,,,,0.775,,,,,,,,,,,,,,,,,,,,,0,0,0,0,0,18,0,0,0.775,90.25,0,0,17.5,0.5
olic_03,2001,A1,oli,ctr,olic_3,oli_l,0,-8.669354839,na,na,na,na,na,na,na,na,na,na,na,na,na,na,na,na,na,na,na,na,na,na,na,na,na,na,na,na,na,na,na,na,na,na,na,na,na,na,na,na,na,na,89.75,,,,,,,,7.5,,,,,,,,,,,0.25,,,,,,,,,,,,,,,0,0,0,0,0,0,0.25,0,0,97.25,0,0,0,0
olic_04,2001,A1,oli,ctr,olic_4,oli_l,0,-8.669354839,0,16.5,,15,4,,,,,,,1.5,,,,,,,,,,,,,,,,,,,,,,,,,,,8,,,,3.25,,,,,94.75,,,0.025,,,,,,,,,,,,,,,,,,,,,,,,,,0,1.5,0,0,4,23,0,0,0,98.025,0,4,23,0
olic_05,2001,A1,oli,ctr,olic_5,oli_l,0,-8.669354839,na,na,na,na,na,na,na,na,na,na,na,na,na,na,na,na,na,na,na,na,na,na,na,na,na,na,na,na,na,na,na,na,na,na,na,na,na,na,na,na,na,na,4.025,,,,,,,,76.5,,,,,,,,,,,,,,1.525,,,,,,,,,,,,0,0,0,0,0,0,0,1.525,0,80.525,0,0,0,0
olic_06,2001,A2,oli,ctr,olic_6,oli_l,0,-8.669354839,0,4.5,,3,5,,,,,,,1,,,,,,,,,,,0.5,,,,,,,,,,,,,,,,7.5,,,,10.5,,,,,88.5,,,,,,,,,,,,,,,,,,,,,,,,,,,2.125,,0.5,1,0,0,5,10.5,2.125,0,0,99,0,5,10.5,0
olic_07,2001,A2,oli,ctr,olic_7,oli_l,0,-8.669354839,na,na,na,na,na,na,na,na,na,na,na,na,na,na,na,na,na,na,na,na,na,na,na,na,na,na,na,na,na,na,na,na,na,na,na,na,na,na,na,na,na,na,9.25,,,,,,,,37,,,,,,,,,,,,,,0.05,,,,,,,,,,,,0,0,0,0,0,0,0,0.05,0,46.25,0,0,0,0
olic_08,2001,A2,oli,ctr,olic_8,oli_l,0,-8.669354839,0,8.2,,5,9,,,,,,,0.1,,,,,,,,,2,,0.1,,,,,,,,,,,,,,,,5,1,,,14.25,,,,,,,,80.5,,,,,,,,,,,,,,,,,,,,,,,,,,0.1,0.1,0,0,10,12,0,0,0,94.75,0,10,12,0
olic_09,2001,A2,oli,ctr,olic_9,oli_l,0,-8.669354839,na,na,na,na,na,na,na,na,na,na,na,na,na,na,na,na,na,na,na,na,na,na,na,na,na,na,na,na,na,na,na,na,na,na,na,na,na,na,na,na,na,na,23.75,,,,,,,,68.75,,,,,,,,,,,,,,0.8,,,,,,,,,,,,0,0,0,0,0,0,0,0.8,0,92.5,0,0,0,0
olic_10,2001,A2,oli,ctr,olic_10,oli_l,0,-8.669354839,0,5.2,,5,18,,,,,,,0.1,,,,,,,,,,,0.1,,,,,,,,,,,,,,,,5,,,,61.25,,,,,32.5,,,,,,,,,,,,,,,,,,,,,,,,,,,7.25,,0.1,0.1,0,0,18,10,7.25,0,0,93.75,0,18,10,0
olic_11,2001,A3,oli,ctr,olic_11,oli_l,0,-8.669354839,na,na,na,na,na,na,na,na,na,na,na,na,na,na,na,na,na,na,na,na,na,na,na,na,na,na,na,na,na,na,na,na,na,na,na,na,na,na,na,na,na,na,85,,,,,,,,3,,,,,,,,,,,0.3,,,0.025,,,,,,,,,,,,0,0,0,0,0,0,0.3,0.025,0,88,0,0,0,0
olic_12,2001,A3,oli,ctr,olic_12,oli_l,0,-8.669354839,0,9.1,,5,20,,,,,,,3,,,,,,,,,,1,0.1,,,,,,,,,,,,,,,,6,,,,41.25,,,,,22.5,,,36.25,,,,,,,,,,,0.8,,,,,,,,,,,,,,,0.1,4,0,0,20,11,0.8,0,0,100,0,20,11,0
olic_13,2001,A3,oli,ctr,olic_13,oli_l,0,-8.669354839,na,na,na,na,na,na,na,na,na,na,na,na,na,na,na,na,na,na,na,na,na,na,na,na,na,na,na,na,na,na,na,na,na,na,na,na,na,na,na,na,na,na,66.25,,,,,14.75,,,7,,,,,,,,,,,,,,,,,,,,,,,,,,0,0,0,0,0,0,0,0,0,88,0,0,0,0
olic_14,2001,A3,oli,ctr,olic_14,oli_l,0,-8.669354839,0,2,,1,1,,,,,,,1,,,,,,,,,,,,,,,,,,,,,,,,,,,2,,,,14.25,,,,,2.75,,,81.25,,,,,,,,,,,,,,,,,,,,,,,,,,0,1,0,0,1,3,0,0,0,98.25,0,1,3,0
olic_15,2001,A3,oli,ctr,olic_15,oli_l,0,-8.669354839,na,na,na,na,na,na,na,na,na,na,na,na,na,na,na,na,na,na,na,na,na,na,na,na,na,na,na,na,na,na,na,na,na,na,na,na,na,na,na,na,na,na,32.5,,,,,56.25,,,6.5,,,,,,,,,,,,,,,,,,,,,,,,,,0,0,0,0,0,0,0,0,0,95.25,0,0,0,0
olic_16,2001,A4,oli,ctr,olic_16,oli_l,0,-8.669354839,0,20.2,,20,5,,,,,,,0.1,,,,,,,,,,0.1,,,,,,,,,,,,,,,,,4,,,,12.5,,,,,,,,86.25,,,,,,,,,,,,,,,,,,,,,,,,,,0,0.2,0,0,5,24,0,0,0,98.75,0,5,24,0
olic_17,2001,A4,oli,ctr,olic_17,oli_l,0,-8.669354839,na,na,na,na,na,na,na,na,na,na,na,na,na,na,na,na,na,na,na,na,na,na,na,na,na,na,na,na,na,na,na,na,na,na,na,na,na,na,na,na,na,na,17.75,,,,,3.5,,,77.75,,,,,,,,,,,,,,,,,,,,,,,,,,0,0,0,0,0,0,0,0,0,99,0,0,0,0
olic_18,2001,A4,oli,ctr,olic_18,oli_l,0,-8.669354839,0,3.1,,3,2,,,,,,,0.1,,,,,,,,,,,,,,,,,,,,,,,,,,,2,,,,34.75,,,,,,,,65,,,,,,,,,,,,,,,,,,,,,,,,,,0,0.1,0,0,2,5,0,0,0,99.75,0,2,5,0
olic_19,2001,A4,oli,ctr,olic_19,oli_l,0,-8.669354839,na,na,na,na,na,na,na,na,na,na,na,na,na,na,na,na,na,na,na,na,na,na,na,na,na,na,na,na,na,na,na,na,na,na,na,na,na,na,na,na,na,na,10.5,,,,,,,,89.5,,,,,,,,,,,,,,,,,,,,,,,,,,0,0,0,0,0,0,0,0,0,100,0,0,0,0
olic_20,2001,A4,oli,ctr,olic_20,oli_l,0,-8.669354839,0,4.6,,3,0.5,,,,,,,1,,,,,,,,,,0.5,0.1,,,,,,,,,,,,,,,,1,,,,16,,,,,,,,84,,,,,,,,,,,,,,,,,,,,,,,,,,0.1,1.5,0,0,0.5,4,0,0,0,100,0,0.5,4,0
olic_21,2001,B1,oli,ctr,olic_21,oli_l,0,-8.669354839,na,na,na,na,na,na,na,na,na,na,na,na,na,na,na,na,na,na,na,na,na,na,na,na,na,na,na,na,na,na,na,na,na,na,na,na,na,na,na,na,na,na,15.5,,,,,81.5,,,,,,,,,,,,,,,,,,,,,,,,,,,,,0,0,0,0,0,0,0,0,0,97,0,0,0,0
olic_22,2001,B1,oli,ctr,olic_22,oli_l,0,-8.669354839,0,3.6,,2.5,2,,,,,,,1,,,,,,,,,,,0.1,,,,,,,,,,,,,,,,0.5,,,,51.75,,,,,,,,41.25,,,,,,,,,,,,,,,,,,,,,,,,,,0.1,1,0,0,2,3,0,0,0,93,0,2,3,0
olic_23,2001,B1,oli,ctr,olic_23,oli_l,0,-8.669354839,na,na,na,na,na,na,na,na,na,na,na,na,na,na,na,na,na,na,na,na,na,na,na,na,na,na,na,na,na,na,na,na,na,na,na,na,na,na,na,na,na,na,16,,,,,,,,71.5,,,,,2.5,,,,,,,,,0.3,,,,,,,,,,,,0,0,0,0,0,0,0,0.3,2.5,87.5,0,0,0,0
olic_24,2001,B1,oli,ctr,olic_24,oli_l,0,-8.669354839,0,22.1,,20,3,,,,,,,2,,,,,,,,,,0.1,,,,,,,,,,,,,,,,,3,,,,73.05,,,,,,,,20.75,,,,,0.25,,,,,,0.05,,,,,,,,,,,,,,,0,2.1,0,0,3,23,0.05,0,0.25,93.8,0,3,23,0
olic_25,2001,B1,oli,ctr,olic_25,oli_l,0,-8.669354839,na,na,na,na,na,na,na,na,na,na,na,na,na,na,na,na,na,na,na,na,na,na,na,na,na,na,na,na,na,na,na,na,na,na,na,na,na,na,na,na,na,na,59.5,,,,,21.5,,,9.25,,,,,,,,,,,0.3,,,0.25,,,,,,,,,,0.75,,0,0,0,0,0,0,1.05,0.25,0,90.25,0,0,0,0
olic_26,2001,B2,oli,ctr,olic_26,oli_l,0,-8.669354839,0,9,,7,7,,,,,,,2,,,,,,,,,,,,,,,,,,,,,,,,,,,5,,,,59.5,,,,,,,,18.25,,,,,10,,,,,,,,,,,,,,,,,,,,,0,2,0,0,7,12,0,0,10,77.75,0,7,12,0
olic_27,2001,B2,oli,ctr,olic_27,oli_l,0,-8.669354839,na,na,na,na,na,na,na,na,na,na,na,na,na,na,na,na,na,na,na,na,na,na,na,na,na,na,na,na,na,na,na,na,na,na,na,na,na,na,na,na,na,na,38.75,,,,,5,,,,,,20.75,,,,,,,,0.275,,,,,,,,,,,,,0.05,,0,0,0,0,0,0,0.325,0,0,64.5,0,0,0,0
olic_28,2001,B2,oli,ctr,olic_28,oli_l,0,-8.669354839,0,6.1,,3,5,,,,,,,2,,,,0.1,1,,,,,,,,,,,,,,,,,,,,,,6,,,,26,,,,,3,,,28.75,,,25.25,,,,,,,,,,,0.025,,,,,,,,,,,,0,3.1,0,0,5,9,0,0.025,0,83,0,5,9,0
olic_29,2001,B2,oli,ctr,olic_29,oli_l,0,-8.669354839,na,na,na,na,na,na,na,na,na,na,na,na,na,na,na,na,na,na,na,na,na,na,na,na,na,na,na,na,na,na,na,na,na,na,na,na,na,na,na,na,na,na,47,,,,,,,,47.5,,,,,,,,,,,0.025,,,,,,,,,,,,,,,0,0,0,0,0,0,0.025,0,0,94.5,0,0,0,0
olic_30,2001,B2,oli,ctr,olic_30,oli_l,0,-8.669354839,0,17.1,,15,7,,,,,,,2,,,,0.1,,,,,,,,,,,,,,,,,,,,,,,5,,,,23.75,,,,,,,,38.5,,,,,,,,,,,1.25,,,,,,,,,,,,,,,0,2.1,0,0,7,20,1.25,0,0,62.25,0,7,20,0
olic_31,2001,B3,oli,ctr,olic_31,oli_l,0,-8.669354839,na,na,na,na,na,na,na,na,na,na,na,na,na,na,na,na,na,na,na,na,na,na,na,na,na,na,na,na,na,na,na,na,na,na,na,na,na,na,na,na,na,na,75,,,,,9,,,,,,,,,,,,,,,,,,,,,,,,,,,,,0,0,0,0,0,0,0,0,0,84,0,0,0,0
olic_32,2001,B3,oli,ctr,olic_32,min_hl,0,-8.669354839,0,23.1,,15,5,,,,,,,5,,,,0.1,,,,,,,3,,,,,,,,,,,,,,,,15,,,,26.25,,,,,,,,,,,,,,,,,,,12.25,,,,,,,,,,,,,,,3,5.1,0,0,5,30,12.25,0,0,26.25,0,5,30,0
olic_33,2001,B3,oli,ctr,olic_33,oli_l,0,-8.669354839,na,na,na,na,na,na,na,na,na,na,na,na,na,na,na,na,na,na,na,na,na,na,na,na,na,na,na,na,na,na,na,na,na,na,na,na,na,na,na,na,na,na,93.25,,,,,,,,10,,,,,,,,,,,,,,,,,,,,,,,,,,0,0,0,0,0,0,0,0,0,103.25,0,0,0,0
olic_34,2001,B3,oli,ctr,olic_34,oli_l,0,-8.669354839,0,12,,5,3,,,,,,,4,,,,,,,,,,,3,,,,,,,,,,,,,,,,4,,,,10,,,,,,,,87.25,,,,,,,,,,,,,,,,,,,,,,,,,,3,4,0,0,3,9,0,0,0,97.25,0,3,9,0
olic_35,2001,B3,oli,ctr,olic_35,oli_l,0,-8.669354839,na,na,na,na,na,na,na,na,na,na,na,na,na,na,na,na,na,na,na,na,na,na,na,na,na,na,na,na,na,na,na,na,na,na,na,na,na,na,na,na,na,na,49.5,,,,,,,,51.25,,,,,,,,,,,,,,,,,,,,,,,,,,0,0,0,0,0,0,0,0,0,100.75,0,0,0,0
olic_36,2001,B4,oli,ctr,olic_36,oli_l,0,-8.669354839,0,13,,10,3,,,,,,,2,,,,,,,,,,,1,,,,,,,,,,,,,,,,2,,,,46.75,,,,,,,,35,,,,,,,,,,,0.05,,,,,,,,,,,,,,,1,2,0,0,3,12,0.05,0,0,81.75,0,3,12,0
olic_37,2001,B4,oli,ctr,olic_37,oli_l,0,-8.669354839,na,na,na,na,na,na,na,na,na,na,na,na,na,na,na,na,na,na,na,na,na,na,na,na,na,na,na,na,na,na,na,na,na,na,na,na,na,na,na,na,na,na,4.5,,,,,,,,93.25,,,,,,,,,,,,,,,,,1,,,,,,,,,0,0,0,0,0,0,0,1,0,97.75,0,0,0,0
olic_38,2001,B4,oli,ctr,olic_38,oli_l,0,-8.669354839,0,5.1,,0.1,3,,,,,,,3,,,,,,,,,,,2,,,,,,,,,,,,,,,,0.1,,,,36,,,,,3,,,47.5,,,,,,,,,,,,,,,,,,,,,,,,,,2,3,0,0,3,0.2,0,0,0,86.5,0,3,0.2,0
olic_39,2001,B4,oli,ctr,olic_39,oli_l,0,-8.669354839,na,na,na,na,na,na,na,na,na,na,na,na,na,na,na,na,na,na,na,na,na,na,na,na,na,na,na,na,na,na,na,na,na,na,na,na,na,na,na,na,na,na,61.75,,,,,2,,,36.25,,,,,,,,,,,,,,,,,,,,,,,,,,0,0,0,0,0,0,0,0,0,100,0,0,0,0
olic_40,2001,B4,oli,ctr,olic_40,min_hl,0,-8.669354839,0,16.7,,15,7,,,,,,,0.1,,,,,1.5,,,,,,0.1,,,,,,,,,,,,,,,,5,,,,92.5,,,,,,,,,,,,,,,,,,,,,,,,,,,,,,,,,,0.1,1.6,0,0,7,20,0,0,0,92.5,0,7,20,0
olid_01,2001,C1,oli,wldd,olid_1,oli_l,0,-5.909090909,na,na,na,na,na,na,na,na,na,na,na,na,na,na,na,na,na,na,na,na,na,na,na,na,na,na,na,na,na,na,na,na,na,na,na,na,na,na,na,na,na,na,40.25,,,,,13,,,42.5,,,,,,,,,,,0.425,,,0.275,,,,,,,,,,,,0,0,0,0,0,0,0.425,0.275,0,95.75,0,0,0,0
olid_02,2001,C1,oli,wldd,olid_2,oli_l,0,-5.909090909,0,9.1,,5,6,,,,,,,4,,,,,,,,,,,0.1,,,,,,,,,,,,,,,,0.5,,,,19.25,,,,,19.25,,,20.025,,,,,,,,,,,4.75,,,0.9,,,,,,,,,,,,0.1,4,0,0,6,5.5,4.75,0.9,0,58.525,0,6,5.5,0
olid_03,2001,C1,oli,wldd,olid_3,oli_l,0,-5.909090909,na,na,na,na,na,na,na,na,na,na,na,na,na,na,na,na,na,na,na,na,na,na,na,na,na,na,na,na,na,na,na,na,na,na,na,na,na,na,na,na,na,na,11.75,,,,,17.5,,,5,,,,,,,,,2.25,,2.65,,,0.325,,,,,,,,,,,,0,0,0,0,0,0,2.65,0.325,0,36.5,0,0,0,0
olid_04,2001,C1,oli,wldd,olid_4,oli_l,0,-5.909090909,0,17,,15,8,,,,,,,2,,,,,,,,,,,,,,,,,,,,,,,,,,,10,,,,49.25,,,,,22,,,25,,,,,,,,,,,0.15,,,0.1,,,,,,,,,,,,0,2,0,0,8,25,0.15,0.1,0,96.25,0,8,25,0
olid_05,2001,C1,oli,wldd,olid_5,oli_l,0,-5.909090909,na,na,na,na,na,na,na,na,na,na,na,na,na,na,na,na,na,na,na,na,na,na,na,na,na,na,na,na,na,na,na,na,na,na,na,na,na,na,na,na,na,na,39.75,,,,,3.5,,,11,,,,,,,,,,,0.775,,,0.325,,,,,,,,,,,,0,0,0,0,0,0,0.775,0.325,0,54.25,0,0,0,0
olid_06,2001,C2,oli,wldd,olid_6,oli_l,0,-5.909090909,0,7,,5,5,,,,,,,1,,,0.5,,,,,,,,,,,,,,,,,,,,0.5,,,,5,,,,86.75,,,,,,,,3.5,,,,,,,,,,,0.125,,,0.3,,,,,,,,,,,,0.5,1.5,0,0,5,10,0.125,0.3,0,90.25,0,5,10,0
olid_07,2001,C2,oli,wldd,olid_7,oli_l,0,-5.909090909,na,na,na,na,na,na,na,na,na,na,na,na,na,na,na,na,na,na,na,na,na,na,na,na,na,na,na,na,na,na,na,na,na,na,na,na,na,na,na,na,na,na,78.75,,,,,3.25,,,3.9,,,,,,,,,,,,,,0.5,,,,,,,,,,,,0,0,0,0,0,0,0,0.5,0,85.9,0,0,0,0
olid_08,2001,C2,oli,wldd,olid_8,oli_l,0,-5.909090909,0,6.5,,3,2,,,,,,,2,,,,,,,,,,,1,,,,,,,,,,,,0.5,,,,4,,,,48,,,,,8,,,31.75,,,,,,,,,,,0.5,,,1.375,,,,,,,,,,,,1.5,2,0,0,2,7,0.5,1.375,0,87.75,0,2,7,0
olid_09,2001,C2,oli,wldd,olid_9,oli_l,0,-5.909090909,na,na,na,na,na,na,na,na,na,na,na,na,na,na,na,na,na,na,na,na,na,na,na,na,na,na,na,na,na,na,na,na,na,na,na,na,na,na,na,na,na,na,8.5,,,,,62.5,,,,,,,,,,,,,,7,,,0.025,,,,,,,,,,18,,0,0,0,0,0,0,25,0.025,0,71,0,0,0,0
olid_10,2001,C2,oli,wldd,olid_10,oli_l,0,-5.909090909,0,4,,1,0.5,,,,,,,2,,,0.5,,,,,,,,,,,,,,,,,,,,0.5,,,,2,,,,35,,,,,3.5,,,40,,,,,,,,,,,0.075,,,0.05,,,0.1,,,,,,,,,0.5,2.5,0,0,0.5,3,0.075,0.15,0,78.5,0,0.5,3,0
olid_11,2001,D1,oli,wldd,olid_11,oli_l,0,-5.909090909,na,na,na,na,na,na,na,na,na,na,na,na,na,na,na,na,na,na,na,na,na,na,na,na,na,na,na,na,na,na,na,na,na,na,na,na,na,na,na,na,na,na,13.25,,,,,,,,80,,,,,,,,,,,0.025,,,0.175,,,0.325,,,,,,,,,0,0,0,0,0,0,0.025,0.5,0,93.25,0,0,0,0
olid_12,2001,D1,oli,wldd,olid_12,oli_l,0,-5.909090909,0,10,,1,1,,,,,,,7,,,,,,,,,,,1,,,,,,,,,,,,1,,,,2,,,,45,,,,,1.75,,,37.5,,,,,,,,,,,,,,0.075,,,0.1,,,,,,,,,2,7,0,0,1,3,0,0.175,0,84.25,0,1,3,0
olid_13,2001,D1,oli,wldd,olid_13,oli_l,0,-5.909090909,na,na,na,na,na,na,na,na,na,na,na,na,na,na,na,na,na,na,na,na,na,na,na,na,na,na,na,na,na,na,na,na,na,na,na,na,na,na,na,na,na,na,4.25,,,,,,,,32.5,,,,,,,,,,,2.75,,,1.275,,,1.525,,,,,,,,,0,0,0,0,0,0,2.75,2.8,0,36.75,0,0,0,0
olid_14,2001,D1,oli,wldd,olid_14,oli_l,0,-5.909090909,0,5,,2,3,,,,,,,1,,,,,,,,,,,,,,,,,,,,,,,2,,,,2,,,,3.75,,,,,0.5,,,70,,,,,,,,,,,0.075,,,,,,0.1,,,,,,,,,2,1,0,0,3,4,0.075,0.1,0,74.25,0,3,4,0
olid_15,2001,D1,oli,wldd,olid_15,oli_l,0,-5.909090909,na,na,na,na,na,na,na,na,na,na,na,na,na,na,na,na,na,na,na,na,na,na,na,na,na,na,na,na,na,na,na,na,na,na,na,na,na,na,na,na,na,na,19.75,,,,,,,,62,,,,,,,,,,,,,,,,,0.5,,,,,,,,,0,0,0,0,0,0,0,0.5,0,81.75,0,0,0,0
olid_16,2001,D2,oli,wldd,olid_16,oli_l,0,-5.909090909,0,9,,1,,,,,,,,4,,,,,,,,,,,4,,,,,,,,,,,,,,,,5,,,,19.25,,,,,,,,53,,,,,,,,,,,,,,0.325,,,0.3,,,,,,,,,4,4,0,0,0,6,0,0.625,0,72.25,0,0,6,0
olid_17,2001,D2,oli,wldd,olid_17,oli_l,0,-5.909090909,na,na,na,na,na,na,na,na,na,na,na,na,na,na,na,na,na,na,na,na,na,na,na,na,na,na,na,na,na,na,na,na,na,na,na,na,na,na,na,na,na,na,23.75,,,,,,,,73.75,,,,,,,,,,,,,,0.05,,,0.075,,,,,,,,,0,0,0,0,0,0,0,0.125,0,97.5,0,0,0,0
olid_18,2001,D2,oli,wldd,olid_18,oli_l,0,-5.909090909,0,19,,3,2,,,,,,,5,,,,,1,,,,,,10,,,,,,,,,,,,,,,,10,,,,27.5,,,,,,,,42.5,,,,,,,,,,,,,,0.075,,,,,,,,,,,,10,6,0,0,2,13,0,0.075,0,70,0,2,13,0
olid_19,2001,D2,oli,wldd,olid_19,oli_l,0,-5.909090909,na,na,na,na,na,na,na,na,na,na,na,na,na,na,na,na,na,na,na,na,na,na,na,na,na,na,na,na,na,na,na,na,na,na,na,na,na,na,na,na,na,na,8.25,,,,,,,,88.5,,,,,,,,,,,,,,0.175,,,,,,,,,,,,0,0,0,0,0,0,0,0.175,0,96.75,0,0,0,0
olid_20,2001,D2,oli,wldd,olid_20,oli_l,0,-5.909090909,0,5.1,,2,3,,,,,,,3,,,,,,,,,,,0.1,,,,,,,,,,,,,,,,2,,,,43.25,,,,,5,,,23.5,,,,,,,,,,,,,,0.05,,,,,,,,,,1.225,,0.1,3,0,0,3,4,1.225,0.05,0,71.75,0,3,4,0
olid_21,2001,E1,oli,wldd,olid_21,oli_l,0,-5.909090909,na,na,na,na,na,na,na,na,na,na,na,na,na,na,na,na,na,na,na,na,na,na,na,na,na,na,na,na,na,na,na,na,na,na,na,na,na,na,na,na,na,na,67.5,,,,,,,,11.25,,,,,,,,,,,,,,,,,,,,,,,,0.25,,0,0,0,0,0,0,0.25,0,0,78.75,0,0,0,0
olid_22,2001,E1,oli,wldd,olid_22,oli_l,0,-5.909090909,0,6,,5,1,,,,,,,1,,,,,,,,,,,,,,,,,,,,,,,,,,,2.1,,,,38.75,,,,,3.775,,,,,,,,,,,,,,0.5,,,,,,,,,,,,,,,0,1,0,0,1,7.1,0.5,0,0,42.525,0,1,7.1,0
olid_23,2001,E1,oli,wldd,olid_23,oli_l,0,-5.909090909,na,na,na,na,na,na,na,na,na,na,na,na,na,na,na,na,na,na,na,na,na,na,na,na,na,na,na,na,na,na,na,na,na,na,na,na,na,na,na,na,na,na,40,,,,,17.525,,,,,,,,,,,,,,0.325,,,,,,,,,,3.25,,,27.5,,0,0,0,0,0,0,31.075,0,0,57.525,0,0,0,0
olid_24,2001,E1,oli,wldd,olid_24,oli_l,0,-5.909090909,0,10,,5,,,,,,,,4,,,,,,,,,,,1,,,,,,,,,,,,,,,,20,,,,38,,,,,58.75,,,,,,,,,,,,,,0.55,,,,,,,,,,,,,0.8,,1,4,0,0,0,25,1.35,0,0,96.75,0,0,25,0
olid_25,2001,E1,oli,wldd,olid_25,oli_l,0,-5.909090909,na,na,na,na,na,na,na,na,na,na,na,na,na,na,na,na,na,na,na,na,na,na,na,na,na,na,na,na,na,na,na,na,na,na,na,na,na,na,na,na,na,na,16,,,,,47.5,,,10,,,,,,,,,,,8.75,,,,,,0.275,,,,,,,5.25,,0,0,0,0,0,0,14,0.275,0,73.5,0,0,0,0
olid_26,2001,E2,oli,wldd,olid_26,oli_l,0,-5.909090909,0,8,,5,4,,,,,,,2,,,,,,,,,,,1,,,,,,,,,,,,,,,,6,,,,25,,,,,41.75,,,11.75,,,0.5,,,,,,,,9,,,,,,,,,,,,,,,1,2,0,0,4,11,9,0,0,79,0,4,11,0
olid_27,2001,E2,oli,wldd,olid_27,oli_l,0,-5.909090909,na,na,na,na,na,na,na,na,na,na,na,na,na,na,na,na,na,na,na,na,na,na,na,na,na,na,na,na,na,na,na,na,na,na,na,na,na,na,na,na,na,na,6.25,,,,,37.5,,,43.75,,,,,,,,,,,,,,0.025,,,,,,,,,,,,0,0,0,0,0,0,0,0.025,0,87.5,0,0,0,0
olid_28,2001,E2,oli,wldd,olid_28,oli_l,0,-5.909090909,0,19,,10,5,,,,,,,7,,,,2,,,,,,,,,,,,,,,,,,,,,,,15,,,,28.75,,,,,13.75,,,26.25,,,,,,,,,,,0.05,,,,,,1.3,,,,,,,7.5,,0,9,0,0,5,25,7.55,1.3,0,68.75,0,5,25,0
olid_29,2001,E2,oli,wldd,olid_29,oli_l,0,-5.909090909,na,na,na,na,na,na,na,na,na,na,na,na,na,na,na,na,na,na,na,na,na,na,na,na,na,na,na,na,na,na,na,na,na,na,na,na,na,na,na,na,na,na,43.75,,,,,17,,,,,,,,,,,,,,1.05,,,,,,,,,,,,,2.5,,0,0,0,0,0,0,3.55,0,0,60.75,0,0,0,0
olid_30,2001,E2,oli,wldd,olid_30,oli_l,0,-5.909090909,0,38,,5,,,,,,,,15,,,,,,,,,,,3,,,,,,,,,,,,15,,,,8,,,,17.5,,,,,4.75,,,77.5,,,,,,na,,,,,0.075,,,,,,,,,,,,,,,18,15,0,0,0,13,0.075,0,0,99.75,0,0,13,0
olid_31,2001,F1,oli,wldd,olid_31,oli_l,0,-5.909090909,na,na,na,na,na,na,na,na,na,na,na,na,na,na,na,na,na,na,na,na,na,na,na,na,na,na,na,na,na,na,na,na,na,na,na,na,na,na,na,na,na,na,11.25,,,,,,,,77.5,,,,,,,,,,,,,,,,,3.025,,,,,,,0.025,,0,0,0,0,0,0,0.025,3.025,0,88.75,0,0,0,0
olid_32,2001,F1,oli,wldd,olid_32,oli_l,0,-5.909090909,0,10,,6,5,,,,,,,3,,,,,,,0.1,,,,1,,,,,,,,,,,,,,,,2,,,,10.25,,,,,,10,,78,,,,,,,,,,,,,,,,,0.775,,,,,,,,,1,3,0.1,0,5,8,0,0.775,10,88.25,0,5,8,0
olid_33,2001,F1,oli,wldd,olid_33,oli_l,0,-5.909090909,na,na,na,na,na,na,na,na,na,na,na,na,na,na,na,na,na,na,na,na,na,na,na,na,na,na,na,na,na,na,na,na,na,na,na,na,na,na,na,na,na,na,4.75,,,,,,,,64.25,,,,,,,,,,,,,,0.3,,,1,,,,,,,0.25,,0,0,0,0,0,0,0.25,1.3,0,69,0,0,0,0
olid_34,2001,F1,oli,wldd,olid_34,oli_l,0,-5.909090909,0,12.1,,4,3,,,,,,,8,,,,0.1,,,,,,,,,,,,,,0.1,,,,,,,,,5,,,,2.75,,,,,,0.5,,93.25,,,,,,,,,,,,,,,,,0.025,,,,,,,,,0,8.1,0,0,3,9.1,0,0.025,0.5,96,0,3,9,0.1
olid_35,2001,F1,oli,wldd,olid_35,oli_l,0,-5.909090909,na,na,na,na,na,na,na,na,na,na,na,na,na,na,na,na,na,na,na,na,na,na,na,na,na,na,na,na,na,na,na,na,na,na,na,na,na,na,na,na,na,na,23.25,,,,,,,,69.25,,,0.775,,,,,,,,,,,,,,0.25,,,,,,,,,0,0,0,0,0,0,0,0.25,0,93.275,0,0,0,0
olid_36,2001,F2,oli,wldd,olid_36,oli_l,0,-5.909090909,0,9.1,,3,1,,,,,,,5,,,,0.1,,,,,,,1,,,,,,,,,,,,,,,,2,,,,13,,,,,,,,50.5,,,,,,,,,,,0.275,,,,,,0.3,,,,,,,,,1,5.1,0,0,1,5,0.275,0.3,0,63.5,0,1,5,0
olid_37,2001,F2,oli,wldd,olid_37,oli_l,0,-5.909090909,na,na,na,na,na,na,na,na,na,na,na,na,na,na,na,na,na,na,na,na,na,na,na,na,na,na,na,na,na,na,na,na,na,na,na,na,na,na,na,na,na,na,6,,,,,,0.775,,86.25,,,,,,,,,,,,,,,,,0.275,,,,,,,,,0,0,0,0,0,0,0,0.275,0.775,92.25,0,0,0,0
olid_38,2001,F2,oli,wldd,olid_38,oli_l,0,-5.909090909,0,25,,2,1,,,,,,,20,,,,1,,,,,,,2,,,,,,,,,,,,,,,,2,,,,11.5,,,,,5.25,,,79,,,,,,,,,,,0.525,,,,,,0.3,,,,,,,,,2,21,0,0,1,4,0.525,0.3,0,95.75,0,1,4,0
olid_39,2001,F2,oli,wldd,olid_39,oli_l,0,-5.909090909,na,na,na,na,na,na,na,na,na,na,na,na,na,na,na,na,na,na,na,na,na,na,na,na,na,na,na,na,na,na,na,na,na,na,na,na,na,na,na,na,na,na,0.3,,,,,0.25,0.025,,97.5,,,,,,,,,,,0.025,,,,,,,,,,,,,,,0,0,0,0,0,0,0.025,0,0.025,98.05,0,0,0,0
olid_40,2001,F2,oli,wldd,olid_40,oli_l,0,-5.909090909,0,21,,15,,,,,,,,5,,,,,,,,,,,1,,,,,,,,,,,,,,,,4,,,,3.25,,,,,,,,88.25,,,,,,,,,,,,,,,,,0.075,,,,,,,,,1,5,0,0,0,19,0,0.075,0,91.5,0,0,19,0
ombc_01,2001,T1,omb,ctr,ombc_1,omb_hu,0,-1.704225352,na,na,na,na,na,na,na,na,na,na,na,na,na,na,na,na,na,na,na,na,na,na,na,na,na,na,na,na,na,na,na,na,na,na,na,na,na,na,na,na,na,na,8,26.25,,,31.75,,,,,,,,,,,,,,,,,,,,,,,,0.05,3.5,,,5.5,,0,0,0,0,0,0,9,0.05,0,34.25,31.75,0,0,0
ombc_02,2001,T1,omb,ctr,ombc_2,omb_hu,0,-1.704225352,0,35,,10,,,,,,,,,,,,,,,,,3,,2,,,,,,,,,20,,,,,,,0.3,,,,1,50.25,,,27.5,,,,,,,,,,,,,,,,,,,5.5,,,,,0.025,,,,0.3,,2,0,20,0,0,13.3,5.8,0.025,0,51.25,27.5,0,13.3,0
ombc_03,2001,T1,omb,ctr,ombc_3,omb_hu,0,-1.704225352,na,na,na,na,na,na,na,na,na,na,na,na,na,na,na,na,na,na,na,na,na,na,na,na,na,na,na,na,na,na,na,na,na,na,na,na,na,na,na,na,na,na,,42.5,,,,,,,,,,,,,,,,,,,,,,,,,,,,,,,6.25,,0,0,0,0,0,0,6.25,0,0,42.5,0,0,0,0
ombc_04,2001,T1,omb,ctr,ombc_4,omb_hu,0,-1.704225352,0,47,,1,,,,,,,,,,,,,,,,,30,,2,,,,,,,,,10,,,,,,,4,4,,,11.25,25,,,53.75,,,,,,,,,,,,,,,,,,,,,,,,0.275,,,,3.5,,2,0,10,0,4,35,3.5,0.275,0,36.25,53.75,4,35,0
ombc_05,2001,T1,omb,ctr,ombc_5,omb_hu,0,-1.704225352,na,na,na,na,na,na,na,na,na,na,na,na,na,na,na,na,na,na,na,na,na,na,na,na,na,na,na,na,na,na,na,na,na,na,na,na,na,na,na,na,na,na,,10,,,88,,,,,,,0.025,,,,,,,,,,,,,,,,,,,,na,,,0,0,0,0,0,0,0,0,0,10.025,88,0,0,0
ombc_06,2001,T2,omb,ctr,ombc_6,min_hl,0,-1.704225352,0,44,,7,,,,,,,,,,,,,,,,,15,,7,,,,,,,,,12,,,,,,,4,3,,,35,,,,56.25,,,,,,,,,,,,,,,2.5,,,,,,,,,,,,,7.75,,7,0,12,0,3,26,10.25,0,0,35,56.25,3,26,0
ombc_07,2001,T2,omb,ctr,ombc_7,min_hl,0,-1.704225352,na,na,na,na,na,na,na,na,na,na,na,na,na,na,na,na,na,na,na,na,na,na,na,na,na,na,na,na,na,na,na,na,na,na,na,na,na,na,na,na,na,na,94.75,,,,1.875,,,,,,,,,,,,,,,0.025,,,,,,,,,,0.025,,,2.5,,0,0,0,0,0,0,2.55,0,0,94.75,1.875,0,0,0
ombc_08,2001,T2,omb,ctr,ombc_8,omb_hu,0,-1.704225352,0,47.5,,5,,,,,,,,,,,,,,,,,20,,0.5,,,,,,,,,15,,,,,,,1,7,,,,6.5,,,90,,,,,,,,,,,,,,,,,,,,,,,,,,,,3.75,,0.5,0,15,0,7,26,3.75,0,0,6.5,90,7,26,0
ombc_09,2001,T2,omb,ctr,ombc_9,omb_ll,0,-1.704225352,na,na,na,na,na,na,na,na,na,na,na,na,na,na,na,na,na,na,na,na,na,na,na,na,na,na,na,na,na,na,na,na,na,na,na,na,na,na,na,na,na,na,,43.75,,,17.5,38.75,,,,,,,,,,,,,,,,,,,,,,,,,,,,,0,0,0,0,0,0,0,0,0,82.5,17.5,0,0,0
ombc_10,2001,T2,omb,ctr,ombc_10,omb_ll,0,-1.704225352,0,36.1,,3,,,,,,,,,,,,,,,,,18,,0.1,,,,,,,,,15,,,,,,,1,,,,,42,,,36.5,21.75,,,,,0.5,,,,,,,,,,,,,,,,,,,,,,,,0.1,0,15,0,0,22,0,0,0,63.75,37,0,22,0
ombc_11,2001,T3,omb,ctr,ombc_11,omb_ho,0,-1.704225352,na,na,na,na,na,na,na,na,na,na,na,na,na,na,na,na,na,na,na,na,na,na,na,na,na,na,na,na,na,na,na,na,na,na,na,na,na,na,na,na,na,na,,6,,87.25,,,,,,,,,,,,,,,,,,,,,,6.85,,,,,,,,,0,0,0,0,0,0,0,6.85,87.25,6,0,0,0,0
ombc_12,2001,T3,omb,ctr,ombc_12,omb_ho,0,-1.704225352,0,22,,4,,,,,,,,,,,,,,,,,10,,5,,,,,,,,,3,,,,,,,2.1,,,,,4.75,,91.25,,,,,,,,,,,,,,,,,,,,,,0.2,,,,,,,,,5,0,3,0,0,16.1,0,0.2,91.25,4.75,0,0,16.1,0
ombc_13,2001,T3,omb,ctr,ombc_13,omb_ho,0,-1.704225352,na,na,na,na,na,na,na,na,na,na,na,na,na,na,na,na,na,na,na,na,na,na,na,na,na,na,na,na,na,na,na,na,na,na,na,na,na,na,na,na,na,na,,3.25,,56.75,,35,,,,,,,,,,,,,,,,,,,,5.875,,,,,,,,,0,0,0,0,0,0,0,5.875,56.75,38.25,0,0,0,0
ombc_14,2001,T3,omb,ctr,ombc_14,omb_ho,0,-1.704225352,0,7,,,,,,,,,,,,,,,,,,,,,1,,,,,,,,,,,6,,,,,,,,,,14.5,,83.25,,1.75,,,,,,,,,,,,,,,,,,,,0.05,,,,,,,,,1,0,6,0,0,0,0,0.05,83.25,16.25,0,0,0,0
ombc_15,2001,T3,omb,ctr,ombc_15,omb_ho,0,-1.704225352,na,na,na,na,na,na,na,na,na,na,na,na,na,na,na,na,na,na,na,na,na,na,na,na,na,na,na,na,na,na,na,na,na,na,na,na,na,na,na,na,na,na,,,,100,,,,,,,,,,,,,,,,,,,,,,,,,,,,,,,0,0,0,0,0,0,0,0,100,0,0,0,0,0
ombc_16,2001,T4,omb,ctr,ombc_16,omb_ho,0,-1.704225352,0,2.5,,1.5,,,,,,,,,,,,,,,,,,,,,,,,,,,,,,1,,,,,0.1,,,,,7.25,,89.25,,,,,,,,,,,,,,,,,,,,,,0.5,,,,,,,,,0,0,1,0,0,1.6,0,0.5,89.25,7.25,0,0,1.6,0
ombc_17,2001,T4,omb,ctr,ombc_17,omb_hl,0,-1.704225352,na,na,na,na,na,na,na,na,na,na,na,na,na,na,na,na,na,na,na,na,na,na,na,na,na,na,na,na,na,na,na,na,na,na,na,na,na,na,na,na,na,na,,67.75,,,5.25,3.5,,,,,19.5,,,,,,,,,,,,,,,,,,0.05,,,,,,0,0,0,0,0,0,0,0.05,0,71.25,24.75,0,0,0
ombc_18,2001,T4,omb,ctr,ombc_18,omb_hu,0,-1.704225352,0,5,,2,,,,,,,,,,,,,,,,,,,3,,,,,,,,,,,,,,,,0.5,,,,,45.25,,,38.75,,,,,,0.25,,,,,,,,,,,,,,,,,,1.25,,,,3.775,,3,0,0,0,0,2.5,3.775,1.25,0,45.25,39,0,2.5,0
ombc_19,2001,T4,omb,ctr,ombc_19,omb_hu,0,-1.704225352,na,na,na,na,na,na,na,na,na,na,na,na,na,na,na,na,na,na,na,na,na,na,na,na,na,na,na,na,na,na,na,na,na,na,na,na,na,na,na,na,na,na,,31,,,65.5,,,,,,0.25,,,,,,,,,,,,,,,,,,,,,,,,0,0,0,0,0,0,0,0,0,31,65.75,0,0,0
ombc_20,2001,T4,omb,ctr,ombc_20,omb_hu,0,-1.704225352,0,39,,2,,,,,,,,,,,,,,,,,12,,20,,,,,,,,,,,,,,,,3.1,5,,,,,,,100,,,,,,,,,,,,,,,,,,,,,,,,,,,,,,20,0,0,0,5,17.1,0,0,0,0,100,5,17.1,0
ombc_21,2001,U1,omb,ctr,ombc_21,omb_hu,0,-1.704225352,na,na,na,na,na,na,na,na,na,na,na,na,na,na,na,na,na,na,na,na,na,na,na,na,na,na,na,na,na,na,na,na,na,na,na,na,na,na,na,na,na,na,,2.75,,,97,,,,,,0.3,,,,,,,,,,,,,,,,,,,,,,,,0,0,0,0,0,0,0,0,0,2.75,97.3,0,0,0
ombc_22,2001,U1,omb,ctr,ombc_22,omb_hu,0,-1.704225352,0,12,,2,,,,,,,,,,,,,,,,,3,,1,,,,,,,,,6,,,,,,,1.1,,,,,,,,100,,,,,,,,,,,,,,,,,,,,,,,,,,,,,,1,0,6,0,0,6.1,0,0,0,0,100,0,6.1,0
ombc_23,2001,U1,omb,ctr,ombc_23,omb_hl,0,-1.704225352,na,na,na,na,na,na,na,na,na,na,na,na,na,na,na,na,na,na,na,na,na,na,na,na,na,na,na,na,na,na,na,na,na,na,na,na,na,na,na,na,na,na,,15.5,,,19.5,,,,,,64.5,,,,,,,,,,,,,,,,,,,,,,,,0,0,0,0,0,0,0,0,0,15.5,84,0,0,0
ombc_24,2001,U1,omb,ctr,ombc_24,omb_hl,0,-1.704225352,0,13,,5,,,,,,,,,,,,,,,,,4,,3,,,,,,,,,1,,,,,,,2.1,,,,,32,,,50.75,3.5,,,,,7,,,,,,,,,,,,,,,,,,,,,,,,3,0,1,0,0,11.1,0,0,0,35.5,57.75,0,11.1,0
ombc_25,2001,U1,omb,ctr,ombc_25,omb_ho,0,-1.704225352,na,na,na,na,na,na,na,na,na,na,na,na,na,na,na,na,na,na,na,na,na,na,na,na,na,na,na,na,na,na,na,na,na,na,na,na,na,na,na,na,na,na,,47,,22.25,,6.5,,,,,0.5,,,,,,,,,,,,,,,20,,,,,,,,,0,0,0,0,0,0,0,20,22.25,53.5,0.5,0,0,0
ombc_26,2001,U2,omb,ctr,ombc_26,omb_ho,0,-1.704225352,0,13,,4,,,,,,,,,,,,,,,,,,,6,,,,,,,,,3,,,,,,,1,,,,,16.25,,47.5,,,,,,,,,,,,,,,,,,,,,,5.25,,,,,,,,,6,0,3,0,0,5,0,5.25,47.5,16.25,0,0,5,0
ombc_27,2001,U2,omb,ctr,ombc_27,omb_hu,0,-1.704225352,na,na,na,na,na,na,na,na,na,na,na,na,na,na,na,na,na,na,na,na,na,na,na,na,na,na,na,na,na,na,na,na,na,na,na,na,na,na,na,na,na,na,,44,,,50.75,,,,,,2.25,,,,,,,,,,,,,,,,,,17,,,,,,0,0,0,0,0,0,0,17,0,44,53,0,0,0
ombc_28,2001,U2,omb,ctr,ombc_28,omb_hl,0,-1.704225352,0,7,,3,,,,,,,,,,,,,,,1,,,,4,,,,,,,,,,,,,,,,1,,,,,41.25,,,58.75,,,,,,,,,,,,,,,,,,,,,,,,8,,,,,,4,0,1,0,0,4,0,8,0,41.25,58.75,0,4,0
ombc_29,2001,U2,omb,ctr,ombc_29,omb_hu,0,-1.704225352,na,na,na,na,na,na,na,na,na,na,na,na,na,na,na,na,na,na,na,na,na,na,na,na,na,na,na,na,na,na,na,na,na,na,na,na,na,na,na,na,na,na,,7.25,,,92,,,,,,0.5,,,,,,,,,,,,,,,,,,8.5,,,,,,0,0,0,0,0,0,0,8.5,0,7.25,92.5,0,0,0
ombc_30,2001,U2,omb,ctr,ombc_30,omb_ll,0,-1.704225352,0,34,,10,,,,,,,,,,,,,,,,,1,,3,,,,,,,,,20,,,,,,,3.1,,,,,61.75,,,,,,,,,,,,,,,,,,,,,,,,31.25,,,,,,,,,3,0,20,0,0,14.1,0,31.25,0,61.75,0,0,14.1,0
ombc_31,2001,U3,omb,ctr,ombc_31,omb_ll,0,-1.704225352,na,na,na,na,na,na,na,na,na,na,na,na,na,na,na,na,na,na,na,na,na,na,na,na,na,na,na,na,na,na,na,na,na,na,na,na,na,na,na,na,na,na,,76.25,,,2.25,11.525,,,,,3.525,,,,,,,,,,,,,,,0.05,,,,,,,,,0,0,0,0,0,0,0,0.05,0,87.775,5.775,0,0,0
ombc_32,2001,U3,omb,ctr,ombc_32,omb_ho,0,-1.704225352,0,11,,7,,,,,,,,,,,,,,,,,,,4,,,,,,,,,,,,,,,,1,,,,,92.75,,3.75,,,,,,,,,,,,,,,,,,,,,,0.05,,,,,,,,,4,0,0,0,0,8,0,0.05,3.75,92.75,0,0,8,0
ombc_33,2001,U3,omb,ctr,ombc_33,omb_ll,0,-1.704225352,na,na,na,na,na,na,na,na,na,na,na,na,na,na,na,na,na,na,na,na,na,na,na,na,na,na,na,na,na,na,na,na,na,na,na,na,na,na,na,na,na,na,,64.75,,0.275,,27.5,,,,,4,,,,,,,,,,,,,,,0.1,,,,,,,,,0,0,0,0,0,0,0,0.1,0.275,92.25,4,0,0,0
ombc_34,2001,U3,omb,ctr,ombc_34,omb_hu,0,-1.704225352,0,0,,,,,,,,,,,,,,,,,,,,,,,,,,,,,,,,,,,,,,,,,,1.5,,,94.5,,,,,,,,,,,,,,,,,,,,,0.025,,,,,,,,,0,0,0,0,0,0,0,0.025,0,1.5,94.5,0,0,0
ombc_35,2001,U3,omb,ctr,ombc_35,omb_hl,0,-1.704225352,na,na,na,na,na,na,na,na,na,na,na,na,na,na,na,na,na,na,na,na,na,na,na,na,na,na,na,na,na,na,na,na,na,na,na,na,na,na,na,na,na,na,,46.25,,,28.75,,,,,,22.5,,,,,,,,,,,,,,,0.1,,,0.025,,,,,,0,0,0,0,0,0,0,0.125,0,46.25,51.25,0,0,0
ombc_36,2001,U4,omb,ctr,ombc_36,omb_hu,0,-1.704225352,0,21,,7,,,,,,,,,,,,,,,,,,,2,,,,,,,,,5,,,,,,,1,7,,,,3.25,,,84.5,,,,,,,,,,,,,,,,,,,,,,,,0.775,0.5,,,,,2,0,5,0,7,8,0.5,0.775,0,3.25,84.5,7,8,0
ombc_37,2001,U4,omb,ctr,ombc_37,omb_hu,0,-1.704225352,na,na,na,na,na,na,na,na,na,na,na,na,na,na,na,na,na,na,na,na,na,na,na,na,na,na,na,na,na,na,na,na,na,na,na,na,na,na,na,na,na,na,,36.5,,,60.5,,,,,,,,,,,,,,,,,,,,,,,,0.05,0.025,,,,,0,0,0,0,0,0,0.025,0.05,0,36.5,60.5,0,0,0
ombc_38,2001,U4,omb,ctr,ombc_38,omb_hu,0,-1.704225352,0,31.1,,2,,,,,,,,,,,,,,,,,20,,4,,,,,,,,,0.1,,,,,,,6,5,,,,49.25,,,38.75,,,,,,,,,,,,,,,,,,,,,,,,,,,,,,4,0,0.1,0,5,28,0,0,0,49.25,38.75,5,28,0
ombc_39,2001,U4,omb,ctr,ombc_39,omb_hu,0,-1.704225352,na,na,na,na,na,na,na,na,na,na,na,na,na,na,na,na,na,na,na,na,na,na,na,na,na,na,na,na,na,na,na,na,na,na,na,na,na,na,na,na,na,na,,32.5,,,65,,,,,,,,,,,,,,,,,,,,,,,,,,,,,,0,0,0,0,0,0,0,0,0,32.5,65,0,0,0
ombc_40,2001,U4,omb,ctr,ombc_40,omb_hu,0,-1.704225352,0,40.1,,5,,,,,,,,,,,,0.1,,,,,20,,2,,,,,,,,,10,,,,,,,5,3,,,,19.25,,,77.75,,,,,,,,,,,,,,,,,,,,,,,,,,,,,,2,0.1,10,0,3,30,0,0,0,19.25,77.75,3,30,0
ombf_01,2001,Z1,omb,fst,ombf_1,,40,-17.5,na,na,na,na,na,na,na,na,na,na,na,na,na,na,na,na,na,na,na,na,na,na,na,na,na,na,na,na,na,na,na,na,na,na,na,na,na,na,na,na,na,na,,,,,,,,,,,,,,,,,,,,,,,,3,8.75,,,,,56.25,,,,,0,0,0,0,0,0,68,0,0,0,0,0,0,0
ombf_02,2001,Z1,omb,fst,ombf_2,,40,-17.5,0,24.2,,,,,,,,,,,,,,,,,,,0.2,,3,,5,,,,,,,15,,,,,,,,1,,,51.25,,,,,,,,,,,,,,,,,,,,,,,,,,,,,2,,,9.75,,3,0,15,0,1,5.2,11.75,0,0,51.25,0,1,5.2,0
ombf_03,2001,Z1,omb,fst,ombf_3,,40,-17.5,na,na,na,na,na,na,na,na,na,na,na,na,na,na,na,na,na,na,na,na,na,na,na,na,na,na,na,na,na,na,na,na,na,na,na,na,na,na,na,na,na,na,0.75,,,,,,,,,,,,,,,,,,,,,,,,,,,,,23,,,,,0,0,0,0,0,0,23,0,0,0.75,0,0,0,0
ombf_04,2001,Z1,omb,fst,ombf_4,,40,-17.5,0,72,,,,,,,,,,,,,,,,,,,7,,5,,,,,,,,,20,,,,,,,,40,,,,,,,,,,,,,,,,,,,,,,,,,,,,,,,,86.25,,,,,5,0,20,0,40,7,86.25,0,0,0,0,40,7,0
ombf_05,2001,Z1,omb,fst,ombf_5,,40,-17.5,na,na,na,na,na,na,na,na,na,na,na,na,na,na,na,na,na,na,na,na,na,na,na,na,na,na,na,na,na,na,na,na,na,na,na,na,na,na,na,na,na,na,,,,,,,,,,,,,,,,,,,,,,,,9,11,,,,,80.5,,,,,0,0,0,0,0,0,100.5,0,0,0,0,0,0,0
ombf_06,2001,Z2,omb,fst,ombf_6,,40,-17.5,0,64,,2,,,,,,,,,,,,,,,,,25,,2,,,,,,,,,5,,,,,,,,30,,,0.5,,,,95.25,,,,,,,,,,,,,,,,,,,,,,,,,,,,,,2,0,5,0,30,27,0,0,0,0.5,95.25,30,27,0
ombf_07,2001,Z2,omb,fst,ombf_7,,40,-17.5,na,na,na,na,na,na,na,na,na,na,na,na,na,na,na,na,na,na,na,na,na,na,na,na,na,na,na,na,na,na,na,na,na,na,na,na,na,na,na,na,na,na,24.75,,,,,,,,,,,,,,,,,,,,,,,,0.5,,,,,71,,,0.25,,0,0,0,0,0,0,71.75,0,0,24.75,0,0,0,0
ombf_08,2001,Z2,omb,fst,ombf_8,,40,-17.5,0,56,,2,,,,,,,,,,,,,,,,,30,,1,,,,,,,0.1,,15,,,,,,,2,8,,,,,,,,,,,,,,,,,,,,,,,,,,,10.025,,,,,61.25,,,,,1,0,15,0,8,34.1,71.275,0,0,0,0,8,34,0.1
ombf_09,2001,Z2,omb,fst,ombf_9,,40,-17.5,na,na,na,na,na,na,na,na,na,na,na,na,na,na,na,na,na,na,na,na,na,na,na,na,na,na,na,na,na,na,na,na,na,na,na,na,na,na,na,na,na,na,,,,,,,,,,,,,,,,,,,,0.25,,,,0.05,18.75,,,,,66.25,,,0.275,,0,0,0,0,0,0,85.575,0,0,0,0,0,0,0
ombf_10,2001,Z2,omb,fst,ombf_10,,40,-17.5,0,4,,,,,,,,,,,,,,,,,,,3,,,,,,,,,,,,,,,,,,,1,,,19,0.25,,,,,,,,,,,,,,,,,,,,,,6.275,2.5,,,,,57.5,,,0.55,,0,0,0,0,1,3,66.825,0,0,19.25,0,1,3,0
ombf_11,2001,AA1,omb,fst,ombf_11,,40,-17.5,na,na,na,na,na,na,na,na,na,na,na,na,na,na,na,na,na,na,na,na,na,na,na,na,na,na,na,na,na,na,na,na,na,na,na,na,na,na,na,na,na,na,,,,,,,,,,,,,,,,,,,,,,,,,,,,,,98.75,,,,,0,0,0,0,0,0,98.75,0,0,0,0,0,0,0
ombf_12,2001,AA1,omb,fst,ombf_12,,40,-17.5,0,4,,,,,,,,,,,,,,,,,,,,,4,,,,,,,,,,,,,,,,2,,,,16,,,,16.75,58.25,,,,,,,,,,,,,,0.05,,,,0.05,0.525,,,,,0.05,,,,,4,0,0,0,0,2,0.675,0,0,74.25,16.75,0,2,0
ombf_13,2001,AA1,omb,fst,ombf_13,,40,-17.5,na,na,na,na,na,na,na,na,na,na,na,na,na,na,na,na,na,na,na,na,na,na,na,na,na,na,na,na,na,na,na,na,na,na,na,na,na,na,na,na,na,na,67.5,,,,,,,,,,,,,,,,,,,0.25,,,0.025,,6.25,,,,0.025,2.775,,,,,0,0,0,0,0,0,9.275,0.05,0,67.5,0,0,0,0
ombf_14,2001,AA1,omb,fst,ombf_14,,40,-17.5,0,5,,,,,,,,,,,,,,,,,,,,,4,,,,,,,0.5,,,,,,,,,1,1,,,26,,,,25.5,,,,,,,,,,,,,,,,,,,0.025,,,,,0.025,39.75,,,,,4,0,0,0,1,1.5,39.775,0.025,0,26,25.5,1,1,0.5
ombf_15,2001,AA1,omb,fst,ombf_15,,40,-17.5,na,na,na,na,na,na,na,na,na,na,na,na,na,na,na,na,na,na,na,na,na,na,na,na,na,na,na,na,na,na,na,na,na,na,na,na,na,na,na,na,na,na,,,,,,,,,,,,,,,,,,,,0.025,,,,,0.05,,,,,97.75,,,,,0,0,0,0,0,0,97.825,0,0,0,0,0,0,0
ombf_16,2001,AA2,omb,fst,ombf_16,,40,-17.5,0,4,,,,,,,,,,,,,,,,,,,,,4,,,,,,,,,,,,,,,,2,,,,28.75,,,,34.75,,,,,,,,,,,,,,,8.5,,,,,3.8,,,,,2.25,,,,,4,0,0,0,0,2,14.55,0,0,28.75,34.75,0,2,0
ombf_17,2001,AA2,omb,fst,ombf_17,,40,-17.5,na,na,na,na,na,na,na,na,na,na,na,na,na,na,na,na,na,na,na,na,na,na,na,na,na,na,na,na,na,na,na,na,na,na,na,na,na,na,na,na,na,na,9.5,,,,6,,,,,,0.025,,,,,,,,,72,,,,,,,,,,1.75,,,,,0,0,0,0,0,0,73.75,0,0,9.5,6.025,0,0,0
ombf_18,2001,AA2,omb,fst,ombf_18,,40,-17.5,0,7,,,,,,,,,,,,,,,,,,,1,,2,,,,,,,,,4,,,,,,,1,,,,,,,,,,,,,,,,,,,,,,,24.25,,,,,0.5,,,,,65.25,,,,,2,0,4,0,0,2,90,0,0,0,0,0,2,0
ombf_19,2001,AA2,omb,fst,ombf_19,,40,-17.5,na,na,na,na,na,na,na,na,na,na,na,na,na,na,na,na,na,na,na,na,na,na,na,na,na,na,na,na,na,na,na,na,na,na,na,na,na,na,na,na,na,na,,,,,,,,,,,,,,,,,,,,0.05,,,,,31.25,,,,,55,,,,,0,0,0,0,0,0,86.3,0,0,0,0,0,0,0
ombf_20,2001,AA2,omb,fst,ombf_20,,40,-17.5,0,13,,,,,,,,,,,,,,,,,,,5,,5,,,,,,,,,3,,,,,,,3,,,,,,,,,,,,,,,0.025,,,,,,,,,,,,,0.5,,,,,87.25,,,2.75,,5,0,3,0,0,8,90.5,0,0,0.025,0,0,8,0
ombd_01,2001,V1,omb,wldd,ombd_1,omb_hl,1,-14.30666667,na,na,na,na,na,na,na,na,na,na,na,na,na,na,na,na,na,na,na,na,na,na,na,na,na,na,na,na,na,na,na,na,na,na,na,na,na,na,na,na,na,na,,38.75,,,57.5,,,,,,,,,,,,,,,,,,,,,,,,,,,,,,0,0,0,0,0,0,0,0,0,38.75,57.5,0,0,0
ombd_02,2001,V1,omb,wldd,ombd_2,omb_hu,1,-14.30666667,0,1.5,,1.5,,,,,,,,,,,,,,,,,,,,,,,,,,,,,,,,,,,,,,,,23.25,,,76.75,,,,,,,,,,,,,,,,,,,,,,,,,,,,1.375,,0,0,0,0,0,1.5,1.375,0,0,23.25,76.75,0,1.5,0
ombd_03,2001,V1,omb,wldd,ombd_3,omb_hl,1,-14.30666667,na,na,na,na,na,na,na,na,na,na,na,na,na,na,na,na,na,na,na,na,na,na,na,na,na,na,na,na,na,na,na,na,na,na,na,na,na,na,na,na,na,na,,22.75,,,72,0.25,,,,,1.025,,,,,,,,,,,,,,,,,,,,,,,,0,0,0,0,0,0,0,0,0,23,73.025,0,0,0
ombd_04,2001,V1,omb,wldd,ombd_4,omb_hl,1,-14.30666667,0,50.2,,35,,,,,,,,,,,,0.1,,,,,15,,0.1,,,,,,,,,,,,,,,,0.2,,,,,12.25,,,82,,,,,,7.5,,,,,,,,,,,,,,,,,,,,,,,,0.1,0.1,0,0,0,50.2,0,0,0,12.25,89.5,0,50.2,0
ombd_05,2001,V1,omb,wldd,ombd_5,omb_hu,1,-14.30666667,na,na,na,na,na,na,na,na,na,na,na,na,na,na,na,na,na,na,na,na,na,na,na,na,na,na,na,na,na,na,na,na,na,na,na,na,na,na,na,na,na,na,,3.25,,,96.75,,,,,,,,,,,,,,,,,,,,,,,,,,,,,,0,0,0,0,0,0,0,0,0,3.25,96.75,0,0,0
ombd_06,2001,V2,omb,wldd,ombd_6,omb_hl,1,-14.30666667,0,24.1,,20,,,,,,,,,,,,,,,,,1,,0.1,,,,,,,,,3,,,,,,,2.1,,,,,13.75,,,3.275,0.75,,,,,81,,,,,,,,,,,,,,,,,,,,,,,,0.1,0,3,0,0,23.1,0,0,0,14.5,84.275,0,23.1,0
ombd_07,2001,V2,omb,wldd,ombd_7,omb_hl,1,-14.30666667,na,na,na,na,na,na,na,na,na,na,na,na,na,na,na,na,na,na,na,na,na,na,na,na,na,na,na,na,na,na,na,na,na,na,na,na,na,na,na,na,na,na,,51,,,23.5,,,,,,23.5,,,,,,,,,,,,,,,,,,1.025,,,,,,0,0,0,0,0,0,0,1.025,0,51,47,0,0,0
ombd_08,2001,V2,omb,wldd,ombd_8,omb_hu,1,-14.30666667,0,32,,10,,,,,,,,,,,,,,,,,5,,2,,,,,,,,,12,,,,,,,1.5,3,,,,76.25,,,,,,,,,,,,,,,,,,,,,,,,,,,0.05,,,,,,2,0,12,0,3,16.5,0,0.05,0,76.25,0,3,16.5,0
ombd_09,2001,V2,omb,wldd,ombd_9,omb_hu,1,-14.30666667,na,na,na,na,na,na,na,na,na,na,na,na,na,na,na,na,na,na,na,na,na,na,na,na,na,na,na,na,na,na,na,na,na,na,na,na,na,na,na,na,na,na,,13.25,,,,,,,,,,,,,,,,,,,,,,,,,,,,,,,,,0,0,0,0,0,0,0,0,0,13.25,0,0,0,0
ombd_10,2001,V2,omb,wldd,ombd_10,omb_ll,1,-14.30666667,0,14,,4,,,,,,,,,,,,,,,,,,,10,,,,,,,,,,,,,,,,3,,,,,43,,45.75,,,,,,,,,,,,,,,,,,,,,,,,,,,,,,,10,0,0,0,0,7,0,0,45.75,43,0,0,7,0
ombd_11,2001,W1,omb,wldd,ombd_11,omb_hu,1,-14.30666667,na,na,na,na,na,na,na,na,na,na,na,na,na,na,na,na,na,na,na,na,na,na,na,na,na,na,na,na,na,na,na,na,na,na,na,na,na,na,na,na,na,na,,31.5,,,67.75,,,,,,,,,,,,,,,,,,,,,,,,,,,,,,0,0,0,0,0,0,0,0,0,31.5,67.75,0,0,0
ombd_12,2001,W1,omb,wldd,ombd_12,omb_hu,1,-14.30666667,0,3,,,,,,,,,,,1,,,,,,,,,,,,,,,,,,,,,2,,,,,,,,,,8.5,,,64,,,,,,,,,,,,,,,,,,,,,,,,0.025,,,,,,0,1,2,0,0,0,0,0.025,0,8.5,64,0,0,0
ombd_13,2001,W1,omb,wldd,ombd_13,omb_hu,1,-14.30666667,na,na,na,na,na,na,na,na,na,na,na,na,na,na,na,na,na,na,na,na,na,na,na,na,na,na,na,na,na,na,na,na,na,na,na,na,na,na,na,na,na,na,,10.75,,,79.25,,,,,,7.75,,,,,,,,,,,,,,,,,,10.75,,,,,,0,0,0,0,0,0,0,10.75,0,10.75,87,0,0,0
ombd_14,2001,W1,omb,wldd,ombd_14,omb_ll,1,-14.30666667,0,33.1,,12,,,,,,,,,,,,0.1,,,,,9,,4,,,,,,,,,8,,,,,,,3.1,,,,,77.25,,,0.5,,,,,,1.5,,,,,,,,,,,,,,,3.75,,,,,,,,,4,0.1,8,0,0,24.1,0,3.75,0,77.25,2,0,24.1,0
ombd_15,2001,W1,omb,wldd,ombd_15,omb_ll,1,-14.30666667,na,na,na,na,na,na,na,na,na,na,na,na,na,na,na,na,na,na,na,na,na,na,na,na,na,na,na,na,na,na,na,na,na,na,na,na,na,na,na,na,na,na,,26.25,,1.275,,,,,,,,,,,,,,,,,,,,,,26.25,,,0.025,,,,,,0,0,0,0,0,0,0,26.275,1.275,26.25,0,0,0,0
ombd_16,2001,W2,omb,wldd,ombd_16,omb_hu,1,-14.30666667,0,20,,10,,,,,,,,,,,,,,,,,,,9,,,,,,,,,,,,,,,,2,1,,,,32.25,,,47.5,,,,,,1.525,,,,,,,,,,,,,,,,,,1.275,,,,,,9,0,0,0,1,12,0,1.275,0,32.25,49.025,1,12,0
ombd_17,2001,W2,omb,wldd,ombd_17,omb_ll,1,-14.30666667,na,na,na,na,na,na,na,na,na,na,na,na,na,na,na,na,na,na,na,na,na,na,na,na,na,na,na,na,na,na,na,na,na,na,na,na,na,na,na,na,na,na,,26,,,,,,,,,1.25,,,,,,,,,,,,,,,,,,0.25,,,,,,0,0,0,0,0,0,0,0.25,0,26,1.25,0,0,0
ombd_18,2001,W2,omb,wldd,ombd_18,omb_ho,1,-14.30666667,0,14.1,,9,,,,,,,,,,,,,,,,,0.1,,4,,,,,,,,,,,,,,,,,1,,,,26.25,,,,0.25,,,,,,,,,,,,,,,,,,,,0.025,,,,,,,,,4,0,0,0,1,9.1,0,0.025,0,26.5,0,1,9.1,0
ombd_19,2001,W2,omb,wldd,ombd_19,omb_hl,1,-14.30666667,na,na,na,na,na,na,na,na,na,na,na,na,na,na,na,na,na,na,na,na,na,na,na,na,na,na,na,na,na,na,na,na,na,na,na,na,na,na,na,na,na,na,,25.5,,,38,5,,,,,30.75,,,,,,,,,,,,,,,,,,,,,,,,0,0,0,0,0,0,0,0,0,30.5,68.75,0,0,0
ombd_20,2001,W2,omb,wldd,ombd_20,omb_hl,1,-14.30666667,0,4,,3,,,,,,,,,,,,,,,,,,,,,,,,,,,,,,1,,,,,,,,,,11.5,,,40.25,4,,,,,40.5,,,,,,,,,,,,,,,,,,0.025,,,,,,0,0,1,0,0,3,0,0.025,0,15.5,80.75,0,3,0
ombd_21,2001,X1,omb,wldd,ombd_21,omb_hu,1,-14.30666667,na,na,na,na,na,na,na,na,na,na,na,na,na,na,na,na,na,na,na,na,na,na,na,na,na,na,na,na,na,na,na,na,na,na,na,na,na,na,na,na,na,na,,73.75,,,21.25,2,,,,,,,,,,,,,,,,,,,,,,,0.025,,,,,,0,0,0,0,0,0,0,0.025,0,75.75,21.25,0,0,0
ombd_22,2001,X1,omb,wldd,ombd_22,omb_hu,1,-14.30666667,0,28.1,,10,,,,,,,,,,,,2,,,0.1,,1,,0.1,,,,,,,,,5,,,,,,,1.1,10,,,,16.25,,,82.75,,,,,,,,,,,,,,,,,,,,,,,,,,,,,,0.1,2,5.1,0,10,12.1,0,0,0,16.25,82.75,10,12.1,0
ombd_23,2001,X1,omb,wldd,ombd_23,omb_hl,1,-14.30666667,na,na,na,na,na,na,na,na,na,na,na,na,na,na,na,na,na,na,na,na,na,na,na,na,na,na,na,na,na,na,na,na,na,na,na,na,na,na,na,na,na,na,,36,,,39.25,5.5,3.5,,,,16.75,,,,,,,,,,,,,,,,,,0.275,,,,,,0,0,0,0,0,0,0,0.275,3.5,41.5,56,0,0,0
ombd_24,2001,X1,omb,wldd,ombd_24,omb_hl,1,-14.30666667,0,24,,13,,,,,,,,,,,,,,,,,3,,1,,,,,,,,,7,,,,,,,3.1,,,,,65.5,,,0.5,1.75,,,,,2.5,,,,,,,,,,,,,,,,,,,,,,,,1,0,7,0,0,19.1,0,0,0,67.25,3,0,19.1,0
ombd_25,2001,X1,omb,wldd,ombd_25,omb_hu,1,-14.30666667,na,na,na,na,na,na,na,na,na,na,na,na,na,na,na,na,na,na,na,na,na,na,na,na,na,na,na,na,na,na,na,na,na,na,na,na,na,na,na,na,na,na,,71.75,,,,,,,,,3.5,,,,,,,,,,,,,,,,,,,,,,,,0,0,0,0,0,0,0,0,0,71.75,3.5,0,0,0
ombd_26,2001,X2,omb,wldd,ombd_26,omb_hl,1,-14.30666667,0,7,,4,,,,,,,,,,,,,,,,,,,3,,,,,,,,,,,,,,,,3,,,,,51,,,34.25,17.25,,,,,,,,,,,,,,,,,,,,,,,,,,,,,3,0,0,0,0,7,0,0,0,68.25,34.25,0,7,0
ombd_27,2001,X2,omb,wldd,ombd_27,omb_hl,1,-14.30666667,na,na,na,na,na,na,na,na,na,na,na,na,na,na,na,na,na,na,na,na,na,na,na,na,na,na,na,na,na,na,na,na,na,na,na,na,na,na,na,na,na,na,,59.75,,,17,2.5,,,,,19.5,,,,,,,,,,,,,,,,,,,,,,,,0,0,0,0,0,0,0,0,0,62.25,36.5,0,0,0
ombd_28,2001,X2,omb,wldd,ombd_28,omb_ll,1,-14.30666667,0,19,,10,,,,,,,,,,,,,,,,,2,,2,,,,,,,0.1,,5,,,,,,,2,,,,,7.25,,,81.75,8.5,,,,,,,,,,,,,,,,,,,,,,,,,,,2,,2,0,5,0,0,14.1,2,0,0,15.75,81.75,0,14,0.1
ombd_29,2001,X2,omb,wldd,ombd_29,omb_ho,1,-14.30666667,na,na,na,na,na,na,na,na,na,na,na,na,na,na,na,na,na,na,na,na,na,na,na,na,na,na,na,na,na,na,na,na,na,na,na,na,na,na,na,na,na,na,,10.5,,,86.5,0.75,,,,,2.25,,,,,,,,,,,,,,,,,,,,,,3.25,,0,0,0,0,0,0,3.25,0,0,11.25,88.75,0,0,0
ombd_30,2001,X2,omb,wldd,ombd_30,omb_hl,1,-14.30666667,0,22.1,,12,,,,,,,,,,,,1,,,,,1,,0.1,,,,,,,,,5,,,,,,,1,3,,,,12.5,,,72.75,14.75,,,,,,,,,,,,,,,,,,,,,,,,,,,,,0.1,1,5,0,3,14,0,0,0,27.25,72.75,3,14,0
ombd_31,2001,Y1,omb,wldd,ombd_31,omb_hl,1,-14.30666667,na,na,na,na,na,na,na,na,na,na,na,na,na,na,na,na,na,na,na,na,na,na,na,na,na,na,na,na,na,na,na,na,na,na,na,na,na,na,na,na,na,na,,22.5,,,13,2,,,,,60,,,,,,,,,,,,,,,,,,0.025,,,,,,0,0,0,0,0,0,0,0.025,0,24.5,73,0,0,0
ombd_32,2001,Y1,omb,wldd,ombd_32,omb_hl,1,-14.30666667,0,32.1,,8,,,,,,,,,,,,0.1,,,,,4,,7,,,,,,,,,5,,,,,,,1.1,8,,,,10.75,,,80.5,0.25,,,,,5,,,,,,,,,,,,,,,0.025,,,,,,,,,7,0.1,5,0,8,13.1,0,0.025,0,11,85.5,8,13.1,0
ombd_33,2001,Y1,omb,wldd,ombd_33,omb_hl,1,-14.30666667,na,na,na,na,na,na,na,na,na,na,na,na,na,na,na,na,na,na,na,na,na,na,na,na,na,na,na,na,na,na,na,na,na,na,na,na,na,na,na,na,na,na,,50.75,,,4.5,6.5,,,,,27.5,,,,,,,,,,,,,,,0.35,,,0.025,,,,,,0,0,0,0,0,0,0,0.375,0,57.25,32,0,0,0
ombd_34,2001,Y1,omb,wldd,ombd_34,omb_hl,1,-14.30666667,0,13,,4,,,,,,,,,,,,,,,0.1,,1,,3,,,,,,,,,5,,,,,,,1,,,,,42.5,,,14.25,5.25,,,,,33,,,,,,,,,,,,,,,0.05,,,0.3,,,,,,3,0,5.1,0,0,6,0,0.35,0,47.75,47.25,0,6,0
ombd_35,2001,Y1,omb,wldd,ombd_35,omb_hl,1,-14.30666667,na,na,na,na,na,na,na,na,na,na,na,na,na,na,na,na,na,na,na,na,na,na,na,na,na,na,na,na,na,na,na,na,na,na,na,na,na,na,na,na,na,na,,15.25,,,9.25,2.8,,,,,71.25,,,,,,,,,,,,,,,,,,0.2,,,,,,0,0,0,0,0,0,0,0.2,0,18.05,80.5,0,0,0
ombd_36,2001,Y2,omb,wldd,ombd_36,omb_hu,1,-14.30666667,0,12,,7,,,,,,,,,,,,,,,0.1,,,,5,,,,,,,,,,,,,,,,3,,,,,6.75,,,85.5,,,,,,,,,,,,,,,,,,,,,,,,0.025,,,,,,5,0,0.1,0,0,10,0,0.025,0,6.75,85.5,0,10,0
ombd_37,2001,Y2,omb,wldd,ombd_37,omb_hu,1,-14.30666667,na,na,na,na,na,na,na,na,na,na,na,na,na,na,na,na,na,na,na,na,na,na,na,na,na,na,na,na,na,na,na,na,na,na,na,na,na,na,na,na,na,na,,10.125,,,87,,,,,,,,,,,,,,,,,,,,,,,,0.05,,,,,,0,0,0,0,0,0,0,0.05,0,10.125,87,0,0,0
ombd_38,2001,Y2,omb,wldd,ombd_38,omb_hu,1,-14.30666667,0,21.5,,3,,,,,,,,,,,,0.5,,,0.1,,10,,1,,,,,,,,,2,,,,,,,2,5,,,,46,,,50,0.025,,,,,,,,,,,,,,,,,,,,,,,,,,,,,1,0.5,2.1,0,5,15,0,0,0,46.025,50,5,15,0
ombd_39,2001,Y2,omb,wldd,ombd_39,omb_hu,1,-14.30666667,na,na,na,na,na,na,na,na,na,na,na,na,na,na,na,na,na,na,na,na,na,na,na,na,na,na,na,na,na,na,na,na,na,na,na,na,na,na,na,na,na,na,,2.25,,,95.5,,,,,,,,,,,,,,,,,,,,,,,,,,,,,,0,0,0,0,0,0,0,0,0,2.25,95.5,0,0,0
ombd_40,2001,Y2,omb,wldd,ombd_40,omb_ho,1,-14.30666667,0,15.5,,7,,,,,,,,,,,,0.5,,,,,2,,1,,,,,,,,,5,,,,,,,0.1,,,,,88.75,,3.75,,,,,,,,,,,,,,,,,,,,,,0.575,,,,,,,,,1,0.5,5,0,0,9.1,0,0.575,3.75,88.75,0,0,9.1,0
mesc_01,2002,I1,mes,ctr,mesc_1,min_hl,0,-1.180555556,na,na,na,na,na,na,na,na,na,na,na,na,na,na,na,na,na,na,na,na,na,na,na,na,na,na,na,na,na,na,na,na,na,na,na,na,na,na,na,na,na,na,97,,,,,,,,,,,,,,,,,,,,,,0.05,,,,,,,,,,,,0,0,0,0,0,0,0,0.05,0,97,0,0,0,0
mesc_02,2002,I1,mes,ctr,mesc_2,min_hl,0,-1.180555556,0,28.1,,1,,,,,,,,0.1,,,,,,,,,15,,10,,,,,2,,,,,,,,,,,11,,,,86.25,,,,,,,,,,,,,,,,,,,,,,0.075,,,,,,,,,,,,10,0.1,2,0,0,27,0,0.075,0,86.25,0,0,27,0
mesc_03,2002,I1,mes,ctr,mesc_3,mes_l,0,-1.180555556,na,na,na,na,na,na,na,na,na,na,na,na,na,na,na,na,na,na,na,na,na,na,na,na,na,na,na,na,na,na,na,na,na,na,na,na,na,na,na,na,na,na,,,,,,,,,,,,,,,0.15,,3,,,,,,0.1,,,,,,,,,,,,0,0,0,0,0,0,0,0.1,0.15,3,0,0,0,0
mesc_04,2002,I1,mes,ctr,mesc_4,mes_l,0,-1.180555556,0,36,,15,,,,,,,,20,,,,,,,,,,,,,,,,,,,,,,1,,,,,5,,,,74.5,,,,,,,,,,,,,,,,0.125,,,0.4,,,0.05,,,,,,,,,,4.525,,0,20,1,0,0,20,4.925,0.05,0,74.625,0,0,20,0
mesc_05,2002,I1,mes,ctr,mesc_5,mes_l,0,-1.180555556,na,na,na,na,na,na,na,na,na,na,na,na,na,na,na,na,na,na,na,na,na,na,na,na,na,na,na,na,na,na,na,na,na,na,na,na,na,na,na,na,na,na,,,,,,,,,,,,,,,0.025,,,,,,,,0.05,,,0.025,,,,,,,,,0,0,0,0,0,0,0,0.075,0.025,0,0,0,0,0
mesc_06,2002,I2,mes,ctr,mesc_6,oli_l,0,-1.180555556,0,37,,5,,,,,,,,10,,,,,1,,,,20,,,,,,,,,,1,,,,,,,,3,,,,63.25,,,,,30.75,,,,,,,,,,,,,,,,,,,,,,,,,,,,,0,11,1,0,0,28,0,0,0,94,0,0,28,0
mesc_07,2002,I2,mes,ctr,mesc_7,oli_l,0,-1.180555556,na,na,na,na,na,na,na,na,na,na,na,na,na,na,na,na,na,na,na,na,na,na,na,na,na,na,na,na,na,na,na,na,na,na,na,na,na,na,na,na,na,na,25.5,,,,,67.5,,,,,,,,,,,,,,0.55,,,0.025,,,,,,,,,,,,0,0,0,0,0,0,0.55,0.025,0,93,0,0,0,0
mesc_08,2002,I2,mes,ctr,mesc_8,oli_l,0,-1.180555556,0,16.8,,7,5,,,,,2,,,0.3,,,2,,,,,,,2,,,,,3,,,,,,0.5,,,,,10,,,,80,,,,,5.5,,,,,,,,,,,,,,0.025,,,0.25,,,,,,,,,,,,2,4.3,3.5,0,5,17,0.025,0.25,0,85.5,0,5,17,0
mesc_09,2002,I2,mes,ctr,mesc_9,mes_ho,0,-1.180555556,na,na,na,na,na,na,na,na,na,na,na,na,na,na,na,na,na,na,na,na,na,na,na,na,na,na,na,na,na,na,na,na,na,na,na,na,na,na,na,na,na,na,,,,,,,,,,,,,,,,,,,,,,,,,,4,,,,,,,,,0,0,0,0,0,0,0,4,0,0,0,0,0,0
mesc_10,2002,I2,mes,ctr,mesc_10,oli_l,0,-1.180555556,0,21,,5,0.5,,,,,,,7,,,,,3,,,,,,,,,,,,,,,,,5,1,,,,3,,,,4.75,,,,,21.75,,,,,,,,,,,0.25,,,52.5,,,,,,,,,,0.5,,,,,1,10,5,0,0.5,8,53,0,0,26.75,0,0.5,8,0
mesc_11,2002,J1,mes,ctr,mesc_11,min_hl,0,-1.180555556,na,na,na,na,na,na,na,na,na,na,na,na,na,na,na,na,na,na,na,na,na,na,na,na,na,na,na,na,na,na,na,na,na,na,na,na,na,na,na,na,na,na,98,,,,,,,,,,,,,,,,,,,,,,0.1,,,,,,,,,,,,0,0,0,0,0,0,0,0.1,0,98,0,0,0,0
mesc_12,2002,J1,mes,ctr,mesc_12,mes_ho,0,-1.180555556,0,27,,2,0.5,,,,,,,15,,,,,7,,,,,3,,,,,,,,,,,,,,,,,3,,,,1.775,,,,,,,,,,,,,,,,1.625,,,,,,,,,,,,,,,,,,0,25,0,0,0.5,5,0,0,0,3.4,0,0.5,5,0
mesc_13,2002,J1,mes,ctr,mesc_13,min_hl,0,-1.180555556,na,na,na,na,na,na,na,na,na,na,na,na,na,na,na,na,na,na,na,na,na,na,na,na,na,na,na,na,na,na,na,na,na,na,na,na,na,na,na,na,na,na,16.25,,,,,,,,,,,,,,,,,,,0.025,,,,,,,,,,13,,,16.5,,0,0,0,0,0,0,29.525,0,0,16.25,0,0,0,0
mesc_14,2002,J1,mes,ctr,mesc_14,mes_l,0,-1.180555556,0,21.5,,8,,0.5,,,1,,,7,,,,,2,,,,,3,0.5,,,,,,,,,,,,,,5,,1,,,,1.375,,,,,,,,,,,,,,,,0.25,,,,,,0.55,,,1.025,,,,,,,,,0.5,13,5,0,0.5,9,0,1.575,0,1.625,0,0,9,0.5
mesc_15,2002,J1,mes,ctr,mesc_15,oli_l,0,-1.180555556,na,na,na,na,na,na,na,na,na,na,na,na,na,na,na,na,na,na,na,na,na,na,na,na,na,na,na,na,na,na,na,na,na,na,na,na,na,na,na,na,na,na,7.125,,,,,,,,93.75,,,,,,,,,,,0.1,,,0.05,,,,,,,,,,,,0,0,0,0,0,0,0.1,0.05,0,100.875,0,0,0,0
mesc_16,2002,J2,mes,ctr,mesc_16,mes_l,0,-1.180555556,0,9.5,,0.5,,,,,0.5,,,7,,0.7,,,0.5,,,,,0.1,0.1,,,,,,,,,,,0.1,,,2,,1,,,,8.5,,,,,,,,,,,,,,,,21.25,,,0.1,,,,,,0.125,,,,,,,,,0.1,8.8,2.1,0,0,1.5,0.1,0.125,0,29.75,0,0,1.5,0
mesc_17,2002,J2,mes,ctr,mesc_17,oli_l,0,-1.180555556,na,na,na,na,na,na,na,na,na,na,na,na,na,na,na,na,na,na,na,na,na,na,na,na,na,na,na,na,na,na,na,na,na,na,na,na,na,na,na,na,na,na,33.5,,,,,3,,,,,,,,,,,,,,0.325,,,0.1,,,0.025,,,,,,,,,0,0,0,0,0,0,0.325,0.125,0,36.5,0,0,0,0
mesc_18,2002,J2,mes,ctr,mesc_18,min_hl,0,-1.180555556,0,7.5,,1,2,,,,0.5,,,5,0.5,,,,0.5,,,,,,,,,,,,,,,,,,,,,,1,,,,72.75,,,,,1,,,,,,,,,,,,,,0.325,,,0.1,,,,,,,1.025,,,,,0,6.5,0,0,2,2,1.35,0.1,0,73.75,0,2,2,0
mesc_19,2002,J2,mes,ctr,mesc_19,mes_ho,0,-1.180555556,na,na,na,na,na,na,na,na,na,na,na,na,na,na,na,na,na,na,na,na,na,na,na,na,na,na,na,na,na,na,na,na,na,na,na,na,na,na,na,na,na,na,,,,,,,,,,,,,,,,,,,,,,,,,,,,,,,,,,,0,0,0,0,0,0,0,0,0,0,0,0,0,0
mesc_20,2002,J2,mes,ctr,mesc_20,mes_ho,0,-1.180555556,0,12.8,,1,0.1,,,,,,,10,,,,,0.2,,,,1,0.5,0.1,,,,,,,,,,,,,,,,2,,,,,,,,,,,,,,,,,,,,,,,,,,,,,2,,,,,,,,,0.1,10.7,0,0,0.1,4,0,2,0,0,0,0.1,4,0
mesc_21,2002,K,mes,ctr,mesc_21,mes_l,0,-1.180555556,na,na,na,na,na,na,na,na,na,na,na,na,na,na,na,na,na,na,na,na,na,na,na,na,na,na,na,na,na,na,na,na,na,na,na,na,na,na,na,na,na,na,11.875,,,,,,,,,,,,,,,,1.875,,,,,,0.3,,,,,,,,,,,,0,0,0,0,0,0,0,0.3,0,13.75,0,0,0,0
mesc_22,2002,K,mes,ctr,mesc_22,mes_l,0,-1.180555556,0,27.5,,0.5,,,,,,,,25,,,,,,,,,2,,,,,,,,,,,,,,,,2,,2,,,,10.25,,,,,,,,,,,,,,0.025,,2.75,,,,,,0.525,,,,,,,,,,,,0,25,2,0,0,4.5,0,0.525,0.025,13,0,0,4.5,0
mesc_23,2002,K,mes,ctr,mesc_23,mes_ho,0,-1.180555556,na,na,na,na,na,na,na,na,na,na,na,na,na,na,na,na,na,na,na,na,na,na,na,na,na,na,na,na,na,na,na,na,na,na,na,na,na,na,na,na,na,na,,,,,,,,,,,,,,,,,,,,,,,,,,,,,,,,,,,0,0,0,0,0,0,0,0,0,0,0,0,0,0
mesc_24,2002,K,mes,ctr,mesc_24,mes_ho,0,-1.180555556,0,30.2,,10,,,,,,,,20,,,,,,,,,,0.1,,,,,,,,,,,,0.1,,,15,,1,,,,,,,,,,,,,,,,,,1.75,,0.275,,,,,,,,,0.075,,3.25,,,,,,,0,20.1,15.1,0,0,11,0,3.325,1.75,0.275,0,0,11,0
mesc_25,2002,K,mes,ctr,mesc_25,omb_hu,0,-1.180555556,na,na,na,na,na,na,na,na,na,na,na,na,na,na,na,na,na,na,na,na,na,na,na,na,na,na,na,na,na,na,na,na,na,na,na,na,na,na,na,na,na,na,,,,,97.75,,,,,,,,,,,,,,,,,,,,,,,,,,,,,,0,0,0,0,0,0,0,0,0,0,97.75,0,0,0
mesc_26,2002,L,mes,ctr,mesc_26,mes_l,0,-1.180555556,0,22,,2,,,,,,,,14,,,,,1,,,,,,,,,,,,,,5,,,,,,5,,3,,,,17.5,,,,,,,,,,,,,,,,,,,,,,0.3,,,,,,,,,,,,0,15,10,0,0,5,0,0.3,0,17.5,0,0,5,0
mesc_27,2002,L,mes,ctr,mesc_27,min_hl,0,-1.180555556,na,na,na,na,na,na,na,na,na,na,na,na,na,na,na,na,na,na,na,na,na,na,na,na,na,na,na,na,na,na,na,na,na,na,na,na,na,na,na,na,na,na,89.5,,,,,,,,,,,,,,,,,,,0.125,,,0.225,,,,,,,,,,,,0,0,0,0,0,0,0.125,0.225,0,89.5,0,0,0,0
mesc_28,2002,L,mes,ctr,mesc_28,mes_ho,0,-1.180555556,0,53,,3,,,,,,,,50,,,,,,,,,,,,,,,,,,,,,,,,,,,5,,,,,,,,,,,,,,,,,,,,,,,,,,,,,0.125,,,,,,,,,0,50,0,0,0,8,0,0.125,0,0,0,0,8,0
mesc_29,2002,L,mes,ctr,mesc_29,mes_ho,0,-1.180555556,na,na,na,na,na,na,na,na,na,na,na,na,na,na,na,na,na,na,na,na,na,na,na,na,na,na,na,na,na,na,na,na,na,na,na,na,na,na,na,na,na,na,0.125,,,,,,,,,,,,,,2.25,,,,,,,,,,,1.25,,,,,,,,,0,0,0,0,0,0,0,1.25,2.25,0.125,0,0,0,0
mesc_30,2002,L,mes,ctr,mesc_30,min_hl,0,-1.180555556,0,35,,2,,,,,,,,30,,,,,,,,,,3,,,,,,,,,,,,,,,,,1,,,,15.5,,,,,,,,,,,,,,,,,,,3.5,,,0.25,,,,,,,1.375,,,,,0,33,0,0,0,3,4.875,0.25,0,15.5,0,0,3,0
mesc_31,2002,M1,mes,ctr,mesc_31,oli_l,0,-1.180555556,na,na,na,na,na,na,na,na,na,na,na,na,na,na,na,na,na,na,na,na,na,na,na,na,na,na,na,na,na,na,na,na,na,na,na,na,na,na,na,na,na,na,84.65,,,,,6.25,,,,,,,,,,,,,,0.9,,,,,,,,,,,,,,,0,0,0,0,0,0,0.9,0,0,90.9,0,0,0,0
mesc_32,2002,M1,mes,ctr,mesc_32,omb_hu,0,-1.180555556,0,17,,3,0.5,,,,,,,7,,,,,,,,,5,,2,,,,,,,,,,,,,,,,15,,,,0.25,,,,64,14,,,,,,,,,,,,,,,,,,,,0.5,,,,,,,28.75,,2,7,0,0,0.5,23,28.75,0.5,0,14.25,64,0.5,23,0
mesc_33,2002,M1,mes,ctr,mesc_33,omb_hu,0,-1.180555556,na,na,na,na,na,na,na,na,na,na,na,na,na,na,na,na,na,na,na,na,na,na,na,na,na,na,na,na,na,na,na,na,na,na,na,na,na,na,na,na,na,na,,,,,59,15.5,,,,,,,,,,,,,,,,,,,,,,,,,,,25,,0,0,0,0,0,0,25,0,0,15.5,59,0,0,0
mesc_34,2002,M1,mes,ctr,mesc_34,min_hl,0,-1.180555556,0,10,,2,0.5,,,,,,,5,,,,2,,,,,0.5,0.5,,,,,,,,,,,,,,,,,5,,,,10.5,,,,,,,,,,,,,,,,,,,2.25,,,0.775,,,0.025,,,,,,,0.3,,0,7.5,0,0,0.5,7.5,2.55,0.8,0,10.5,0,0.5,7.5,0
mesc_35,2002,M1,mes,ctr,mesc_35,mes_l,0,-1.180555556,na,na,na,na,na,na,na,na,na,na,na,na,na,na,na,na,na,na,na,na,na,na,na,na,na,na,na,na,na,na,na,na,na,na,na,na,na,na,na,na,na,na,5,,,,,,,0.625,,,,,,,0.15,,1,,,0.25,,,0.875,,,1,,,,,,,,,0,0,0,0,0,0,0.25,1.875,0.775,6,0,0,0,0
mesc_36,2002,M2,mes,ctr,mesc_36,mes_ho,0,-1.180555556,0,10,,2,1,,,,1,,,5,,,,,2,,,,,,,,,,,,,,,,,,,,,,10,,,,,,,,,,,,,,,,,,,,0.025,,,,,,,,,,,,,,,,,,0,8,0,0,1,12,0,0,0,0.025,0,1,12,0
mesc_37,2002,M2,mes,ctr,mesc_37,mes_l,0,-1.180555556,na,na,na,na,na,na,na,na,na,na,na,na,na,na,na,na,na,na,na,na,na,na,na,na,na,na,na,na,na,na,na,na,na,na,na,na,na,na,na,na,na,na,0.25,,,,,,,,,,,,,,,,48.75,,,,,,1.5,,,,,,,,,,,,0,0,0,0,0,0,0,1.5,0,49,0,0,0,0
mesc_38,2002,M2,mes,ctr,mesc_38,mes_ho,0,-1.180555556,0,5.7,,,,,,,0.1,,,5,0.1,,,,0.5,,,,,,,,,,,,,,,,,,,,,,1,,,,,,,,,,,,,,,,,,,,,,,,,,,,,0.05,,30,,,,,,,0,5.7,0,0,0,1,0,30.05,0,0,0,0,1,0
mesc_39,2002,M2,mes,ctr,mesc_39,min_hl,0,-1.180555556,na,na,na,na,na,na,na,na,na,na,na,na,na,na,na,na,na,na,na,na,na,na,na,na,na,na,na,na,na,na,na,na,na,na,na,na,na,na,na,na,na,na,43.25,,,,1.75,,,,,,,,,,,,,,,1,,,,,,,,,,41.25,,,1,,0,0,0,0,0,0,43.25,0,0,43.25,1.75,0,0,0
mesc_40,2002,M2,mes,ctr,mesc_40,min_hl,0,-1.180555556,0,15.6,,0.5,,,,,,,,15,,,,,,,,,,,,,,,,,,,0.1,,,,,,1,,0.5,,,,13.5,,,,82.5,1.25,,,,,,,,,,,,,,1.25,,,,,,,,,0.05,,,,0.025,,0,15,1.1,0,0,1,1.275,0.05,0,14.75,82.5,0,1,0
mesf_01,2002,R1,mes,fst,mesf_1,,41,-8.916666667,na,na,na,na,na,na,na,na,na,na,na,na,na,na,na,na,na,na,na,na,na,na,na,na,na,na,na,na,na,na,na,na,na,na,na,na,na,na,na,na,na,na,8.5,,1,,,3.75,,,,,,3.25,,,,,,,,0.4,,,,,0.25,,,,,,,27.75,,,0,0,0,0,0,0,28.4,0,0,15.5,1,0,0,0
mesf_02,2002,R1,mes,fst,mesf_2,,41,-8.916666667,0,0,,,,,,,,,,,,,,,,,,,,,,,,,,,,0.1,,,,,,,,,3,,,,0.75,,,,,,,,,,,,,,,,,,,0.025,,,,,0.025,,,,,36.75,,,20.25,,0,0,0,0,0,3.1,57.05,0,0,0.75,0,0,3,0.1
mesf_03,2002,R1,mes,fst,mesf_3,,41,-8.916666667,na,na,na,na,na,na,na,na,na,na,na,na,na,na,na,na,na,na,na,na,na,na,na,na,na,na,na,na,na,na,na,na,na,na,na,na,na,na,na,na,na,na,3.875,,,,,,,,,,,5.25,,,,,,,,2.525,,,,,,,,,,,,4.75,,,0,0,0,0,0,0,7.275,0,0,9.125,0,0,0,0
mesf_04,2002,R1,mes,fst,mesf_4,,41,-8.916666667,0,0.2,,,,,,,,,,,,,,,,,,,,,0.2,,,,,,,,,,,,,,,,0.2,,,,54.5,,,,,4.75,,,,,,1.5,,,,,,,,,,,0.025,,,,,,,0.05,,10,,,0.2,0,0,0,0,0.2,10.05,0.025,0,60.75,0,0,0.2,0
mesf_05,2002,R1,mes,fst,mesf_5,,41,-8.916666667,na,na,na,na,na,na,na,na,na,na,na,na,na,na,na,na,na,na,na,na,na,na,na,na,na,na,na,na,na,na,na,na,na,na,na,na,na,na,na,na,na,na,10,,,,,,,,,,,54.75,,,,,,,,,,,,,,,,,,0.125,,47.75,,,0,0,0,0,0,0,47.875,0,0,64.75,0,0,0,0
mesf_06,2002,R2,mes,fst,mesf_6,,41,-8.916666667,0,8,,,5,,,8,,,,,,,,,,,,,,,,,,,,,,,,,,,,,,,,,,,,,,,,0.5,,,,,,44.75,,,,,,,,,,,,,0.025,,,,,0.025,,8.25,,,0,8,0,0,5,0,8.3,0,0,45.25,0,5,0,0
mesf_07,2002,R2,mes,fst,mesf_7,,41,-8.916666667,na,na,na,na,na,na,na,na,na,na,na,na,na,na,na,na,na,na,na,na,na,na,na,na,na,na,na,na,na,na,na,na,na,na,na,na,na,na,na,na,na,na,,,,,,,,,,,,,,,,,,,,,,,,,15.75,,,,,39.25,,,,,0,0,0,0,0,0,55,0,0,0,0,0,0,0
mesf_08,2002,R2,mes,fst,mesf_8,,41,-8.916666667,0,0,,,,0.1,,,,,,,,,,,,,,,,,,,,,,,,0.1,,,,,,,,,,,,,30.25,,,,11.5,0.25,,,,,,5.5,,,,,,,,0.05,,,,,2.25,,,,,2,,41.25,,,0,0,0,0,0.1,0.1,45.55,0,0,36,11.5,0,0,0.2
mesf_09,2002,R2,mes,fst,mesf_9,,41,-8.916666667,na,na,na,na,na,na,na,na,na,na,na,na,na,na,na,na,na,na,na,na,na,na,na,na,na,na,na,na,na,na,na,na,na,na,na,na,na,na,na,na,na,na,78.75,,,,,9.5,,,,,,4.5,,,,,,,,,,,0.05,,,,,,,,,10.5,,,0,0,0,0,0,0,10.5,0.05,0,92.75,0,0,0,0
mesf_10,2002,R2,mes,fst,mesf_10,,41,-8.916666667,0,5,,,,,,3,,,,,,,,,,,,,,,,,,,,,,,,,,,,,,,,,2,,,,,,,0.75,,,,,,0.5,,,,,,,,0.525,,0.025,,,,1,,,,,,30.5,,,0,3,0,0,0,2,31.05,1,0,1.25,0,0,2,0
mesf_11,2002,S1,mes,fst,mesf_11,,41,-8.916666667,na,na,na,na,na,na,na,na,na,na,na,na,na,na,na,na,na,na,na,na,na,na,na,na,na,na,na,na,na,na,na,na,na,na,na,na,na,na,na,na,na,na,82.75,,,,,4.5,,,,,,3.25,,,,,,,,1,,,,,0.375,,,,,2.25,,,3.5,,0,0,0,0,0,0,7.125,0,0,90.5,0,0,0,0
mesf_12,2002,S1,mes,fst,mesf_12,,41,-8.916666667,0,22,,,,,,,,,,,,,,,,,,12,,,,,,,,,,,,,,,,,,3,,,7,,40,,,,,,,,,,,0.25,,,,,,,,1.275,,,,,1.5,,,,,3.875,,2.25,1.75,,0,0,12,0,3,7,10.65,0,0,40.25,0,3,7,0
mesf_13,2002,S1,mes,fst,mesf_13,,41,-8.916666667,na,na,na,na,na,na,na,na,na,na,na,na,na,na,na,na,na,na,na,na,na,na,na,na,na,na,na,na,na,na,na,na,na,na,na,na,na,na,na,na,na,na,21.25,,,,,0.5,,,,,,,,,,,,,,0.05,,,,,,,,,,3,,65,0.75,,0,0,0,0,0,0,68.8,0,0,21.75,0,0,0,0
mesf_14,2002,S1,mes,fst,mesf_14,,41,-8.916666667,0,4.5,0.5,,,,,,,,,,,,,,,,,,1,,3,,,,,,,,,,,,,,,,,,,,3.025,,,,,,,,,,,,,,,,,,,,,,,,13.5,,,,,23,,,,,3,0,0,0.5,0,1,36.5,0,0,3.025,0,0,1,0
mesf_15,2002,S1,mes,fst,mesf_15,,41,-8.916666667,na,na,na,na,na,na,na,na,na,na,na,na,na,na,na,na,na,na,na,na,na,na,na,na,na,na,na,na,na,na,na,na,na,na,na,na,na,na,na,na,na,na,80.25,,,,,,,,,,,1.75,,,,,,,,0.025,,,,,,,,,,2,,,0.75,,0,0,0,0,0,0,2.775,0,0,82,0,0,0,0
mesf_16,2002,S2,mes,fst,mesf_16,,41,-8.916666667,0,8,,,,,,,,,,,,,,,,,,,,,5,,,,,,,,,,,,,3,,,,,,,38.75,,,,,,,,,,,0.25,,,,,,,,0.25,,,,,1,,,,,1,,,,,5,0,3,0,0,0,2.25,0,0,39,0,0,0,0
mesf_17,2002,S2,mes,fst,mesf_17,,41,-8.916666667,na,na,na,na,na,na,na,na,na,na,na,na,na,na,na,na,na,na,na,na,na,na,na,na,na,na,na,na,na,na,na,na,na,na,na,na,na,na,na,na,na,na,,,,,,1.25,,,,,,22,,,,,,,,,,,,,13.25,,,,,0.3,,,,,0,0,0,0,0,0,13.55,0,0,23.25,0,0,0,0
mesf_18,2002,S2,mes,fst,mesf_18,,41,-8.916666667,0,16.1,,,,,,,1,,,,,,,,,,,,0.1,,10,,,,,,,,,,,,,,,,,,5,,,,,,,,,,,,,7.25,,,,,,,,1,,,,,47.5,,,,,12,,,,,10,1,0,0,0,5.1,60.5,0,0,7.25,0,0,5.1,0
mesf_19,2002,S2,mes,fst,mesf_19,,41,-8.916666667,na,na,na,na,na,na,na,na,na,na,na,na,na,na,na,na,na,na,na,na,na,na,na,na,na,na,na,na,na,na,na,na,na,na,na,na,na,na,na,na,na,na,,,,,,,,,,,,56.25,,,,,,,,,,,,,1.25,,,,,,,,,,0,0,0,0,0,0,1.25,0,0,56.25,0,0,0,0
mesf_20,2002,S2,mes,fst,mesf_20,,41,-8.916666667,0,0.1,,,,,,,,,,,,,,,,,,,,,,,,,,,,,,,,,,,,,,,0.1,,,,,,,,,,,,,49.5,,,,,,,,0.75,,,,,,,,,,,,,,,0,0,0,0,0,0.1,0.75,0,0,49.5,0,0,0.1,0
mesd_01,2002,N1,mes,wldd,mesd_1,mes_ho,2,-20.53246753,na,na,na,na,na,na,na,na,na,na,na,na,na,na,na,na,na,na,na,na,na,na,na,na,na,na,na,na,na,na,na,na,na,na,na,na,na,na,na,na,na,na,0.275,,,,,,,,,,,,,,,,,,,,,,0.25,,,,,,,,,,,,0,0,0,0,0,0,0,0.25,0,0.275,0,0,0,0
mesd_02,2002,N1,mes,wldd,mesd_2,mes_ho,2,-20.53246753,0,6,,,25,,,,,,,4,,,,,2,,,,,,,,,,,,,,,,,,,,,,17,,,,,,,,,,,,,,,,,,,,,,,0.1,,0.025,,,,0.025,,,,,,,,,0,6,0,0,25,17,0.125,0.025,0,0,0,25,17,0
mesd_03,2002,N1,mes,wldd,mesd_3,min_hl,2,-20.53246753,na,na,na,na,na,na,na,na,na,na,na,na,na,na,na,na,na,na,na,na,na,na,na,na,na,na,na,na,na,na,na,na,na,na,na,na,na,na,na,na,na,na,9.25,,,,,,,,,,,,,,,,,,,0.05,,,,,,,,,,,,,,,0,0,0,0,0,0,0.05,0,0,9.25,0,0,0,0
mesd_04,2002,N1,mes,wldd,mesd_4,mes_l,2,-20.53246753,0,37.5,,1,0.5,,,,10,,0.5,5,,,,,3,,,,2,1,,,,,,,,,,,,,,,,,20,15,,,8.5,,,,,,,,,,,,,,,,,9.25,,2.15,,,,,,,,,,,,,,,0,19.5,0,0,15.5,23,2.15,0,0,17.75,0,15.5,23,0
mesd_05,2002,N1,mes,wldd,mesd_5,mes_ho,2,-20.53246753,na,na,na,na,na,na,na,na,na,na,na,na,na,na,na,na,na,na,na,na,na,na,na,na,na,na,na,na,na,na,na,na,na,na,na,na,na,na,na,na,na,na,,,,,,,,,,,,,,,0.275,,,0.525,,0.05,,0.025,0.075,,,0.575,,,,,,,,,0,0,0,0,0,0,0.075,0.65,0.275,0.525,0,0,0,0
mesd_06,2002,N2,mes,wldd,mesd_6,oli_l,2,-20.53246753,2,23.5,,1,7,,,,0.5,,,15,,,,,,,,,7,,,,,,,,,2,,,,,,,,,25,,,,28,,,,,0.025,,,,,,,,,,,,,,0.375,,,,,,,,,,,,,2,,0,15.5,0,0,7,35,2.375,0,0,28.025,0,7,33,2
mesd_07,2002,N2,mes,wldd,mesd_7,omb_hu,2,-20.53246753,na,na,na,na,na,na,na,na,na,na,na,na,na,na,na,na,na,na,na,na,na,na,na,na,na,na,na,na,na,na,na,na,na,na,na,na,na,na,na,na,na,na,,,,,16.25,0.775,,,,,,,,,,,,,,,,,,,,,,,,0.05,,,8,,0,0,0,0,0,0,8.05,0,0,0.775,16.25,0,0,0
mesd_08,2002,N2,mes,wldd,mesd_8,min_hl,2,-20.53246753,0,16.2,,3,25,,,,,,,5,,,,0.1,,,,,3,,0.1,,,,,5,,,,,,,,,,,25,,,,0.25,,,,30.75,5.25,,,,,,10.775,,,,,,,,0.075,,,0.05,,,,,,,,,,0.375,,0.1,5.1,5,0,25,31,0.45,0.05,0,16.275,30.75,25,31,0
mesd_09,2002,N2,mes,wldd,mesd_9,mes_l,2,-20.53246753,na,na,na,na,na,na,na,na,na,na,na,na,na,na,na,na,na,na,na,na,na,na,na,na,na,na,na,na,na,na,na,na,na,na,na,na,na,na,na,na,na,na,,,,,,,,,,,,,,,,,45,,,0.075,,,0.3,,,0.025,,,,,,,,,0,0,0,0,0,0,0.075,0.325,0,45,0,0,0,0
mesd_10,2002,N2,mes,wldd,mesd_10,oli_l,2,-20.53246753,1,32.2,,28,,,,,,,,4,,,,0.1,,,,,,,0.1,,,,,,,1,,,,,,,,,35,,,,0.5,,,,,,,,27,,,11.25,,,,,,,,,,,0.5,,,,,,,,,,,,0.1,4.1,0,0,0,64,0,0.5,0,38.75,0,0,63,1
mesd_11,2002,O1,mes,wldd,mesd_11,min_hl,2,-20.53246753,na,na,na,na,na,na,na,na,na,na,na,na,na,na,na,na,na,na,na,na,na,na,na,na,na,na,na,na,na,na,na,na,na,na,na,na,na,na,na,na,na,na,2.5,,,,,,,,,,,5,,,,,,,,,,,,,,,,,,2,,,2,,0,0,0,0,0,0,4,0,0,7.5,0,0,0,0
mesd_12,2002,O1,mes,wldd,mesd_12,mes_ho,2,-20.53246753,0,14.1,,3,20,,,,,,,10,,,,,0.1,,,,,1,,,,,,,,,,,,,,,,,15,,,,0.075,,,,,,,,,,,,,,,,,,,,,,,,,,,,,,,,,,0,11.1,0,0,20,18,0,0,0,0.075,0,20,18,0
mesd_13,2002,O1,mes,wldd,mesd_13,oli_l,2,-20.53246753,na,na,na,na,na,na,na,na,na,na,na,na,na,na,na,na,na,na,na,na,na,na,na,na,na,na,na,na,na,na,na,na,na,na,na,na,na,na,na,na,na,na,1.025,,,,,,,,,,,1.525,,,,,0.025,,,0.025,,,,,,,,,,,,,,,0,0,0,0,0,0,0.025,0,0,2.575,0,0,0,0
mesd_14,2002,O1,mes,wldd,mesd_14,mes_ho,2,-20.53246753,0,15.2,,2,3,0.5,,,0.2,,,3,,,,,,,,,,,,,,,,,,,10,,,,,,,,10,,,,,,,,,,,,,,,,,,0.525,,,,,,,,,,,,,,,,,,,,0,3.2,10,0,3.5,12,0,0,0.525,0,0,3,12,0.5
mesd_15,2002,O1,mes,wldd,mesd_15,mes_l,2,-20.53246753,na,na,na,na,na,na,na,na,na,na,na,na,na,na,na,na,na,na,na,na,na,na,na,na,na,na,na,na,na,na,na,na,na,na,na,na,na,na,na,na,na,na,0.05,,,,,,,,,,,,,,0.25,,0.75,,,30,,,0.025,,,11.25,,,,0.5,,,,,0,0,0,0,0,0,30.5,11.275,0.25,0.8,0,0,0,0
mesd_16,2002,O2,mes,wldd,mesd_16,mes_l,2,-20.53246753,0,6.1,,1,2,0.5,,,0.1,,,3,,,,,1,,,,,,,,,,,,,,,,,,,,,,15,,,1,23.25,,,,,,,,,,,0.25,,,,,2.5,,,0.025,,,0.15,,,0.25,,,0.125,0.75,,,,,0,4.1,1,0,2.5,16,0.775,0.525,0,26,0,2,16,0.5
mesd_17,2002,O2,mes,wldd,mesd_17,mes_l,2,-20.53246753,na,na,na,na,na,na,na,na,na,na,na,na,na,na,na,na,na,na,na,na,na,na,na,na,na,na,na,na,na,na,na,na,na,na,na,na,na,na,na,na,na,na,20.25,,,,,,,,,,,,,,,,10.25,,,,,,1.775,,,,,,,,,,,,0,0,0,0,0,0,0,1.775,0,30.5,0,0,0,0
mesd_18,2002,O2,mes,wldd,mesd_18,mes_l,2,-20.53246753,0,18,,,3,,,,,,,15,,,,,,,,,3,,,,,,,,,,,,,,,,,,20,,,,18.5,,,,,,,,,,,,,,,,16.75,,,,,,0.525,,,,,,,,,,,,0,15,0,0,3,23,0,0.525,0,35.25,0,3,23,0
mesd_19,2002,O2,mes,wldd,mesd_19,mes_l,2,-20.53246753,na,na,na,na,na,na,na,na,na,na,na,na,na,na,na,na,na,na,na,na,na,na,na,na,na,na,na,na,na,na,na,na,na,na,na,na,na,na,na,na,na,na,7.25,,,,,,,,,,,,,,0.125,,40.5,1,,1.25,,0.025,0.5,,,,,,,,,,,,0,0,0,0,0,0,1.275,0.5,0.125,48.75,0,0,0,0
mesd_20,2002,O2,mes,wldd,mesd_20,mes_ho,2,-20.53246753,0,27.1,,2,1,,,,,,,20,,,,,3,,,,2,,0.1,,,,,,,,,,,,,,,,35,,,,,,,,,,,,,,,,,,,,0.025,,,,,1.3,,,,0.75,,,,,,,,,0.1,23,0,0,1,39,1.3,0.75,0,0.025,0,1,39,0
mesd_21,2002,P1,mes,wldd,mesd_21,oli_l,2,-20.53246753,na,na,na,na,na,na,na,na,na,na,na,na,na,na,na,na,na,na,na,na,na,na,na,na,na,na,na,na,na,na,na,na,na,na,na,na,na,na,na,na,na,na,3.5,,,,,0.375,,,,,,4,,,,,,,,1.125,,,0.775,,,,,,,,,,,,0,0,0,0,0,0,1.125,0.775,0,7.875,0,0,0,0
mesd_22,2002,P1,mes,wldd,mesd_22,mes_ho,2,-20.53246753,0,18,,,,,,,,,,15,,,,,3,,,,,,,,,,,,,,,,,,,,,,5,,,,0.8,,,,,,,,,,,,92.25,0.5,3.75,,,,,,,,0.025,,,0.05,,,,,,,,,0,18,0,0,0,5,0,0.075,96.5,0.8,0,0,5,0
mesd_23,2002,P1,mes,wldd,mesd_23,oli_l,2,-20.53246753,na,na,na,na,na,na,na,na,na,na,na,na,na,na,na,na,na,na,na,na,na,na,na,na,na,na,na,na,na,na,na,na,na,na,na,na,na,na,na,na,na,na,52.25,,,,,22,,,,,,1,,,,,,,,,,,0.05,,,,,,,,,,,,0,0,0,0,0,0,0,0.05,0,75.25,0,0,0,0
mesd_24,2002,P1,mes,wldd,mesd_24,mes_l,2,-20.53246753,1,16,,0.5,0.5,0.5,,,,,,15,,,,,0.5,,,,,,,,,,,,,0.5,,,,,,,,,15,,,,2.025,,,,,,,,,,,0.025,,,0.125,,,,,,,,0.325,,,,,,,,,,,,0,15.5,0,0,1,16,0,0.325,0.125,2.05,0,0.5,15.5,1
mesd_25,2002,P1,mes,wldd,mesd_25,mes_ho,2,-20.53246753,na,na,na,na,na,na,na,na,na,na,na,na,na,na,na,na,na,na,na,na,na,na,na,na,na,na,na,na,na,na,na,na,na,na,na,na,na,na,na,na,na,na,1.275,,,,,,,,,,,,,,,,,,,,,,0.875,,,1.375,,,,,,,,,0,0,0,0,0,0,0,2.25,0,1.275,0,0,0,0
mesd_26,2002,P2,mes,wldd,mesd_26,mes_l,2,-20.53246753,4,58,,,1,3,,,,,,10,,,,,3,,,,,,,,,,,,,1,5,,,,,,,,10,,,40,9.75,,,,,,,,,,,,,,,,71.25,,,,,,0.075,,,,,,,,,,,,0,13,45,0,4,11,0,0.075,0,81,0,1,10,4
mesd_27,2002,P2,mes,wldd,mesd_27,mes_l,2,-20.53246753,na,na,na,na,na,na,na,na,na,na,na,na,na,na,na,na,na,na,na,na,na,na,na,na,na,na,na,na,na,na,na,na,na,na,na,na,na,na,na,na,na,na,11.525,,,,,,,,,,,,,,,,5.25,,,,,,0.325,,,0.125,,,,,,,,,0,0,0,0,0,0,0,0.45,0,16.775,0,0,0,0
mesd_28,2002,P2,mes,wldd,mesd_28,mes_l,2,-20.53246753,0,36.7,,,,,,,0.2,0.5,0.5,5,,,,,0.5,,,,30,,,,,,,,,,,,,,,,,,3,,,,,,,,,,,,,,,,,,0.5,,1.75,79.5,,,,,0.3,,,,,,,,,,,,0,6.7,0,0,0,33,0,0.3,0.5,81.25,0,0,33,0
mesd_29,2002,P2,mes,wldd,mesd_29,min_hl,2,-20.53246753,na,na,na,na,na,na,na,na,na,na,na,na,na,na,na,na,na,na,na,na,na,na,na,na,na,na,na,na,na,na,na,na,na,na,na,na,na,na,na,na,na,na,27,,,,,,,,,,,,,,0.125,,1.5,4.375,,5,,,0.525,,,,,,,,,,,,0,0,0,0,0,0,5,0.525,0.125,32.875,0,0,0,0
mesd_30,2002,P2,mes,wldd,mesd_30,min_hl,2,-20.53246753,0,2,,,25,,,,,,,2,,,,,,,,,,,,,,,,,,,,,,,,,,,25,,,,78.375,,,,,,,,,,,,,,,,,0.5,,,,,0.425,,,,,,,,,,,,0,2,0,0,25,25,0,0.425,0,78.875,0,25,25,0
mesd_31,2002,Q1,mes,wldd,mesd_31,oli_l,2,-20.53246753,na,na,na,na,na,na,na,na,na,na,na,na,na,na,na,na,na,na,na,na,na,na,na,na,na,na,na,na,na,na,na,na,na,na,na,na,na,na,na,na,na,na,17,,,,,,,,41.5,,,,,,,,2,,,0.575,,,0.05,,,,,,,,,,,,0,0,0,0,0,0,0.575,0.05,0,60.5,0,0,0,0
mesd_32,2002,Q1,mes,wldd,mesd_32,oli_l,2,-20.53246753,0,12.5,,,5,,,,0.5,,,1,,,,10,,,,,,,,,,,,,,,,,,,,,,,25,,,1,7.75,,,,,,,,8.75,,,,,,,,,,,0.025,,,0.2,,,,,,,,,,,,0,11.5,1,0,5,25,0.025,0.2,0,16.5,0,5,25,0
mesd_33,2002,Q1,mes,wldd,mesd_33,oli_l,2,-20.53246753,na,na,na,na,na,na,na,na,na,na,na,na,na,na,na,na,na,na,na,na,na,na,na,na,na,na,na,na,na,na,na,na,na,na,na,na,na,na,na,na,na,na,6.5,,,,,,,,7.5,,,,,,,,0.15,,,0.275,,,0.1,,,,,,,,,,0.125,,0,0,0,0,0,0,0.4,0.1,0,14.15,0,0,0,0
mesd_34,2002,Q1,mes,wldd,mesd_34,oli_l,2,-20.53246753,0,7.6,,0.5,30,,,,,,,7,0.1,,,,,,,,,,,,,,,,,0.1,,,,,,,,,20,,,,0.75,,,,,0.025,,,,,,,,,,,,,,55.75,,,,,,,,,,,,,,,0,7.1,0,0,30,20.6,55.75,0,0,0.775,0,30,20.5,0.1
mesd_35,2002,Q1,mes,wldd,mesd_35,mes_ho,2,-20.53246753,na,na,na,na,na,na,na,na,na,na,na,na,na,na,na,na,na,na,na,na,na,na,na,na,na,na,na,na,na,na,na,na,na,na,na,na,na,na,na,na,na,na,,,,,,,,,,,,,,,,,,,,,,,0.1,,,1.5,0.025,,,,,,,,0,0,0,0,0,0,0,1.625,0,0,0,0,0,0
mesd_36,2002,Q2,mes,wldd,mesd_36,mes_l,2,-20.53246753,0,1.2,,0.1,10,,,,,,,1,,,,,,,,,,,0.1,,,,,,,,,,,,,,,,4,,,,25,,,,,,,,,,,,,,,,0.225,,,,,,0.175,,,,,,,,,,,,0.1,1,0,0,10,4.1,0,0.175,0,25.225,0,10,4.1,0
mesd_37,2002,Q2,mes,wldd,mesd_37,min_hl,2,-20.53246753,na,na,na,na,na,na,na,na,na,na,na,na,na,na,na,na,na,na,na,na,na,na,na,na,na,na,na,na,na,na,na,na,na,na,na,na,na,na,na,na,na,na,8.25,,,,,,,,,,,,,,,,2.1,,,0.075,,,0.025,,,,,,,,,,,,0,0,0,0,0,0,0.075,0.025,0,10.35,0,0,0,0
mesd_38,2002,Q2,mes,wldd,mesd_38,mes_l,2,-20.53246753,1,13.7,3,,12,1,,,,,,5,,,0.1,,0.1,,,,,,,,,,,,,,5,,,,,,,,18,,,0.5,46,,,,,,,,,,,,,,,,,,,,,,,,,,,,,,,,,,0,5.2,5.5,3,13,18,0,0,0,46,0,12,18,1
mesd_39,2002,Q2,mes,wldd,mesd_39,min_hl,2,-20.53246753,na,na,na,na,na,na,na,na,na,na,na,na,na,na,na,na,na,na,na,na,na,na,na,na,na,na,na,na,na,na,na,na,na,na,na,na,na,na,na,na,na,na,22,,,,,,,,,,,,,,,,,,,0.5,,,,,,,,,,,,,,,0,0,0,0,0,0,0.5,0,0,22,0,0,0,0
mesd_40,2002,Q2,mes,wldd,mesd_40,min_hl,2,-20.53246753,0,5,,,5,,,,,,,5,,,,,,,,,,,,,,,,,,,,,,,,,,,20,,,,25.25,,,,,,,,,,,,,,,,,,,11,,,,,,,,,,,,,,,0,5,0,0,5,20,11,0,0,25.25,0,5,20,0
olic_01,2002,A1,oli,ctr,olic_1,oli_l,0,-17.27710843,na,na,na,na,na,na,na,na,na,na,na,na,na,na,na,na,na,na,na,na,na,na,na,na,na,na,na,na,na,na,na,na,na,na,na,na,na,na,na,na,na,na,13.25,,,,,81.75,,,0.75,,,,,,,,,,,0.425,,,0.1,,,,,,,,,,,,0,0,0,0,0,0,0.425,0.1,0,95.75,0,0,0,0
olic_02,2002,A1,oli,ctr,olic_2,oli_l,0,-17.27710843,0,7.7,,7,7,,,,,,,0.1,,,,,,,,,,0.5,0.1,,,,,,,,,,,,,,,,1.5,,,,88.75,,,,,,,,0.125,,,,,1.525,,,,,,,,,,,,0.025,,,,,,,,,0.1,0.6,0,0,7,8.5,0,0.025,1.525,88.875,0,7,8.5,0
olic_03,2002,A1,oli,ctr,olic_3,oli_l,0,-17.27710843,na,na,na,na,na,na,na,na,na,na,na,na,na,na,na,na,na,na,na,na,na,na,na,na,na,na,na,na,na,na,na,na,na,na,na,na,na,na,na,na,na,na,87.75,,,,,,,,9.375,,,,,,,,,,,0.625,,,,,,,,,,,,,,,0,0,0,0,0,0,0.625,0,0,97.125,0,0,0,0
olic_04,2002,A1,oli,ctr,olic_4,oli_l,0,-17.27710843,0,15.5,,10,5,,,,,,,5,,,,,0.5,,,,,,,,,,,,,,,,,,,,,,15,,,,3,,,,,95.75,,,0.25,,,,,,,,,,,,,,,,,,,,,,,,,,0,5.5,0,0,5,25,0,0,0,99,0,5,25,0
olic_05,2002,A1,oli,ctr,olic_5,oli_l,0,-17.27710843,na,na,na,na,na,na,na,na,na,na,na,na,na,na,na,na,na,na,na,na,na,na,na,na,na,na,na,na,na,na,na,na,na,na,na,na,na,na,na,na,na,na,1.75,,,,,,,,79.5,,,,,,,,,,,,,,0.9,,,,,,,,,,,,0,0,0,0,0,0,0,0.9,0,81.25,0,0,0,0
olic_06,2002,A2,oli,ctr,olic_6,oli_l,0,-17.27710843,0,8.2,,5,4,,,,,,,3,,,,0.1,,,,,,,0.1,,,,,,,,,,,,,,,,3.1,,,,10.25,,,,,87.75,,,,,,,,,,,,,,,,,,,,,,,,,,,1.5,,0.1,3.1,0,0,4,8.1,1.5,0,0,98,0,4,8.1,0
olic_07,2002,A2,oli,ctr,olic_7,oli_l,0,-17.27710843,na,na,na,na,na,na,na,na,na,na,na,na,na,na,na,na,na,na,na,na,na,na,na,na,na,na,na,na,na,na,na,na,na,na,na,na,na,na,na,na,na,na,5.25,,,,,1.025,,,4.25,,,,,,,,,,,0.025,,,,,,,,,,,,,,,0,0,0,0,0,0,0.025,0,0,10.525,0,0,0,0
olic_08,2002,A2,oli,ctr,olic_8,oli_l,0,-17.27710843,0,9.3,,4,25,,,,,,,0.1,,,,,0.1,,,,2,,0.1,,,,,,,,,,,,,,,,8,3,,,4.75,,,,,,,,93,,,,,,,,,,,,,,0.025,,,,,,,,,,,,0.1,0.2,0,0,28,14,0,0.025,0,97.75,0,28,14,0
olic_09,2002,A2,oli,ctr,olic_9,oli_l,0,-17.27710843,na,na,na,na,na,na,na,na,na,na,na,na,na,na,na,na,na,na,na,na,na,na,na,na,na,na,na,na,na,na,na,na,na,na,na,na,na,na,na,na,na,na,18.75,,,,,,,,60.25,,,,,,,,,,,,,,0.875,,,,,,,,,,,,0,0,0,0,0,0,0,0.875,0,79,0,0,0,0
olic_10,2002,A2,oli,ctr,olic_10,oli_l,0,-17.27710843,0,7.2,,5,15,,,,,,,2,,,,0.1,,,,,,,0.1,,,,,,,,,,,,,,,,3,,,,25.75,,,,,61.25,,,,,,,,,,,,,,0.875,,,0.025,,,,,,,,,,5.75,,0.1,2.1,0,0,15,8,6.625,0.025,0,87,0,15,8,0
olic_11,2002,A3,oli,ctr,olic_11,oli_l,0,-17.27710843,na,na,na,na,na,na,na,na,na,na,na,na,na,na,na,na,na,na,na,na,na,na,na,na,na,na,na,na,na,na,na,na,na,na,na,na,na,na,na,na,na,na,71,,,,,,,,5.25,,,,,,,,,,,0.375,,,0.075,,,,,,,,,,,,0,0,0,0,0,0,0.375,0.075,0,76.25,0,0,0,0
olic_12,2002,A3,oli,ctr,olic_12,oli_l,0,-17.27710843,0,2.2,,1,25,,,,,,,1,,,,,,,,,,0.1,0.1,,,,,,,,,,,,,,,,5,,,,47.75,,,,,8,,,42,,,,,,,,,,,0.525,,,0.2,,,,,,,,,,,,0.1,1.1,0,0,25,6,0.525,0.2,0,97.75,0,25,6,0
olic_13,2002,A3,oli,ctr,olic_13,oli_l,0,-17.27710843,na,na,na,na,na,na,na,na,na,na,na,na,na,na,na,na,na,na,na,na,na,na,na,na,na,na,na,na,na,na,na,na,na,na,na,na,na,na,na,na,na,na,68,,,,,18.5,,,3.75,,,,,,,,,,,0.075,,,0.075,,,,,,,,,,,,0,0,0,0,0,0,0.075,0.075,0,90.25,0,0,0,0
olic_14,2002,A3,oli,ctr,olic_14,oli_l,0,-17.27710843,0,6.6,,3,4,,,,,,,2,,,,0.1,1,,,,,,0.5,,,,,,,,,,,,,,,,10,,,,17.5,,,,,1.875,,,76,,,,,,,,,,,,,,0.1,,,,,,,,,,,,0.5,3.1,0,0,4,13,0,0.1,0,95.375,0,4,13,0
olic_15,2002,A3,oli,ctr,olic_15,oli_l,0,-17.27710843,na,na,na,na,na,na,na,na,na,na,na,na,na,na,na,na,na,na,na,na,na,na,na,na,na,na,na,na,na,na,na,na,na,na,na,na,na,na,na,na,na,na,16.25,,,,,75,,,8.25,,,,,,,,,,,0.2,,,0.1,,,,,,,,,,,,0,0,0,0,0,0,0.2,0.1,0,99.5,0,0,0,0
olic_16,2002,A4,oli,ctr,olic_16,oli_l,0,-17.27710843,0,21,,20,4,,,,,,,0.5,,,,,0.5,,,,,,,,,,,,,,,,,,,,,,2,,,,22.5,,,,,0.125,,,76.5,,,,,,,,,,,,,,0.175,,,,,,,,,,,,0,1,0,0,4,22,0,0.175,0,99.125,0,4,22,0
olic_17,2002,A4,oli,ctr,olic_17,oli_l,0,-17.27710843,na,na,na,na,na,na,na,na,na,na,na,na,na,na,na,na,na,na,na,na,na,na,na,na,na,na,na,na,na,na,na,na,na,na,na,na,na,na,na,na,na,na,7,,,,,2,,,73.75,,,,,,,,,,,,,,0.025,,,0.2,,,,,,,,,0,0,0,0,0,0,0,0.225,0,82.75,0,0,0,0
olic_18,2002,A4,oli,ctr,olic_18,oli_l,0,-17.27710843,0,3.2,,2,1,,,,,,,1,,,,,,,,,,,0.2,,,,,,,0.1,,,,,,,,,3,,,,19.5,,,,,,,,78.25,,,,,,,,,,,,,,0.1,,,,,,,,,,,,0.2,1,0,0,1,5.1,0,0.1,0,97.75,0,1,5,0.1
olic_19,2002,A4,oli,ctr,olic_19,oli_l,0,-17.27710843,na,na,na,na,na,na,na,na,na,na,na,na,na,na,na,na,na,na,na,na,na,na,na,na,na,na,na,na,na,na,na,na,na,na,na,na,na,na,na,na,na,na,11.25,,,,,,,,87.25,,,,,,,,,,,,,,0.05,,,0.025,,,,,,,,,0,0,0,0,0,0,0,0.075,0,98.5,0,0,0,0
olic_20,2002,A4,oli,ctr,olic_20,oli_l,0,-17.27710843,0,9.2,,2,,,,,,,na,7,,,,,,,,,,,0.2,,,,,,,,,,,,,,,,1.5,,,,24.75,,,,,,,,74.75,,,,,,,,,,,0.025,,,,,,0.025,,,,,,,,,0.2,7,0,0,0,3.5,0.025,0.025,0,99.5,0,0,3.5,0
olic_21,2002,B1,oli,ctr,olic_21,oli_l,0,-17.27710843,na,na,na,na,na,na,na,na,na,na,na,na,na,na,na,na,na,na,na,na,na,na,na,na,na,na,na,na,na,na,na,na,na,na,na,na,na,na,na,na,na,na,23.75,,,,,73,,,,,,,,,,,,,,0.175,,,0.075,,,,,,,,,,,,0,0,0,0,0,0,0.175,0.075,0,96.75,0,0,0,0
olic_22,2002,B1,oli,ctr,olic_22,oli_l,0,-17.27710843,0,5.1,,1,1,,,,,,,4,,,,,,,,,,,0.1,,,,,,,,,,,,,,,,2,,,,43,,,,,,,,53.5,,,,,,,,,,,,,,0.075,,,,,,,,,,,,0.1,4,0,0,1,3,0,0.075,0,96.5,0,1,3,0
olic_23,2002,B1,oli,ctr,olic_23,oli_l,0,-17.27710843,na,na,na,na,na,na,na,na,na,na,na,na,na,na,na,na,na,na,na,na,na,na,na,na,na,na,na,na,na,na,na,na,na,na,na,na,na,na,na,na,na,na,8,,,,,,,,88.75,,,,,0.325,,,,,,0.025,,,0.4,,,,,,,,,,,,0,0,0,0,0,0,0.025,0.4,0.325,96.75,0,0,0,0
olic_24,2002,B1,oli,ctr,olic_24,oli_l,0,-17.27710843,0,9,,7,2,,,,0.5,,,1,,,,,,,,,,,0.5,,,,,,,,,,,,,,,,5,,,,73.625,,,,,,,,24,,,,,,,,,,,0.075,,,0.15,,,,,,,,,,,,0.5,1.5,0,0,2,12,0.075,0.15,0,97.625,0,2,12,0
olic_25,2002,B1,oli,ctr,olic_25,oli_l,0,-17.27710843,na,na,na,na,na,na,na,na,na,na,na,na,na,na,na,na,na,na,na,na,na,na,na,na,na,na,na,na,na,na,na,na,na,na,na,na,na,na,na,na,na,na,61.25,,,,,27,,,8.25,,,,,,,,,,,0.875,,,0.175,,,,,,,,,,0.25,,0,0,0,0,0,0,1.125,0.175,0,96.5,0,0,0,0
olic_26,2002,B2,oli,ctr,olic_26,oli_l,0,-17.27710843,0,12,,7,3,,,,,,,5,,,,,,,,,,,,,,,,,,,,,,,,,,,3,,,,58.75,,,,,0.125,,,30,,,,,7.25,,,,,,,,,0.3,,,,,,,,,,,,0,5,0,0,3,10,0,0.3,7.25,88.875,0,3,10,0
olic_27,2002,B2,oli,ctr,olic_27,oli_l,0,-17.27710843,na,na,na,na,na,na,na,na,na,na,na,na,na,na,na,na,na,na,na,na,na,na,na,na,na,na,na,na,na,na,na,na,na,na,na,na,na,na,na,na,na,na,38.75,,,,,3.75,,,,,,26.75,,,,,,,,1.1,,,,,,,,,,,,,0.65,,0,0,0,0,0,0,1.75,0,0,69.25,0,0,0,0
olic_28,2002,B2,oli,ctr,olic_28,oli_l,0,-17.27710843,0,15,,5,7,,,,0.5,,,7,,,,0.5,2,,,,,,,,,,,,,,,,,,,,,,12,,,,19.5,,,,,1.625,,,57,,,15,,,,,,,,,,,0.175,,,,,,,,,,,,0,10,0,0,7,17,0,0.175,0,93.125,0,7,17,0
olic_29,2002,B2,oli,ctr,olic_29,oli_l,0,-17.27710843,na,na,na,na,na,na,na,na,na,na,na,na,na,na,na,na,na,na,na,na,na,na,na,na,na,na,na,na,na,na,na,na,na,na,na,na,na,na,na,na,na,na,37.25,,,,,,,,58.25,,,,,,,,,,,0.25,,,0.075,,,,,,,,,,,,0,0,0,0,0,0,0.25,0.075,0,95.5,0,0,0,0
olic_30,2002,B2,oli,ctr,olic_30,oli_l,0,-17.27710843,0,19.1,,10,3,,,,,,,5,,,,0.1,3,,,,,,1,,,,,,,0.5,,,,,,,,,20,,,,10.5,,,,,,,,56.25,,,,,,,,,,,1.875,,,0.175,,,,,,,,,,,,1,8.1,0,0,3,30.5,1.875,0.175,0,66.75,0,3,30,0.5
olic_31,2002,B3,oli,ctr,olic_31,oli_l,0,-17.27710843,na,na,na,na,na,na,na,na,na,na,na,na,na,na,na,na,na,na,na,na,na,na,na,na,na,na,na,na,na,na,na,na,na,na,na,na,na,na,na,na,na,na,79,,,,,12.75,,,,,,,,,,,,,,,,,0.05,,,,,,,,,,,,0,0,0,0,0,0,0,0.05,0,91.75,0,0,0,0
olic_32,2002,B3,oli,ctr,olic_32,min_hl,0,-17.27710843,0,20,,10,5,,,,,,,10,,,,,,,,,,,,,,,,,,,,,,,,,,,5,,,,36.75,,,,,,,,,,,,,,,,,,,6.25,,,,,,,,,,,,,,,0,10,0,0,5,15,6.25,0,0,36.75,0,5,15,0
olic_33,2002,B3,oli,ctr,olic_33,oli_l,0,-17.27710843,na,na,na,na,na,na,na,na,na,na,na,na,na,na,na,na,na,na,na,na,na,na,na,na,na,na,na,na,na,na,na,na,na,na,na,na,na,na,na,na,na,na,97,,,,,,,,1.75,,,,,,,,,,,,,,0.075,,,,,,,,,,,,0,0,0,0,0,0,0,0.075,0,98.75,0,0,0,0
olic_34,2002,B3,oli,ctr,olic_34,oli_l,0,-17.27710843,0,25,,4,7,,,,,,,20,,,,,,,,,,,1,,,,,,,,,,,,,,,,2,,,,4.25,,,,,,,,95.5,,,,,,,,,,,0.025,,,,,,,,,,,,,,,1,20,0,0,7,6,0.025,0,0,99.75,0,7,6,0
olic_35,2002,B3,oli,ctr,olic_35,oli_l,0,-17.27710843,na,na,na,na,na,na,na,na,na,na,na,na,na,na,na,na,na,na,na,na,na,na,na,na,na,na,na,na,na,na,na,na,na,na,na,na,na,na,na,na,na,na,34.75,,,,,0.25,,,65,,,,,,,,,,,,,,,,,,,,,,,,,,0,0,0,0,0,0,0,0,0,100,0,0,0,0
olic_36,2002,B4,oli,ctr,olic_36,oli_l,0,-17.27710843,0,12.5,,10,3,,,,,,,2,,,,,,,,,,,0.5,,,,,,,,,,,,,,,,0.5,,,,50.25,,,,,,,,42.5,,,,,,,,,,,,,,,,,,,,,,,,,,0.5,2,0,0,3,10.5,0,0,0,92.75,0,3,10.5,0
olic_37,2002,B4,oli,ctr,olic_37,oli_l,0,-17.27710843,na,na,na,na,na,na,na,na,na,na,na,na,na,na,na,na,na,na,na,na,na,na,na,na,na,na,na,na,na,na,na,na,na,na,na,na,na,na,na,na,na,na,3.5,,,,,,,,95.25,,,,,,,,,,,,,,,,,,,,,,,,,,0,0,0,0,0,0,0,0,0,98.75,0,0,0,0
olic_38,2002,B4,oli,ctr,olic_38,oli_l,0,-17.27710843,0,5.2,,0.2,2,,,,,,,3,,,,,,,,,,,2,,,,,,,,,,,,,,,,,,,,21.75,,,,,2,,,65,,,,,,,,,,,,,,0.125,,,,,,,,,,,,2,3,0,0,2,0.2,0,0.125,0,88.75,0,2,0.2,0
olic_39,2002,B4,oli,ctr,olic_39,oli_l,0,-17.27710843,na,na,na,na,na,na,na,na,na,na,na,na,na,na,na,na,na,na,na,na,na,na,na,na,na,na,na,na,na,na,na,na,na,na,na,na,na,na,na,na,na,na,47.5,,,,,3.25,,,49.25,,,,,,,,,,,,,,,,,,,,,,,,,,0,0,0,0,0,0,0,0,0,100,0,0,0,0
olic_40,2002,B4,oli,ctr,olic_40,min_hl,0,-17.27710843,0,11.5,,10,7,,,,,,,0.5,,,,,1,,,,,,,,,,,,,,,,,,,,,,2,,,,91.75,,,,,,,,1.25,,,,,,,,,,,,,,,,,,,,,,,,,,0,1.5,0,0,7,12,0,0,0,93,0,7,12,0
olid_01,2002,C1,oli,wldd,olid_1,oli_l,1,-31.82967033,na,na,na,na,na,na,na,na,na,na,na,na,na,na,na,na,na,na,na,na,na,na,na,na,na,na,na,na,na,na,na,na,na,na,na,na,na,na,na,na,na,na,48.75,,,,,19.25,,,18.75,,,,,,,,,,,0.25,,,,,,,,,,,,,,,0,0,0,0,0,0,0.25,0,0,86.75,0,0,0,0
olid_02,2002,C1,oli,wldd,olid_2,oli_l,1,-31.82967033,0,18,,2,2,,,,,,,15,,,,,,,,,,,1,,,,,,,0.1,,,,,,,,,7,,,,18.75,,,,,20.25,,,1.75,,,,,,,,,,,2.5,,,0.175,,,,,,,,,,,,1,15,0,0,2,9.1,2.5,0.175,0,40.75,0,2,9,0.1
olid_03,2002,C1,oli,wldd,olid_3,oli_l,1,-31.82967033,na,na,na,na,na,na,na,na,na,na,na,na,na,na,na,na,na,na,na,na,na,na,na,na,na,na,na,na,na,na,na,na,na,na,na,na,na,na,na,na,na,na,6.75,,,,,8,,,,,,,,,,,,0.75,,1,,,0.225,,,,,,,,,,,,0,0,0,0,0,0,1,0.225,0,15.5,0,0,0,0
olid_04,2002,C1,oli,wldd,olid_4,oli_l,1,-31.82967033,0,0,,,,,,,,,,,,,,,,,,,,,,,,,,,,,,,,,,,,,,,,,41.75,,,,,50,,,,,,,,,,,,,,0.25,,,0.025,,,,,,,,,,,,0,0,0,0,0,0,0.25,0.025,0,91.75,0,0,0,0
olid_05,2002,C1,oli,wldd,olid_5,oli_l,1,-31.82967033,na,na,na,na,na,na,na,na,na,na,na,na,na,na,na,na,na,na,na,na,na,na,na,na,na,na,na,na,na,na,na,na,na,na,na,na,na,na,na,na,na,na,25,,,,,13,,,,,,,,0.025,,,,,,0.275,,,0.15,,,,,,,,,,,,0,0,0,0,0,0,0.275,0.15,0.025,38,0,0,0,0
olid_06,2002,C2,oli,wldd,olid_6,oli_l,1,-31.82967033,0,11,,7,,,,,,,,2,,,1,,,,,,,,1,,,,,,,,,,,,,,,,7,,,,71.25,,,,,2,,,,,,,,,,,,,,,,,,,,,,,,,,,,,1,3,0,0,0,14,0,0,0,73.25,0,0,14,0
olid_07,2002,C2,oli,wldd,olid_7,oli_l,1,-31.82967033,na,na,na,na,na,na,na,na,na,na,na,na,na,na,na,na,na,na,na,na,na,na,na,na,na,na,na,na,na,na,na,na,na,na,na,na,na,na,na,na,na,na,60.5,,,,,5.75,,,0.5,,,,,,,,,,,,,,0.025,,,,,,,,,,,,0,0,0,0,0,0,0,0.025,0,66.75,0,0,0,0
olid_08,2002,C2,oli,wldd,olid_8,oli_l,1,-31.82967033,0,7,,,5,,,,,,,4,,,,,,,,,,,3,,,,,,,,,,,,,,,,3,,,,35.25,,,,,22.5,,,18,,,,,,,,,,,0.025,,,0.2,,,,,,,,,,,,3,4,0,0,5,3,0.025,0.2,0,75.75,0,5,3,0
olid_09,2002,C2,oli,wldd,olid_9,oli_l,1,-31.82967033,na,na,na,na,na,na,na,na,na,na,na,na,na,na,na,na,na,na,na,na,na,na,na,na,na,na,na,na,na,na,na,na,na,na,na,na,na,na,na,na,na,na,6,,,,,82.5,,,,,,,,,,,,,,3,,,0.025,,,,,,,,,,45,,0,0,0,0,0,0,48,0.025,0,88.5,0,0,0,0
olid_10,2002,C2,oli,wldd,olid_10,oli_l,1,-31.82967033,0,7,,3,1,,,,,,,2,,,0.5,1,0.5,,,,,,,,,,,,,,,,,,,,,,10,,,,43,,,,,1.375,,,30.75,,,,,,,,,,,0.025,,,,,,,,,,,,,,,0,4,0,0,1,13,0.025,0,0,75.125,0,1,13,0
olid_11,2002,D1,oli,wldd,olid_11,oli_l,1,-31.82967033,na,na,na,na,na,na,na,na,na,na,na,na,na,na,na,na,na,na,na,na,na,na,na,na,na,na,na,na,na,na,na,na,na,na,na,na,na,na,na,na,na,na,12.25,,,,,0.75,,,82,,,,,,,,,,,,,,0.175,,,,,,,,,,,,0,0,0,0,0,0,0,0.175,0,95,0,0,0,0
olid_12,2002,D1,oli,wldd,olid_12,oli_l,1,-31.82967033,0,23,,3,4,,,,,,,10,,,,,5,,,,,5,,,,,,,,,,,,,,,,,15,,,,54.5,,,,,1.25,,,18.75,,,,,,,,,,,,,,,,,,,,,,,,,,0,20,0,0,4,18,0,0,0,74.5,0,4,18,0
olid_13,2002,D1,oli,wldd,olid_13,oli_l,1,-31.82967033,na,na,na,na,na,na,na,na,na,na,na,na,na,na,na,na,na,na,na,na,na,na,na,na,na,na,na,na,na,na,na,na,na,na,na,na,na,na,na,na,na,na,5.25,,,,,,0.25,,16.75,,,,,,,,,,,2.25,,,0.675,,,0.875,,,,,,,,,0,0,0,0,0,0,2.25,1.55,0.25,22,0,0,0,0
olid_14,2002,D1,oli,wldd,olid_14,oli_l,1,-31.82967033,0,15.6,,3,7,,,,,,,10,,,,0.5,,,,,,,2,,,,,,,,,,,,0.1,,,,4,,,,1.875,,,,,7.5,1,,75,,,,,,,,,,,,,,,,,,,,,,,,,,2.1,10.5,0,0,7,7,0,0,1,84.375,0,7,7,0
olid_15,2002,D1,oli,wldd,olid_15,oli_l,1,-31.82967033,na,na,na,na,na,na,na,na,na,na,na,na,na,na,na,na,na,na,na,na,na,na,na,na,na,na,na,na,na,na,na,na,na,na,na,na,na,na,na,na,na,na,7,,,,,1,0.25,,62.5,,,,,,,,,,,,,,0.125,,,0.025,,,,,,,,,0,0,0,0,0,0,0,0.15,0.25,70.5,0,0,0,0
olid_16,2002,D2,oli,wldd,olid_16,oli_l,1,-31.82967033,0,19,,2,,,,,,,,15,,,,,,,,,,,2,,,,,,,,,,,,,,,,20,,,,6.375,,,,,,,,13.25,,,,,,,,,,,,,,0.25,,,0.2,,,,,,,,,2,15,0,0,0,22,0,0.45,0,19.625,0,0,22,0
olid_17,2002,D2,oli,wldd,olid_17,oli_l,1,-31.82967033,na,na,na,na,na,na,na,na,na,na,na,na,na,na,na,na,na,na,na,na,na,na,na,na,na,na,na,na,na,na,na,na,na,na,na,na,na,na,na,na,na,na,10.75,,,,,,,,19.5,,,,,,,,,,,,,,,,,,,,,,,,,,0,0,0,0,0,0,0,0,0,30.25,0,0,0,0
olid_18,2002,D2,oli,wldd,olid_18,oli_l,1,-31.82967033,0,22.1,,3,7,,,,,,,12,,,,,0.1,,,,,,7,,,,,,,,,,,,,,,,15,,,,8.25,,,,,,0.625,,19.5,,,,,,,,,,,,,,,,,,,,,,,,,,7,12.1,0,0,7,18,0,0,0.625,27.75,0,7,18,0
olid_19,2002,D2,oli,wldd,olid_19,oli_l,1,-31.82967033,na,na,na,na,na,na,na,na,na,na,na,na,na,na,na,na,na,na,na,na,na,na,na,na,na,na,na,na,na,na,na,na,na,na,na,na,na,na,na,na,na,na,8.5,,,,,,,,63.25,,,,,,,,,,,,,,0.25,,,,,,,,,,,,0,0,0,0,0,0,0,0.25,0,71.75,0,0,0,0
olid_20,2002,D2,oli,wldd,olid_20,oli_l,1,-31.82967033,0,6.7,,0.7,4,,,,,,,5,,,,,,,,,,,1,,,,,,,,,,,,,,,,7,,,,17.5,,,,0.25,3,,,38.75,,,,,,,,,,,0.2,,,0.075,,,,,,,,,,1.625,,1,5,0,0,4,7.7,1.825,0.075,0,59.25,0.25,4,7.7,0
olid_21,2002,E1,oli,wldd,olid_21,oli_l,1,-31.82967033,na,na,na,na,na,na,na,na,na,na,na,na,na,na,na,na,na,na,na,na,na,na,na,na,na,na,na,na,na,na,na,na,na,na,na,na,na,na,na,na,na,na,22.5,,,,,0.125,,,6.25,,,,,,,,,,,,,,,,,,,,,,,,0.125,,0,0,0,0,0,0,0.125,0,0,28.875,0,0,0,0
olid_22,2002,E1,oli,wldd,olid_22,oli_l,1,-31.82967033,0,11.1,,4,,,,,,,,7,,,,0.1,,,,,,,,,,,,,,,,,,,,,,,3.5,,,,17.25,,,,,2.5,,,0.025,,,,,,,,,,,0.525,,,0.65,,,,,,,,,,,,0,7.1,0,0,0,7.5,0.525,0.65,0,19.775,0,0,7.5,0
olid_23,2002,E1,oli,wldd,olid_23,oli_l,1,-31.82967033,na,na,na,na,na,na,na,na,na,na,na,na,na,na,na,na,na,na,na,na,na,na,na,na,na,na,na,na,na,na,na,na,na,na,na,na,na,na,na,na,na,na,30,,,,,5,,,,,,,,,,,,,,1.65,,,,,,,,,,5.5,,,19.75,,0,0,0,0,0,0,26.9,0,0,35,0,0,0,0
olid_24,2002,E1,oli,wldd,olid_24,oli_l,1,-31.82967033,0,7.1,,3,,,,,,,,3,,,,0.1,,,,,,,1,,,,,,,,,,,,,,,,20,,,,34.5,,,,,56.5,,,,,,,,,,,,0.5,,0.2,,,0.15,,,,,,,,,,1,,1,3.1,0,0,0,23,1.2,0.15,0,91.5,0,0,23,0
olid_25,2002,E1,oli,wldd,olid_25,oli_l,1,-31.82967033,na,na,na,na,na,na,na,na,na,na,na,na,na,na,na,na,na,na,na,na,na,na,na,na,na,na,na,na,na,na,na,na,na,na,na,na,na,na,na,na,na,na,4.5,,,,0.75,28.75,,,8.5,,,,,,,,,,,4,,,0.25,,,,,,,,,,3,,0,0,0,0,0,0,7,0.25,0,41.75,0.75,0,0,0
olid_26,2002,E2,oli,wldd,olid_26,oli_l,1,-31.82967033,0,7.2,,3,2,,,,,,,3,,,,0.2,,,,,,,1,,,,,,,,,,,,,,,,5,,,,10,,,,,11.25,,,52,,,1.5,,,,,,,,3,,,,,,,,,,,,,,,1,3.2,0,0,2,8,3,0,0,74.75,0,2,8,0
olid_27,2002,E2,oli,wldd,olid_27,oli_l,1,-31.82967033,na,na,na,na,na,na,na,na,na,na,na,na,na,na,na,na,na,na,na,na,na,na,na,na,na,na,na,na,na,na,na,na,na,na,na,na,na,na,na,na,na,na,5,,,,,18.25,,,9.75,,,,,,,,,,,,,,,,,,,,,,,,,,0,0,0,0,0,0,0,0,0,33,0,0,0,0
olid_28,2002,E2,oli,wldd,olid_28,oli_l,1,-31.82967033,0,6.2,,3,30,,,,,,,3,,,,0.1,,,,,,,0.1,,,,,,,,,,,,,,,,4,,,,6.275,,,,,3.5,,,27,,,,,,,,,,,0.05,,,,,,,,,,,,,3.25,,0.1,3.1,0,0,30,7,3.3,0,0,36.775,0,30,7,0
olid_29,2002,E2,oli,wldd,olid_29,oli_l,1,-31.82967033,na,na,na,na,na,na,na,na,na,na,na,na,na,na,na,na,na,na,na,na,na,na,na,na,na,na,na,na,na,na,na,na,na,na,na,na,na,na,na,na,na,na,15,,,,,13,,,,,,,,,,,,,,1.25,,,,,,,,,,,,,0.75,,0,0,0,0,0,0,2,0,0,28,0,0,0,0
olid_30,2002,E2,oli,wldd,olid_30,oli_l,1,-31.82967033,0,14,,1,,,,,,,,6,,,,,,,,,,,1,,,,,,,,,,,,6,,,,5,,,,8.375,,,,,2.75,,,84.75,,,,,,,,,,,0.075,,,0.075,,,,,,,,,,,,7,6,0,0,0,6,0.075,0.075,0,95.875,0,0,6,0
olid_31,2002,F1,oli,wldd,olid_31,oli_l,1,-31.82967033,na,na,na,na,na,na,na,na,na,na,na,na,na,na,na,na,na,na,na,na,na,na,na,na,na,na,na,na,na,na,na,na,na,na,na,na,na,na,na,na,na,na,7.25,,,,,1,,,35,,,,,,,,,,,,,,0.05,,,,,,,,,,0.025,,0,0,0,0,0,0,0.025,0.05,0,43.25,0,0,0,0
olid_32,2002,F1,oli,wldd,olid_32,oli_l,1,-31.82967033,0,5,,2,10,0.1,,,,,,2,,,,0.5,,,,,,,0.5,,,,,,,,,,,,,,,,1,,,,4.25,,,,,0.025,0.125,,87,,,,,,,,,,,0.025,,,0.1,,,,,,,,,,,,0.5,2.5,0,0,10.1,3,0.025,0.1,0.125,91.275,0,10,3,0.1
olid_33,2002,F1,oli,wldd,olid_33,oli_l,1,-31.82967033,na,na,na,na,na,na,na,na,na,na,na,na,na,na,na,na,na,na,na,na,na,na,na,na,na,na,na,na,na,na,na,na,na,na,na,na,na,na,na,na,na,na,1.275,,,,,0.125,,,8.5,,,,,,,,,,,,,,0.075,,,,,,,,,,0.125,,0,0,0,0,0,0,0.125,0.075,0,9.9,0,0,0,0
olid_34,2002,F1,oli,wldd,olid_34,oli_l,1,-31.82967033,0,7.1,,2,5,,,,,,,5,,,,0.1,,,,,,,,,,,,,,0.1,,,,,,,,,2,,,,0.625,,,,,,,,97,,,,,,,,,,,,,,,,,,,,,,,,,,0,5.1,0,0,5,4.1,0,0,0,97.625,0,5,4,0.1
olid_35,2002,F1,oli,wldd,olid_35,oli_l,1,-31.82967033,na,na,na,na,na,na,na,na,na,na,na,na,na,na,na,na,na,na,na,na,na,na,na,na,na,na,na,na,na,na,na,na,na,na,na,na,na,na,na,na,na,na,14.5,,,,,,,,77.5,,,,,,,,,,,,,,,,,,,,,,,,,,0,0,0,0,0,0,0,0,0,92,0,0,0,0
olid_36,2002,F2,oli,wldd,olid_36,oli_l,1,-31.82967033,0,10,,3,2,,,,,,,7,,,,,,,,,,,,,,,,,,,,,,,,,,,,,,,13.25,,,,,,,,49.5,,,,,,,,,,,0.025,,,0.025,,,,,,,,,,,,0,7,0,0,2,3,0.025,0.025,0,62.75,0,2,3,0
olid_37,2002,F2,oli,wldd,olid_37,oli_l,1,-31.82967033,na,na,na,na,na,na,na,na,na,na,na,na,na,na,na,na,na,na,na,na,na,na,na,na,na,na,na,na,na,na,na,na,na,na,na,na,na,na,na,na,na,na,4,,,,,,,,89,,,,,,,,,,,,,,,,,,,,,,,,,,0,0,0,0,0,0,0,0,0,93,0,0,0,0
olid_38,2002,F2,oli,wldd,olid_38,oli_l,1,-31.82967033,0,25.5,,3,1,,,,,,,20,,,,0.5,,,,,,,2,,,,,,,,,,,,,,,,2,,,,5.75,,,,,,,,66.75,,,,,,,,,,,0.25,,,,,,,,,,,,,,,2,20.5,0,0,1,5,0.25,0,0,72.5,0,1,5,0
olid_39,2002,F2,oli,wldd,olid_39,oli_l,1,-31.82967033,na,na,na,na,na,na,na,na,na,na,na,na,na,na,na,na,na,na,na,na,na,na,na,na,na,na,na,na,na,na,na,na,na,na,na,na,na,na,na,na,na,na,0.75,,,,,0.25,,,89.75,,,,,,,,,,,,,,,,,,,,,,,,,,0,0,0,0,0,0,0,0,0,90.75,0,0,0,0
olid_40,2002,F2,oli,wldd,olid_40,oli_l,1,-31.82967033,0,23,,15,,,,,,,,7,,,,,,,,,,,1,,,,,,,,,,,,,,,,5,,,,2.5,,,,,,,,18.5,,,,,,,,,,,,,,,,,,,,,,,,,,1,7,0,0,0,20,0,0,0,21,0,0,20,0
ombc_01,2002,T1,omb,ctr,ombc_1,omb_hu,0,-4.175675676,na,na,na,na,na,na,na,na,na,na,na,na,na,na,na,na,na,na,na,na,na,na,na,na,na,na,na,na,na,na,na,na,na,na,na,na,na,na,na,na,na,na,6,27.75,,,52.5,,,,,,,,,,,,,,,,,,,,,,,,,1.275,,,5.75,,0,0,0,0,0,0,7.025,0,0,33.75,52.5,0,0,0
ombc_02,2002,T1,omb,ctr,ombc_2,omb_hu,0,-4.175675676,0,28,,5,,,,,,,,,,,,,,,,,2,,1,,,,,,,,,20,,,,,,,,,,,,44,,,39.75,,,,,,,,,,,,,,,,,,,1.525,,,,,0.275,,,,0.65,,1,0,20,0,0,7,2.175,0.275,0,44,39.75,0,7,0
ombc_03,2002,T1,omb,ctr,ombc_3,omb_hu,0,-4.175675676,na,na,na,na,na,na,na,na,na,na,na,na,na,na,na,na,na,na,na,na,na,na,na,na,na,na,na,na,na,na,na,na,na,na,na,na,na,na,na,na,na,na,,42.5,,,,,,,,,,,,,,,,,,,,,,,,,,,,,,,6.25,,0,0,0,0,0,0,6.25,0,0,42.5,0,0,0,0
ombc_04,2002,T1,omb,ctr,ombc_4,omb_hu,0,-4.175675676,0,42.2,,0.2,,,,,,,,,,,,,,,,,20,,2,,,,,,,,,15,,,,,,,5,5,,,12.5,22.5,,,55,,,,,,,,,,,,,,,,,,,,,,,,0.325,0.025,,,7.5,,2,0,15,0,5,25.2,7.525,0.325,0,35,55,5,25.2,0
ombc_05,2002,T1,omb,ctr,ombc_5,omb_hu,0,-4.175675676,na,na,na,na,na,na,na,na,na,na,na,na,na,na,na,na,na,na,na,na,na,na,na,na,na,na,na,na,na,na,na,na,na,na,na,na,na,na,na,na,na,na,,4.75,,,90,,,,,,,,,,,,,,,,,,,,,,,,,,,,11.75,,0,0,0,0,0,0,11.75,0,0,4.75,90,0,0,0
ombc_06,2002,T2,omb,ctr,ombc_6,min_hl,0,-4.175675676,0,49,,10,,,,,,,,,,,,,,,,,20,,3,,,,,,,,,15,,,,,,,3,1,,,37.5,,,,28,,,,,,,,,,,,,,,5.775,,,,,0.025,,,,,,,,19.25,,3,0,15,0,1,33,25.05,0,0,37.5,28,1,33,0
ombc_07,2002,T2,omb,ctr,ombc_7,min_hl,0,-4.175675676,na,na,na,na,na,na,na,na,na,na,na,na,na,na,na,na,na,na,na,na,na,na,na,na,na,na,na,na,na,na,na,na,na,na,na,na,na,na,na,na,na,na,82.5,,,,5.75,,,,,,,,,,,,,,,0.125,,,,,,,,,,,,,6.25,,0,0,0,0,0,0,6.375,0,0,82.5,5.75,0,0,0
ombc_08,2002,T2,omb,ctr,ombc_8,omb_hu,0,-4.175675676,0,39.2,,10,,,,,,,,,,,,,,,,,20,,0.2,,,,,,,,,5,,,,,,,2.1,4,,,,16.75,,,80,,,,,,,,,,,,,,,,,,,,,,,,,,,,11.75,,0.2,0,5,0,4,32.1,11.75,0,0,16.75,80,4,32.1,0
ombc_09,2002,T2,omb,ctr,ombc_9,omb_ll,0,-4.175675676,na,na,na,na,na,na,na,na,na,na,na,na,na,na,na,na,na,na,na,na,na,na,na,na,na,na,na,na,na,na,na,na,na,na,na,na,na,na,na,na,na,na,,37.5,,,18.75,40,,,,,,,,,,,,,,,,,,,,,,,,,,,,,0,0,0,0,0,0,0,0,0,77.5,18.75,0,0,0
ombc_10,2002,T2,omb,ctr,ombc_10,omb_ll,0,-4.175675676,0,22,,2,,,,,,,,,,,,,,,0.5,,15,,,,,,,,,,,5,,,,,,,1.5,,,,,45.5,,,30.75,18.25,0.5,,,,,,,,,,,,,,,,,,,0.05,,,0.15,,,,,,0,0,5.5,0,0,18.5,0,0.2,0.5,63.75,30.75,0,18.5,0
ombc_11,2002,T3,omb,ctr,ombc_11,omb_ho,0,-4.175675676,na,na,na,na,na,na,na,na,na,na,na,na,na,na,na,na,na,na,na,na,na,na,na,na,na,na,na,na,na,na,na,na,na,na,na,na,na,na,na,na,na,na,,73.75,,5.625,,,,,,,,,,,,,,,,,,,,,,1.55,,,,,,,,,0,0,0,0,0,0,0,1.55,5.625,73.75,0,0,0,0
ombc_12,2002,T3,omb,ctr,ombc_12,omb_ho,0,-4.175675676,0,37.7,,7,,,,,,,,,,,,,,,0.1,,10,,20,,,,,,,,,,,,,,,,2,0.7,,,,28.75,,11.25,,,17.5,,,,,,,,,,,,,,,,,,,0.2,,,,,,,,,20,0,0.1,0,0.7,19,0,0.2,28.75,28.75,0,0.7,19,0
ombc_13,2002,T3,omb,ctr,ombc_13,omb_ho,0,-4.175675676,na,na,na,na,na,na,na,na,na,na,na,na,na,na,na,na,na,na,na,na,na,na,na,na,na,na,na,na,na,na,na,na,na,na,na,na,na,na,na,na,na,na,,17.5,,6.25,,43.75,,,,,,,,,,,,,,,,,,,,13.875,,,,,,,,,0,0,0,0,0,0,0,13.875,6.25,61.25,0,0,0,0
ombc_14,2002,T3,omb,ctr,ombc_14,omb_ho,0,-4.175675676,0,2,,,,,,,,,,,,,,,,,,,,,,,,,,,,,,,,2,,,,,,,,,,45,,42.5,,4.5,,,,,0.075,,,,,,,,,,,,,,,0.15,,,,,,,,,0,0,2,0,0,0,0,0.15,42.5,49.5,0.075,0,0,0
ombc_15,2002,T3,omb,ctr,ombc_15,omb_ho,0,-4.175675676,na,na,na,na,na,na,na,na,na,na,na,na,na,na,na,na,na,na,na,na,na,na,na,na,na,na,na,na,na,na,na,na,na,na,na,na,na,na,na,na,na,na,,6.25,,87.5,,,,,,,,,,,,,,,,,,,,,,,,,,,,,,,0,0,0,0,0,0,0,0,87.5,6.25,0,0,0,0
ombc_16,2002,T4,omb,ctr,ombc_16,omb_ho,0,-4.175675676,0,6,,3,,,,,,,,,,,,,,,,,,,,,,,,,,,,,,3,,,,,1,,,,,12.25,,72.25,,,,,,,,,,,,,,,,,,,,,,8,,,,,,,,,0,0,3,0,0,4,0,8,72.25,12.25,0,0,4,0
ombc_17,2002,T4,omb,ctr,ombc_17,omb_hl,0,-4.175675676,na,na,na,na,na,na,na,na,na,na,na,na,na,na,na,na,na,na,na,na,na,na,na,na,na,na,na,na,na,na,na,na,na,na,na,na,na,na,na,na,na,na,,66.5,,,4.5,1.75,,,,,18.75,,,,,,,,,,,,,,,,,,1.775,,,,,,0,0,0,0,0,0,0,1.775,0,68.25,23.25,0,0,0
ombc_18,2002,T4,omb,ctr,ombc_18,omb_hu,0,-4.175675676,0,3,,1,,,,,,,,,,,,,,,,,,,2,,,,,,,,,,,,,,,,1,,,,,48,,,42.25,,,,,,,,,,,,,,,,,,,,,,,,2.5,,,,2.75,,2,0,0,0,0,2,2.75,2.5,0,48,42.25,0,2,0
ombc_19,2002,T4,omb,ctr,ombc_19,omb_hu,0,-4.175675676,na,na,na,na,na,na,na,na,na,na,na,na,na,na,na,na,na,na,na,na,na,na,na,na,na,na,na,na,na,na,na,na,na,na,na,na,na,na,na,na,na,na,,34,,,53.75,,,,,,,,,,,,,,,,,,,,,,,,,,,,,,0,0,0,0,0,0,0,0,0,34,53.75,0,0,0
ombc_20,2002,T4,omb,ctr,ombc_20,omb_hu,0,-4.175675676,0,29,,1,,,,,,,,,,,,,,,,,4,,20,,,,,,,,,,,,,,,,3,4,,,,,,,100,,,,,,,,,,,,,,,,,,,,,,,,,,,,,,20,0,0,0,4,8,0,0,0,0,100,4,8,0
ombc_21,2002,U1,omb,ctr,ombc_21,omb_hu,0,-4.175675676,na,na,na,na,na,na,na,na,na,na,na,na,na,na,na,na,na,na,na,na,na,na,na,na,na,na,na,na,na,na,na,na,na,na,na,na,na,na,na,na,na,na,,1,,,98,,,,,,,,,,,,,,,,,,,,,,,,0.075,,,,,,0,0,0,0,0,0,0,0.075,0,1,98,0,0,0
ombc_22,2002,U1,omb,ctr,ombc_22,omb_hu,0,-4.175675676,0,22,,1,,,,,,,,,,,,,,,,,3,,3,,,,,,,0.1,,15,,,,,,,0.2,,,,,,,,98.75,,,,,,,,,,,,,,,,,,,,,,,,,,,,,,3,0,15,0,0,4.3,0,0,0,0,98.75,0,4.2,0.1
ombc_23,2002,U1,omb,ctr,ombc_23,omb_hl,0,-4.175675676,na,na,na,na,na,na,na,na,na,na,na,na,na,na,na,na,na,na,na,na,na,na,na,na,na,na,na,na,na,na,na,na,na,na,na,na,na,na,na,na,na,na,,32.25,,,26.5,,,,,,40.75,,,,,,,,,,,,,,,,,,0.75,,,,,,0,0,0,0,0,0,0,0.75,0,32.25,67.25,0,0,0
ombc_24,2002,U1,omb,ctr,ombc_24,omb_hl,0,-4.175675676,0,20,,4,,,,,,,,,,,,,,,,,7,,4,,,,,,,,,5,,,,,,,1,,,,,25.5,,,71.75,1.875,,,,,0.75,,,,,,,,,,,,,,,,,,,,,,,,4,0,5,0,0,12,0,0,0,27.375,72.5,0,12,0
ombc_25,2002,U1,omb,ctr,ombc_25,omb_ho,0,-4.175675676,na,na,na,na,na,na,na,na,na,na,na,na,na,na,na,na,na,na,na,na,na,na,na,na,na,na,na,na,na,na,na,na,na,na,na,na,na,na,na,na,na,na,,48.5,,3.5,,8.5,,,,,4.125,,,,,,,,,,,,,,,25.25,,,,,,,,,0,0,0,0,0,0,0,25.25,3.5,57,4.125,0,0,0
ombc_26,2002,U2,omb,ctr,ombc_26,omb_ho,0,-4.175675676,0,5.5,,2,,,,,,,,,,,,,,,,,,,2,,,,,,,,,1,,0.5,,,,,0.5,,,,,51,,14,,0.875,,,,,,,,,,,,,,,,,,,,,,,,,,,,,2,0,1.5,0,0,2.5,0,0,14,51.875,0,0,2.5,0
ombc_27,2002,U2,omb,ctr,ombc_27,omb_hu,0,-4.175675676,na,na,na,na,na,na,na,na,na,na,na,na,na,na,na,na,na,na,na,na,na,na,na,na,na,na,na,na,na,na,na,na,na,na,na,na,na,na,na,na,na,na,,30,,,65.25,,,,,,,,,,,,,,,,,,,,,,,,4.75,,,,,,0,0,0,0,0,0,0,4.75,0,30,65.25,0,0,0
ombc_28,2002,U2,omb,ctr,ombc_28,omb_hl,0,-4.175675676,0,2,,1,,,,,,,,,,,,,,,,,,,1,,,,,,,,,,,,,,,,0.5,,,,,33.75,,,65,,,,,,0.5,,,,,,,,,,,,,,,,,,0.875,,,,,,1,0,0,0,0,1.5,0,0.875,0,33.75,65.5,0,1.5,0
ombc_29,2002,U2,omb,ctr,ombc_29,omb_hu,0,-4.175675676,na,na,na,na,na,na,na,na,na,na,na,na,na,na,na,na,na,na,na,na,na,na,na,na,na,na,na,na,na,na,na,na,na,na,na,na,na,na,na,na,na,na,,3,,,95.75,,,,,,,,,,,,,,,,,,,,,,,,1.25,,,,,,0,0,0,0,0,0,0,1.25,0,3,95.75,0,0,0
ombc_30,2002,U2,omb,ctr,ombc_30,omb_ll,0,-4.175675676,0,16.5,,3,,,,,,,,,,,,,,,,,0.5,,1,,,,,,,,,12,,,,,,,1,,,,,78,,,,,,,,,,,,,,,,,,,,,,,,,,,,,,,,,1,0,12,0,0,4.5,0,0,0,78,0,0,4.5,0
ombc_31,2002,U3,omb,ctr,ombc_31,omb_ll,0,-4.175675676,na,na,na,na,na,na,na,na,na,na,na,na,na,na,na,na,na,na,na,na,na,na,na,na,na,na,na,na,na,na,na,na,na,na,na,na,na,na,na,na,na,na,,82,,,4,9,,,,,5,,,,,,,,,,,,,,,0.025,,,,,,,,,0,0,0,0,0,0,0,0.025,0,91,9,0,0,0
ombc_32,2002,U3,omb,ctr,ombc_32,omb_ho,0,-4.175675676,0,6,,2,,,,,,,,,,,,,,,,,,,4,,,,,,,,,,,,,,,,,,,,,92.25,,,,,4.25,,,,0.025,,,,,,,,,,,,,,,,,,,,,,,,4,0,0,0,0,2,0,0,4.25,92.25,0.025,0,2,0
ombc_33,2002,U3,omb,ctr,ombc_33,omb_ll,0,-4.175675676,na,na,na,na,na,na,na,na,na,na,na,na,na,na,na,na,na,na,na,na,na,na,na,na,na,na,na,na,na,na,na,na,na,na,na,na,na,na,na,na,na,na,,62.75,,,,26.5,,,,,10.25,,,,,,,,,,,,,,,0.55,,,,,,,,,0,0,0,0,0,0,0,0.55,0,89.25,10.25,0,0,0
ombc_34,2002,U3,omb,ctr,ombc_34,omb_hu,0,-4.175675676,0,4,,,,,,,,,,,,,,,,,,,,,4,,,,,,,,,,,,,,,,,,,,,1.5,,,100.5,,,,,,,,,,,,,,,,,,,,,,,,,,,,,,4,0,0,0,0,0,0,0,0,1.5,100.5,0,0,0
ombc_35,2002,U3,omb,ctr,ombc_35,omb_hl,0,-4.175675676,na,na,na,na,na,na,na,na,na,na,na,na,na,na,na,na,na,na,na,na,na,na,na,na,na,na,na,na,na,na,na,na,na,na,na,na,na,na,na,na,na,na,,25,,,58.5,,,,,,15.5,,,,,,,,,,,,,,,,,,,,,,,,0,0,0,0,0,0,0,0,0,25,74,0,0,0
ombc_36,2002,U4,omb,ctr,ombc_36,omb_hu,0,-4.175675676,0,20.5,,6,,,,,,,,,,,,,,,,,,,1,,,,,,,,,12,,,,,,,0.5,1.5,,,,7,,,78.5,,,,,,0.025,,,,,,,,,,,,,,,,,,0.5,0.25,,,,,1,0,12,0,1.5,6.5,0.25,0.5,0,7,78.525,1.5,6.5,0
ombc_37,2002,U4,omb,ctr,ombc_37,omb_hu,0,-4.175675676,na,na,na,na,na,na,na,na,na,na,na,na,na,na,na,na,na,na,na,na,na,na,na,na,na,na,na,na,na,na,na,na,na,na,na,na,na,na,na,na,na,na,,43.75,,,56.25,,,,,,,,,,,,,,,,,,,,,,,,0.075,,,,,,0,0,0,0,0,0,0,0.075,0,43.75,56.25,0,0,0
ombc_38,2002,U4,omb,ctr,ombc_38,omb_hu,0,-4.175675676,0,32,,2,,,,,,,,,,,,,,,,,15,,2,,,,,,,,,10,,,,,,,6,3,,,,55,,,42.25,,,,,,,,,,,,,,,,,,,,,,,,,,,,,,2,0,10,0,3,23,0,0,0,55,42.25,3,23,0
ombc_39,2002,U4,omb,ctr,ombc_39,omb_hu,0,-4.175675676,na,na,na,na,na,na,na,na,na,na,na,na,na,na,na,na,na,na,na,na,na,na,na,na,na,na,na,na,na,na,na,na,na,na,na,na,na,na,na,na,na,na,,27,,,71.5,,,,,,,,,,,,,,,,,,,,,,,,,,,,,,0,0,0,0,0,0,0,0,0,27,71.5,0,0,0
ombc_40,2002,U4,omb,ctr,ombc_40,omb_hu,0,-4.175675676,0,66,,6,,,,,,,,,,,,,,,,,28,,2,,,,,,,,,25,,,,,,,10,5,,,,7.5,,,89.75,,,,,,,,,,,,,,,,,,,,,,,,,,,,,,2,0,25,0,5,44,0,0,0,7.5,89.75,5,44,0
ombf_01,2002,Z1,omb,fst,ombf_1,,41,-15.2195122,na,na,na,na,na,na,na,na,na,na,na,na,na,na,na,na,na,na,na,na,na,na,na,na,na,na,na,na,na,na,na,na,na,na,na,na,na,na,na,na,na,na,0.025,,,,,,,,,,,,,,,,,,,,,,,2.5,10.025,,,,,58.75,,,,,0,0,0,0,0,0,71.275,0,0,0.025,0,0,0,0
ombf_02,2002,Z1,omb,fst,ombf_2,,41,-15.2195122,0,34.6,,,,,,,,,,,,,,,,,,,0.1,,0.5,,20,,,,,,,10,,,,,,,,4,,,70,,,,,,,,,,,0.275,,,,,,,,,,,,,1.25,,,,,4.375,,,12.25,,0.5,0,10,0,4,20.1,17.875,0,0,70.275,0,4,20.1,0
ombf_03,2002,Z1,omb,fst,ombf_3,,41,-15.2195122,na,na,na,na,na,na,na,na,na,na,na,na,na,na,na,na,na,na,na,na,na,na,na,na,na,na,na,na,na,na,na,na,na,na,na,na,na,na,na,na,na,na,0.375,,,,,,,,,,,,,,,,,,,,,,,,,,,,,38.75,,,,,0,0,0,0,0,0,38.75,0,0,0.375,0,0,0,0
ombf_04,2002,Z1,omb,fst,ombf_4,,41,-15.2195122,0,57,,,,,,,,,,,,,,,,,,,10,,7,,,,,,,,,20,,,,,,,1,20,,,,,,,,,,,,,,,,,,,,,,,,,,,,,,,,68.75,,,,,7,0,20,0,20,11,68.75,0,0,0,0,20,11,0
ombf_05,2002,Z1,omb,fst,ombf_5,,41,-15.2195122,na,na,na,na,na,na,na,na,na,na,na,na,na,na,na,na,na,na,na,na,na,na,na,na,na,na,na,na,na,na,na,na,na,na,na,na,na,na,na,na,na,na,,,,,,,,,,,,,,,,,,,,,,,,7.875,7.75,,,,,73.5,,,,,0,0,0,0,0,0,89.125,0,0,0,0,0,0,0
ombf_06,2002,Z2,omb,fst,ombf_6,,41,-15.2195122,0,42,,1,,,,,,,,,,,,,,,,,15,,3,,,,,,,,,3,,,,,,,,20,,,0.275,,,,94.5,,,,,,,,,,,,,,,,,,,,,,,,,,,,,,3,0,3,0,20,16,0,0,0,0.275,94.5,20,16,0
ombf_07,2002,Z2,omb,fst,ombf_7,,41,-15.2195122,na,na,na,na,na,na,na,na,na,na,na,na,na,na,na,na,na,na,na,na,na,na,na,na,na,na,na,na,na,na,na,na,na,na,na,na,na,na,na,na,na,na,7.025,,,,,,,,,,,,,,,,,,,,,,,,0.3,,,,,88.25,,,,,0,0,0,0,0,0,88.55,0,0,7.025,0,0,0,0
ombf_08,2002,Z2,omb,fst,ombf_8,,41,-15.2195122,0,51,,1,,,,,,,,,,,,,,,,,20,,1,,,,,,,0.3,,25,,,,,,,1.7,4,,,0.15,,,,,,,,,,,,,,,,,,,0.075,,,,,14.75,,,,,61.75,,,,,1,0,25,0,4,23,76.575,0,0,0.15,0,4,22.7,0.3
ombf_09,2002,Z2,omb,fst,ombf_9,,41,-15.2195122,na,na,na,na,na,na,na,na,na,na,na,na,na,na,na,na,na,na,na,na,na,na,na,na,na,na,na,na,na,na,na,na,na,na,na,na,na,na,na,na,na,na,0.125,,,,,,,,,,,,,,,,,,,,,,,0.35,21.5,,,,,65.75,,,0.025,,0,0,0,0,0,0,87.625,0,0,0.125,0,0,0,0
ombf_10,2002,Z2,omb,fst,ombf_10,,41,-15.2195122,0,0.5,,,,,,,,,,,,,,,,,,,0.5,,,,,,,,,,,,,,,,,,,,,,25.5,,,,0.875,,,,,,,,,,,,,,,,,,,6.9,1.025,,,,,63.25,,,0.775,,0,0,0,0,0,0.5,71.95,0,0,25.5,0.875,0,0.5,0
ombf_11,2002,AA1,omb,fst,ombf_11,,41,-15.2195122,na,na,na,na,na,na,na,na,na,na,na,na,na,na,na,na,na,na,na,na,na,na,na,na,na,na,na,na,na,na,na,na,na,na,na,na,na,na,na,na,na,na,,,,,,,,,,,,,,,,,,,,,,,,,,,,,,97.25,,,,,0,0,0,0,0,0,97.25,0,0,0,0,0,0,0
ombf_12,2002,AA1,omb,fst,ombf_12,,41,-15.2195122,0,6.5,,,,,,,,,,,,,,,,,,,,,6,,,,,,,,,,,,,,,,2.2,0.5,,,15.75,,,,42.5,40,,,,,,,,,,,,,,,,,,0.025,0.375,,,,,0.275,0.025,,,,6,0,0,0,0.5,2.2,0.7,0,0,55.75,42.5,0.5,2.2,0
ombf_13,2002,AA1,omb,fst,ombf_13,,41,-15.2195122,na,na,na,na,na,na,na,na,na,na,na,na,na,na,na,na,na,na,na,na,na,na,na,na,na,na,na,na,na,na,na,na,na,na,na,na,na,na,na,na,na,na,83.5,,,,,,,,,,,,,,,,,,,0.025,,,,,4.5,,,,,1.875,,,,,0,0,0,0,0,0,6.4,0,0,83.5,0,0,0,0
ombf_14,2002,AA1,omb,fst,ombf_14,,41,-15.2195122,0,10,,,,,,,,,,,,,,,,,,,,,10,,,,,,,0.1,,,,,,,,,0.25,,,,39.5,,,,9,,,,,,,,,,,,,,,0.025,,,,,,,,,,41.5,,,,,10,0,0,0,0,0.35,41.525,0,0,39.5,9,0,0.25,0.1
ombf_15,2002,AA1,omb,fst,ombf_15,,41,-15.2195122,na,na,na,na,na,na,na,na,na,na,na,na,na,na,na,na,na,na,na,na,na,na,na,na,na,na,na,na,na,na,na,na,na,na,na,na,na,na,na,na,na,na,,,,,,,,,,,,,,,,,,,,,,,,,,,,,,96,,,,,0,0,0,0,0,0,96,0,0,0,0,0,0,0
ombf_16,2002,AA2,omb,fst,ombf_16,,41,-15.2195122,0,7,,,,,,,,,,,,,,,,,,,,,7,,,,,,,,,,,,,,,,10,,,,23.5,,,,49.5,,,,,,,,,,,,,,,9.25,,,,,4.75,,,,,2.75,,,,,7,0,0,0,0,10,16.75,0,0,23.5,49.5,0,10,0
ombf_17,2002,AA2,omb,fst,ombf_17,,41,-15.2195122,na,na,na,na,na,na,na,na,na,na,na,na,na,na,na,na,na,na,na,na,na,na,na,na,na,na,na,na,na,na,na,na,na,na,na,na,na,na,na,na,na,na,1.75,,,,,,,,,,,,,,,,,,,83.75,,,,,,,,,,1,,,,,0,0,0,0,0,0,84.75,0,0,1.75,0,0,0,0
ombf_18,2002,AA2,omb,fst,ombf_18,,41,-15.2195122,0,6.5,,0.3,,,,,,,,,,,,,,,,,0.2,,5,,,,,,,0.1,,1,,,,,,,3,,,,,,,,,,,,,,,,,,,,,,,13.75,,,,,3,,,,,70,,,0.025,,5,0,1,0,0,3.6,86.775,0,0,0,0,0,3.5,0.1
ombf_19,2002,AA2,omb,fst,ombf_19,,41,-15.2195122,na,na,na,na,na,na,na,na,na,na,na,na,na,na,na,na,na,na,na,na,na,na,na,na,na,na,na,na,na,na,na,na,na,na,na,na,na,na,na,na,na,na,,,,,,,,,,,,,,,,,,,,1.6,,,,,22.25,,,,,58.25,,,,,0,0,0,0,0,0,82.1,0,0,0,0,0,0,0
ombf_20,2002,AA2,omb,fst,ombf_20,,41,-15.2195122,0,17,,1,,,,,,,,,,,,,,,,,10,,,,,,,,,,,3,,,,,,,3,3,,,,,,,,,,,,,,,,,,,,,,,,,,,0.025,,,,,90,,,1.25,,0,0,3,0,3,14,91.275,0,0,0,0,3,14,0
ombd_01,2002,V1,omb,wldd,ombd_1,omb_hl,2,-19.08860759,na,na,na,na,na,na,na,na,na,na,na,na,na,na,na,na,na,na,na,na,na,na,na,na,na,na,na,na,na,na,na,na,na,na,na,na,na,na,na,na,na,na,,39.25,,,58.75,,,,,,,,,,,,,,,,,,,,,,,,,,,,,,0,0,0,0,0,0,0,0,0,39.25,58.75,0,0,0
ombd_02,2002,V1,omb,wldd,ombd_2,omb_hu,2,-19.08860759,0,1.1,,1,,,,,,,,,,,,,,,,,,,0.1,,,,,,,,,,,,,,,,,,,,,34.25,,,65.75,,,,,,,,,,,,,,,,,,,,,,,,,,,,2.125,,0.1,0,0,0,0,1,2.125,0,0,34.25,65.75,0,1,0
ombd_03,2002,V1,omb,wldd,ombd_3,omb_hl,2,-19.08860759,na,na,na,na,na,na,na,na,na,na,na,na,na,na,na,na,na,na,na,na,na,na,na,na,na,na,na,na,na,na,na,na,na,na,na,na,na,na,na,na,na,na,,7.75,,,91,0.25,,,,,0.525,,,,,,,,,,,,,,,,,,,,,,,,0,0,0,0,0,0,0,0,0,8,91.525,0,0,0
ombd_04,2002,V1,omb,wldd,ombd_4,omb_hl,2,-19.08860759,0,38.6,,25,,,,,,,,,,,,0.1,,,,,12,,0.5,,,,,,,,,1,,,,,,,3.3,,,,,5.5,,,86.25,,,,,,7.25,,,,,,,,,,,,,,,,,,,,,,,,0.5,0.1,1,0,0,40.3,0,0,0,5.5,93.5,0,40.3,0
ombd_05,2002,V1,omb,wldd,ombd_5,omb_hu,2,-19.08860759,na,na,na,na,na,na,na,na,na,na,na,na,na,na,na,na,na,na,na,na,na,na,na,na,na,na,na,na,na,na,na,na,na,na,na,na,na,na,na,na,na,na,,2.75,,,95.25,,,,,,,,,,,,,,,,,,,0.275,,,,,,,,,,,0,0,0,0,0,0,0.275,0,0,2.75,95.25,0,0,0
ombd_06,2002,V2,omb,wldd,ombd_6,omb_hl,2,-19.08860759,0,16.7,,10,,,,,,,,,,,,2,,,,,0.7,,2,,,,,,,,,2,,,,,,,1.2,,,,,7.25,,,8.5,0.75,,,,,83.5,,,,,,,,,,,,,,,,,,,,,,,,2,2,2,0,0,11.9,0,0,0,8,92,0,11.9,0
ombd_07,2002,V2,omb,wldd,ombd_7,omb_hl,2,-19.08860759,na,na,na,na,na,na,na,na,na,na,na,na,na,na,na,na,na,na,na,na,na,na,na,na,na,na,na,na,na,na,na,na,na,na,na,na,na,na,na,na,na,na,,42.25,,,16.25,,,,,,41.5,,,,,,,,,,,,,,,,,,0.125,,,,,,0,0,0,0,0,0,0,0.125,0,42.25,57.75,0,0,0
ombd_08,2002,V2,omb,wldd,ombd_8,omb_hu,2,-19.08860759,0,27.1,,8,,,,,,,,,,,,0.1,,,,,12,,2,,,,,,,,,4,,,,,,,1.5,1,,,,53,,,,,,,,,,,,,,,,,,,,,,,,,,,,,,,,,2,0.1,4,0,1,21.5,0,0,0,53,0,1,21.5,0
ombd_09,2002,V2,omb,wldd,ombd_9,omb_hu,2,-19.08860759,na,na,na,na,na,na,na,na,na,na,na,na,na,na,na,na,na,na,na,na,na,na,na,na,na,na,na,na,na,na,na,na,na,na,na,na,na,na,na,na,na,na,,11.75,,,,,,,,,,,,,,,,,,,,,,,,,,,,,,,,,0,0,0,0,0,0,0,0,0,11.75,0,0,0,0
ombd_10,2002,V2,omb,wldd,ombd_10,omb_ll,2,-19.08860759,0,12.2,,2,,,,,,,,,0.1,,,,,,,,,,10,,,,,,,,,,,0.1,,,,,2,,,,,58.25,,,,0.325,7.25,,,,,,,,,,,,,,,,,,,,,,,,,,,,10,0.1,0.1,0,0,4,0,0,7.25,58.575,0,0,4,0
ombd_11,2002,W1,omb,wldd,ombd_11,omb_hu,2,-19.08860759,na,na,na,na,na,na,na,na,na,na,na,na,na,na,na,na,na,na,na,na,na,na,na,na,na,na,na,na,na,na,na,na,na,na,na,na,na,na,na,na,na,na,,18.25,,,81.75,,,,,,,,,,,,,,,,,,,,,,,,,,,,,,0,0,0,0,0,0,0,0,0,18.25,81.75,0,0,0
ombd_12,2002,W1,omb,wldd,ombd_12,omb_hu,2,-19.08860759,0,2.6,,0.5,,,,,,,,,1,,,,,,,,,,0.1,,,,,,,,,,,1,,,,,,,,,,20.5,,,77,,,,,,,,,,,,,,,,,,,,,,,,0.05,,,,0.05,,0.1,1,1,0,0,0.5,0.05,0.05,0,20.5,77,0,0.5,0
ombd_13,2002,W1,omb,wldd,ombd_13,omb_hu,2,-19.08860759,na,na,na,na,na,na,na,na,na,na,na,na,na,na,na,na,na,na,na,na,na,na,na,na,na,na,na,na,na,na,na,na,na,na,na,na,na,na,na,na,na,na,,8.25,,,84.5,,,,,,6,,,,,,,,,,,,,,,,,,1.525,,,,,,0,0,0,0,0,0,0,1.525,0,8.25,90.5,0,0,0
ombd_14,2002,W1,omb,wldd,ombd_14,omb_ll,2,-19.08860759,0,23.2,,7,,,,,,,,,,,,0.2,,,,,7,,3,,,,,,,,,6,,,,,,,4,,,,,47,,,0.5,,,,,,0.75,,,,,,,,,,,,,,,,,,,,,,,,3,0.2,6,0,0,18,0,0,0,47,1.25,0,18,0
ombd_15,2002,W1,omb,wldd,ombd_15,omb_ll,2,-19.08860759,na,na,na,na,na,na,na,na,na,na,na,na,na,na,na,na,na,na,na,na,na,na,na,na,na,na,na,na,na,na,na,na,na,na,na,na,na,na,na,na,na,na,,13.25,,,,,,,,,,,,,,,,,,,,,,,,,,,,,,,,,0,0,0,0,0,0,0,0,0,13.25,0,0,0,0
ombd_16,2002,W2,omb,wldd,ombd_16,omb_hu,2,-19.08860759,0,11.5,,5,,,,,,,,,,,,,,,,,,,6,,,,,,,,,,,,,,,,3,0.5,,,,31.25,,,45,,,,,,,,,,,,,,,,,,,,,,,,0.2,,,,,,6,0,0,0,0.5,8,0,0.2,0,31.25,45,0.5,8,0
ombd_17,2002,W2,omb,wldd,ombd_17,omb_ll,2,-19.08860759,na,na,na,na,na,na,na,na,na,na,na,na,na,na,na,na,na,na,na,na,na,na,na,na,na,na,na,na,na,na,na,na,na,na,na,na,na,na,na,na,na,na,,13,,,,,,,,,0.875,,,,,,,,,,,,,,,,,,,,,,,,0,0,0,0,0,0,0,0,0,13,0.875,0,0,0
ombd_18,2002,W2,omb,wldd,ombd_18,omb_ho,2,-19.08860759,0,18.2,,10,,,,,,,,,,,,,,,,,0.2,,5,,,,,,,,,3,,,,,,,0.1,,,,,29.5,,,,0.15,0.1,,,,,,,,,,,,,,,,,,,,,,,,,,,,5,0,3,0,0,10.3,0,0,0.1,29.65,0,0,10.3,0
ombd_19,2002,W2,omb,wldd,ombd_19,omb_hl,2,-19.08860759,na,na,na,na,na,na,na,na,na,na,na,na,na,na,na,na,na,na,na,na,na,na,na,na,na,na,na,na,na,na,na,na,na,na,na,na,na,na,na,na,na,na,,24.5,,,45,0.9,,,,,26.75,,,,,,,,,,,,,,,,,,,,,,,,0,0,0,0,0,0,0,0,0,25.4,71.75,0,0,0
ombd_20,2002,W2,omb,wldd,ombd_20,omb_hl,2,-19.08860759,0,1.1,,1,,,,,,,,,,,,,,,,,,,,,,,,,,,,,,0.1,,,,,0.1,,,,,8.875,,,49.25,1.5,,,,,34,,,,,,,,,,,,,,,,,,,,,,,,0,0,0.1,0,0,1.1,0,0,0,10.375,83.25,0,1.1,0
ombd_21,2002,X1,omb,wldd,ombd_21,omb_hu,2,-19.08860759,na,na,na,na,na,na,na,na,na,na,na,na,na,na,na,na,na,na,na,na,na,na,na,na,na,na,na,na,na,na,na,na,na,na,na,na,na,na,na,na,na,na,,61.25,,,30,2.525,,,,,,,,,,,,,,,,,,,,,,,,,,,,,0,0,0,0,0,0,0,0,0,63.775,30,0,0,0
ombd_22,2002,X1,omb,wldd,ombd_22,omb_hu,2,-19.08860759,0,20.8,,5,,,,,,,,,,,,,,,,,0.5,,0.3,,,,,,,,,5,,,,,,,0.4,10,,,,23.75,,,72.5,,,,,,,,,,,,,,,,,,,,,,,,,,,,,,0.3,0,5,0,10,5.9,0,0,0,23.75,72.5,10,5.9,0
ombd_23,2002,X1,omb,wldd,ombd_23,omb_hl,2,-19.08860759,na,na,na,na,na,na,na,na,na,na,na,na,na,na,na,na,na,na,na,na,na,na,na,na,na,na,na,na,na,na,na,na,na,na,na,na,na,na,na,na,na,na,,36.75,,,38.75,3.5,,,,,16.25,,,,,,,,,,,,,,,,,,,,,,,,0,0,0,0,0,0,0,0,0,40.25,55,0,0,0
ombd_24,2002,X1,omb,wldd,ombd_24,omb_hl,2,-19.08860759,0,58,,20,,,,,,,,,,,,,,,,,5,,3,,,,,,,,,30,,,,,,,4,,,,,62.5,,,0.275,0.4,,,,,2.75,,,,,,,,,,,,,,,,,,,,,,,,3,0,30,0,0,29,0,0,0,62.9,3.025,0,29,0
ombd_25,2002,X1,omb,wldd,ombd_25,omb_hu,2,-19.08860759,na,na,na,na,na,na,na,na,na,na,na,na,na,na,na,na,na,na,na,na,na,na,na,na,na,na,na,na,na,na,na,na,na,na,na,na,na,na,na,na,na,na,,80,,,,,1,,,,4,,,,,,,,,,,,,,,,,,,,,,,,0,0,0,0,0,0,0,0,1,80,4,0,0,0
ombd_26,2002,X2,omb,wldd,ombd_26,omb_hl,2,-19.08860759,0,17,,7,,,,,,,,,,,,,,,,,,,10,,,,,,,0.1,,,,,,,,,3,,,,,32.5,,,43.75,17.5,,,,,0.025,,,,,,,,,,,,,,,,,,,,,,,,10,0,0,0,0,10.1,0,0,0,50,43.775,0,10,0.1
ombd_27,2002,X2,omb,wldd,ombd_27,omb_hl,2,-19.08860759,na,na,na,na,na,na,na,na,na,na,na,na,na,na,na,na,na,na,na,na,na,na,na,na,na,na,na,na,na,na,na,na,na,na,na,na,na,na,na,na,na,na,,23.75,,,10,3.5,,,,,31.25,,,,,,,,,,,,,,,,,,,,,,,,0,0,0,0,0,0,0,0,0,27.25,41.25,0,0,0
ombd_28,2002,X2,omb,wldd,ombd_28,omb_ll,2,-19.08860759,0,20.5,,7,,,,,,,,,,,,,,,,,0.5,,3,,,,,,,0.5,,10,,,,,,,1,,,,,11.5,,,67.75,11.5,,,,,,,,,,,,,,,,,,,,,,,,,,,9.25,,3,0,10,0,0,9,9.25,0,0,23,67.75,0,8.5,0.5
ombd_29,2002,X2,omb,wldd,ombd_29,omb_ho,2,-19.08860759,na,na,na,na,na,na,na,na,na,na,na,na,na,na,na,na,na,na,na,na,na,na,na,na,na,na,na,na,na,na,na,na,na,na,na,na,na,na,na,na,na,na,,7.25,,,76.5,0.75,,,,,3.625,,,,,,,,,,,,,,,,,,,,,,9.75,,0,0,0,0,0,0,9.75,0,0,8,80.125,0,0,0
ombd_30,2002,X2,omb,wldd,ombd_30,omb_hl,2,-19.08860759,0,21.4,,14,,,,,,,,,,,,0.2,,,,,0.1,,0.1,,,,,,,,,5,,,,,,,1,2,,,,9.125,,,78.75,5.625,,,,,,,,,,,,,,,,,,,,,,,,,,,,,0.1,0.2,5,0,2,15.1,0,0,0,14.75,78.75,2,15.1,0
ombd_31,2002,Y1,omb,wldd,ombd_31,omb_hl,2,-19.08860759,na,na,na,na,na,na,na,na,na,na,na,na,na,na,na,na,na,na,na,na,na,na,na,na,na,na,na,na,na,na,na,na,na,na,na,na,na,na,na,na,na,na,,16.25,,,14.75,0.75,,,,,68,,,,,,,,,,,,,,,,,,0.025,,,,,,0,0,0,0,0,0,0,0.025,0,17,82.75,0,0,0
ombd_32,2002,Y1,omb,wldd,ombd_32,omb_hl,2,-19.08860759,0,50,,15,,,,,,,,,,,,,,,,,7,,20,,,,,,,,,1,,,,,,,2,7,,,,5.25,,,92.5,0.125,,,,,2.25,,,,,,,,,,,,,,,,,,,,,,,,20,0,1,0,7,24,0,0,0,5.375,94.75,7,24,0
ombd_33,2002,Y1,omb,wldd,ombd_33,omb_hl,2,-19.08860759,na,na,na,na,na,na,na,na,na,na,na,na,na,na,na,na,na,na,na,na,na,na,na,na,na,na,na,na,na,na,na,na,na,na,na,na,na,na,na,na,na,na,,59.5,,,2,4.375,,,,,29.75,,,,,,,,,,,,,,,,,,,,,,,,0,0,0,0,0,0,0,0,0,63.875,31.75,0,0,0
ombd_34,2002,Y1,omb,wldd,ombd_34,omb_hl,2,-19.08860759,0,18,,10,,,,,,,,,,,,,,,,,2,,4,,,,,,,,,2,,,,,,,1,,,,,38.75,,,25.25,2,,,,,32.25,,,,,,,,,,,,,,,,,,0.125,,,,,,4,0,2,0,0,13,0,0.125,0,40.75,57.5,0,13,0
ombd_35,2002,Y1,omb,wldd,ombd_35,omb_hl,2,-19.08860759,na,na,na,na,na,na,na,na,na,na,na,na,na,na,na,na,na,na,na,na,na,na,na,na,na,na,na,na,na,na,na,na,na,na,na,na,na,na,na,na,na,na,,26.25,,,16.75,1.075,,,,,55,,,,,,,,,,,,,,,,,,0.025,,,,,,0,0,0,0,0,0,0,0.025,0,27.325,71.75,0,0,0
ombd_36,2002,Y2,omb,wldd,ombd_36,omb_hu,2,-19.08860759,0,20.5,,10,,,,,,,,,,,,,,,0.1,,,,10,,,,,,,,,0.5,,,,,,,3.1,,,,,13,,,86,,,,,,,,,,,,,,,,,,,,,,,,0.3,,,,,,10,0,0.6,0,0,13.1,0,0.3,0,13,86,0,13.1,0
ombd_37,2002,Y2,omb,wldd,ombd_37,omb_hu,2,-19.08860759,na,na,na,na,na,na,na,na,na,na,na,na,na,na,na,na,na,na,na,na,na,na,na,na,na,na,na,na,na,na,na,na,na,na,na,na,na,na,na,na,na,na,,14.75,,,83.75,0.25,,,,,,,,,,,,,,,,,,,,,,,1.3,,,,,,0,0,0,0,0,0,0,1.3,0,15,83.75,0,0,0
ombd_38,2002,Y2,omb,wldd,ombd_38,omb_hu,2,-19.08860759,0,38.5,,5,,na,,,,,,,,,,0.5,,,,,15,,4,,,,,,,,,2,,,,,,,4.5,12,,,,42.5,,,57.5,0.25,,,,,,,,,,,,,,,,,,,,,,,,,,,,,4,0.5,2,0,12,24.5,0,0,0,42.75,57.5,12,24.5,0
ombd_39,2002,Y2,omb,wldd,ombd_39,omb_hu,2,-19.08860759,na,na,na,na,na,na,na,na,na,na,na,na,na,na,na,na,na,na,na,na,na,na,na,na,na,na,na,na,na,na,na,na,na,na,na,na,na,na,na,na,na,na,,5.75,,,94.25,,,,,,,,,,,,,,,,,,,,,,,,,,,,,,0,0,0,0,0,0,0,0,0,5.75,94.25,0,0,0
ombd_40,2002,Y2,omb,wldd,ombd_40,omb_ho,2,-19.08860759,0,26.1,,13,,,,,,,,,,,,0.1,,,,,3,,2,,,,,,,,,7,,,,,,,3,1,,,,94.5,,1.75,,0.5,,,,,,,,,,,,,,,,,,,,2.8,,,,,,,,,2,0.1,7,0,1,19,0,2.8,1.75,95,0,1,19,0
mesc_01,2003,I1,mes,ctr,mesc_1,min_hl,0,-6.784313725,na,na,na,na,na,na,na,na,na,na,na,na,na,na,na,na,na,na,na,na,na,na,na,na,na,na,na,na,na,na,na,na,na,na,na,na,na,na,na,na,na,na,91.25,,,,,,,,,,,,,,,,,,,,,,0.175,,,,,,,,,,,,0,0,0,0,0,0,0,0.175,0,91.25,0,0,0,0
mesc_02,2003,I1,mes,ctr,mesc_2,min_hl,0,-6.784313725,0,29.2,,1,,,,,,,,0.1,,,,0.1,,,,,20,,7,,,,,1,,,,,,,,,,,6,,,,86.25,,,,,,,,,,,,,,,,,,,,,,0.15,,,,,,,,,,,,7,0.2,1,0,0,27,0,0.15,0,86.25,0,0,27,0
mesc_03,2003,I1,mes,ctr,mesc_3,mes_l,0,-6.784313725,na,na,na,na,na,na,na,na,na,na,na,na,na,na,na,na,na,na,na,na,na,na,na,na,na,na,na,na,na,na,na,na,na,na,na,na,na,na,na,na,na,na,2.5,,,,,,,,,,,,,,0.25,,3.775,,,0.025,,,0.1,,,2,,,,,,,,,0,0,0,0,0,0,0.025,2.1,0.25,6.275,0,0,0,0
mesc_04,2003,I1,mes,ctr,mesc_4,mes_l,0,-6.784313725,0,48.1,,25,,,,,0.1,,,20,,,,,,,,,,0.5,,,,,,,,,2,,,0.5,,,,,12,,,,69.5,,,,,,,,,,,,,,,,0.05,,,0.05,,,,,,0.025,,,,,,,4.25,,0,20.6,2.5,0,0,37,4.3,0.025,0,69.55,0,0,37,0
mesc_05,2003,I1,mes,ctr,mesc_5,mes_l,0,-6.784313725,na,na,na,na,na,na,na,na,na,na,na,na,na,na,na,na,na,na,na,na,na,na,na,na,na,na,na,na,na,na,na,na,na,na,na,na,na,na,na,na,na,na,1.25,,,,,0.75,,,,,,,,,0.25,,1,,,0.25,,,0.875,,,2,,,,,,,,,0,0,0,0,0,0,0.25,2.875,0.25,3,0,0,0,0
mesc_06,2003,I2,mes,ctr,mesc_6,oli_l,0,-6.784313725,0,52,,15,,,,,,,,10,,,,,0.5,,,,15,1,,,,,,10,,,,,,,0.5,,,,8,,,,71.75,,,,,23.75,,,,,,,,,,,,,,,,,0.025,,,,,,,,,,,,0.5,11.5,10,0,0,38,0,0.025,0,95.5,0,0,38,0
mesc_07,2003,I2,mes,ctr,mesc_7,oli_l,0,-6.784313725,na,na,na,na,na,na,na,na,na,na,na,na,na,na,na,na,na,na,na,na,na,na,na,na,na,na,na,na,na,na,na,na,na,na,na,na,na,na,na,na,na,na,22.375,,,,,75,,,,,,,,,,,,,,0.5,,,0.025,,,,,,,,,,,,0,0,0,0,0,0,0.5,0.025,0,97.375,0,0,0,0
mesc_08,2003,I2,mes,ctr,mesc_8,oli_l,0,-6.784313725,0,30,,15,25,,,,2,8,,1,0.5,,,2,,,,,,,0.5,,,,,,,,,,,1,,,,,10,,,,88,,,,,4.25,,,,,,,,,,,,,,0.025,,,0.05,,,0.025,,,,,,,,,0.5,13.5,1,0,25,25,0.025,0.075,0,92.25,0,25,25,0
mesc_09,2003,I2,mes,ctr,mesc_9,mes_ho,0,-6.784313725,na,na,na,na,na,na,na,na,na,na,na,na,na,na,na,na,na,na,na,na,na,na,na,na,na,na,na,na,na,na,na,na,na,na,na,na,na,na,na,na,na,na,,,,,,,,,,,,,,,,,,,,,,,,,,6.75,,,,,,,,,0,0,0,0,0,0,0,6.75,0,0,0,0,0,0
mesc_10,2003,I2,mes,ctr,mesc_10,oli_l,0,-6.784313725,0,32.1,,15,5,,,,,,,6,,,,,3,,,,,1,0.1,,,,,,,,,,,4,3,,,,4,,,,1.775,,,,,3.25,,,,,,,,,,,0.325,,,68.75,,,,,,,,,,1.4,,,,,3.1,10,4,0,5,19,70.15,0,0,5.35,0,5,19,0
mesc_11,2003,J1,mes,ctr,mesc_11,min_hl,0,-6.784313725,na,na,na,na,na,na,na,na,na,na,na,na,na,na,na,na,na,na,na,na,na,na,na,na,na,na,na,na,na,na,na,na,na,na,na,na,na,na,na,na,na,na,87.75,,,,,,,,,,,,,,,,,,,,,,1.025,,,,,,,,,,,,0,0,0,0,0,0,0,1.025,0,87.75,0,0,0,0
mesc_12,2003,J1,mes,ctr,mesc_12,mes_ho,0,-6.784313725,0,21.2,,3,3,,,,,,,6,,,,,10,,,,,1.5,0.2,,,,,,,,,,,0.2,0.3,,,,3,,,,1.25,,,,,,,,,,,,,,,,3,,,,,,0.05,,,,,,,,,,,,0.5,17.5,0.2,0,3,6,0,0.05,0,4.25,0,3,6,0
mesc_13,2003,J1,mes,ctr,mesc_13,min_hl,0,-6.784313725,na,na,na,na,na,na,na,na,na,na,na,na,na,na,na,na,na,na,na,na,na,na,na,na,na,na,na,na,na,na,na,na,na,na,na,na,na,na,na,na,na,na,11.25,,,,,,,,,,,,,,,,,,,,,,,,,,,,,4.5,,,6.5,,0,0,0,0,0,0,11,0,0,11.25,0,0,0,0
mesc_14,2003,J1,mes,ctr,mesc_14,mes_l,0,-6.784313725,0,12.6,,8,,,,,0.5,,,4,,,,,,,,,,,,,,,,,,,,,,0.1,,,,,2,,,,,,,,,,,,,,,,,,,,2.5,,,,,,0.275,,,0.75,,,,,,,,,0,4.5,0.1,0,0,10,0,1.025,0,2.5,0,0,10,0
mesc_15,2003,J1,mes,ctr,mesc_15,oli_l,0,-6.784313725,na,na,na,na,na,na,na,na,na,na,na,na,na,na,na,na,na,na,na,na,na,na,na,na,na,na,na,na,na,na,na,na,na,na,na,na,na,na,na,na,na,na,8.25,,,,,,,,87,,,,,,,,,,,0.425,,,0.25,,,,,,,,,,,,0,0,0,0,0,0,0.425,0.25,0,95.25,0,0,0,0
mesc_16,2003,J2,mes,ctr,mesc_16,mes_l,0,-6.784313725,0,22.3,,0.5,4,,,,0.1,0.1,,12,,0.5,,,2,,0.5,,,,,,,,,2,,,,,,0.1,5,,,,2,,,,1.25,,,,,,,,,,,,,,,,15.5,,,0.125,,,0.875,,,,,,,,,,,,5,14.7,2.6,0,4,2.5,0.125,0.875,0,16.75,0,4,2.5,0
mesc_17,2003,J2,mes,ctr,mesc_17,oli_l,0,-6.784313725,na,na,na,na,na,na,na,na,na,na,na,na,na,na,na,na,na,na,na,na,na,na,na,na,na,na,na,na,na,na,na,na,na,na,na,na,na,na,na,na,na,na,21.5,,,,,4.75,,,,,,,,,,,0.25,,,0.75,,,0.25,,,,,,,,,,,,0,0,0,0,0,0,0.75,0.25,0,26.5,0,0,0,0
mesc_18,2003,J2,mes,ctr,mesc_18,min_hl,0,-6.784313725,0,47,,5,7,,,,2,,,30,,2,1,,1,,,,,1,,,,,,,,,,,,,5,,,,3,,,,28.5,,,,,0.75,,,,,,22.5,,0.375,,,,,,0.825,,,0.075,,,,,,,5,,,,,5,37,0,0,7,8,5.825,0.075,0.375,51.75,0,7,8,0
mesc_19,2003,J2,mes,ctr,mesc_19,mes_ho,0,-6.784313725,na,na,na,na,na,na,na,na,na,na,na,na,na,na,na,na,na,na,na,na,na,na,na,na,na,na,na,na,na,na,na,na,na,na,na,na,na,na,na,na,na,na,,,,,,,,,,,,,,,,,,,,,,,,,,0.525,,,,,,,,,0,0,0,0,0,0,0,0.525,0,0,0,0,0,0
mesc_20,2003,J2,mes,ctr,mesc_20,mes_ho,0,-6.784313725,0,34.2,,3,3,,,,,0.5,,25,,,,,3,,,,2,0.5,0.2,,,,,,,0.5,,,,,,,,,4,,,,,,,,,,,,,,,,,,,,,,,,,,,,,2,,9,,,,,,,0.2,29,0,0,3,9.5,0,11,0,0,0,3,9,0.5
mesc_21,2003,K,mes,ctr,mesc_21,mes_l,0,-6.784313725,na,na,na,na,na,na,na,na,na,na,na,na,na,na,na,na,na,na,na,na,na,na,na,na,na,na,na,na,na,na,na,na,na,na,na,na,na,na,na,na,na,na,4.75,,,,,,,,,,,,,,,,2.125,,,,,,0.9,,,,,,,,,,,,0,0,0,0,0,0,0,0.9,0,6.875,0,0,0,0
mesc_22,2003,K,mes,ctr,mesc_22,mes_l,0,-6.784313725,0,35,,3,,,,,,,,25,,,,,,,,,5,,,,,,,,,0.5,,,,2,,,,,3,,,,9.75,,,,,,,,,,,,,,,,2.525,,,,,,0.65,,,0.25,,,,,,,,,0,25,2,0,0,11.5,0,0.9,0,12.275,0,0,11,0.5
mesc_23,2003,K,mes,ctr,mesc_23,mes_ho,0,-6.784313725,na,na,na,na,na,na,na,na,na,na,na,na,na,na,na,na,na,na,na,na,na,na,na,na,na,na,na,na,na,na,na,na,na,na,na,na,na,na,na,na,na,na,,,,,,,,,,,,,,,,,,,,,,,,,,2.25,,,,,,,,,0,0,0,0,0,0,0,2.25,0,0,0,0,0,0
mesc_24,2003,K,mes,ctr,mesc_24,mes_ho,0,-6.784313725,0,57.1,,8,,,,,,,,48,,,,,0.5,,,,,0.5,,,,,,,,,,,,0.1,,,1,,2,,,,,,,,,,,,,,,,,,2.375,,0.025,,,,,,,,,0.425,,0.25,,,,,,,0,49,1.1,0,0,10,0,0.675,2.375,0.025,0,0,10,0
mesc_25,2003,K,mes,ctr,mesc_25,omb_hu,0,-6.784313725,na,na,na,na,na,na,na,na,na,na,na,na,na,na,na,na,na,na,na,na,na,na,na,na,na,na,na,na,na,na,na,na,na,na,na,na,na,na,na,na,na,na,,,,,97.75,,,,,,,,,,,,,,,0.125,,,,,,,,,,,,,,,0,0,0,0,0,0,0.125,0,0,0,97.75,0,0,0
mesc_26,2003,L,mes,ctr,mesc_26,mes_l,0,-6.784313725,0,70.8,,1.5,20,,,,0.1,0.1,,60,,,,,3,,,,,,,0.1,,,,,,,6,,,,,,1,,6,,,,3,,,,,,,,,,,6.25,,,,,1,,,,,,2.5,,,1,,,,,,,,,0,63.2,7.1,0,20,7.5,0,3.5,0,10.25,0,20,7.5,0
mesc_27,2003,L,mes,ctr,mesc_27,min_hl,0,-6.784313725,na,na,na,na,na,na,na,na,na,na,na,na,na,na,na,na,na,na,na,na,na,na,na,na,na,na,na,na,na,na,na,na,na,na,na,na,na,na,na,na,na,na,65.5,,,,,,,,,,,0.75,,,,,,,,0.5,,,0.5,,,,,,,,,,,,0,0,0,0,0,0,0.5,0.5,0,66.25,0,0,0,0
mesc_28,2003,L,mes,ctr,mesc_28,mes_ho,0,-6.784313725,0,40.5,,4,,,,,,,,30,,,,,3,,0.5,,,,,,,,,,,,0.5,,,3,,,,,20,,,,,,,,,,,,,,,,,,,,,,,,,,,,,0.625,,,,,,,,,0,33,4,0,0,24,0,0.625,0,0,0,0,24,0
mesc_29,2003,L,mes,ctr,mesc_29,mes_ho,0,-6.784313725,na,na,na,na,na,na,na,na,na,na,na,na,na,na,na,na,na,na,na,na,na,na,na,na,na,na,na,na,na,na,na,na,na,na,na,na,na,na,na,na,na,na,0.125,,,,,,,,,,,,,,3.25,,0.25,,,,,,,,,0.875,,0.5,,,,,,,0,0,0,0,0,0,0,1.375,3.25,0.375,0,0,0,0
mesc_30,2003,L,mes,ctr,mesc_30,min_hl,0,-6.784313725,0,45.2,,2,,,,,,,,40,,,,,,,,,,3,0.2,,,,,,,,,,,,,,,,2,,,,17.125,,,,,,,,,,,,,,,,,,,4.75,,,0.125,,,0.25,,,,1.875,1.625,,,,0.2,43,0,0,0,4,8.25,0.375,0,17.125,0,0,4,0
mesc_31,2003,M1,mes,ctr,mesc_31,oli_l,0,-6.784313725,na,na,na,na,na,na,na,na,na,na,na,na,na,na,na,na,na,na,na,na,na,na,na,na,na,na,na,na,na,na,na,na,na,na,na,na,na,na,na,na,na,na,87.75,,,,,7.5,,,,,,,,,,,,,,0.125,,,0.025,,,,,,,,,,,,0,0,0,0,0,0,0.125,0.025,0,95.25,0,0,0,0
mesc_32,2003,M1,mes,ctr,mesc_32,omb_hu,0,-6.784313725,0,67.5,,5,2,,,,,2,,40,,,,,,,,,20,,0.5,,,,,,,,,,,,,,,,15,,,,,,,,72.5,9.75,,,,,,,,,,,,,,,,,,,,0.25,,,,,,,32.5,,0.5,42,0,0,2,40,32.5,0.25,0,9.75,72.5,2,40,0
mesc_33,2003,M1,mes,ctr,mesc_33,omb_hu,0,-6.784313725,na,na,na,na,na,na,na,na,na,na,na,na,na,na,na,na,na,na,na,na,na,na,na,na,na,na,na,na,na,na,na,na,na,na,na,na,na,na,na,na,na,na,,,,,58.75,11,,,,,,,,,,,,,,,,,,,,,,,,,,,31.25,,0,0,0,0,0,0,31.25,0,0,11,58.75,0,0,0
mesc_34,2003,M1,mes,ctr,mesc_34,min_hl,0,-6.784313725,0,34.4,,12,18,,,,,0.1,,12,,,,,,,,,3,0.6,0.1,,,,,6,,,,,,0.6,,,,,10,,,,11.25,,,,,,,,,,,,,,,,0.375,,,3.5,,,1.25,,,,,,,,,,0.025,,0.1,12.7,6.6,0,18,25,3.525,1.25,0,11.625,0,18,25,0
mesc_35,2003,M1,mes,ctr,mesc_35,mes_l,0,-6.784313725,na,na,na,na,na,na,na,na,na,na,na,na,na,na,na,na,na,na,na,na,na,na,na,na,na,na,na,na,na,na,na,na,na,na,na,na,na,na,na,na,na,na,1.2,,,,,,,1,,,,,,,,,11.5,,,,,,1,,,3,,,,,,,,,0,0,0,0,0,0,0,4,1,12.7,0,0,0,0
mesc_36,2003,M2,mes,ctr,mesc_36,mes_ho,0,-6.784313725,0,35.5,,20,25,,,,3,,,5,,,1,,5,,,,,1,0.5,,,,,,,,,,,,,,,,25,,,,0.25,,,,,,,,,,,,,,,,,,,,,,,,,0.025,,,,,,,,,0.5,15,0,0,25,45,0,0.025,0,0.25,0,25,45,0
mesc_37,2003,M2,mes,ctr,mesc_37,mes_l,0,-6.784313725,na,na,na,na,na,na,na,na,na,na,na,na,na,na,na,na,na,na,na,na,na,na,na,na,na,na,na,na,na,na,na,na,na,na,na,na,na,na,na,na,na,na,1.75,,,,,,,,,,,,,,,,53.25,,,,,,1.5,,,,,,,,,,,,0,0,0,0,0,0,0,1.5,0,55,0,0,0,0
mesc_38,2003,M2,mes,ctr,mesc_38,mes_ho,0,-6.784313725,0,28,,,,,,,1,,,20,,,,,2,,,,,5,,,,,,,,,,,,,,,,,2,,,,,,,,,,,,,,,,,,,,,,,,,,,,,,,,,,,,,,0,28,0,0,0,2,0,0,0,0,0,0,2,0
mesc_39,2003,M2,mes,ctr,mesc_39,min_hl,0,-6.784313725,na,na,na,na,na,na,na,na,na,na,na,na,na,na,na,na,na,na,na,na,na,na,na,na,na,na,na,na,na,na,na,na,na,na,na,na,na,na,na,na,na,na,48.75,,,,2.25,,,,,,,,,,,,,,,2.5,,,,,,,,,,28.25,,,2.5,,0,0,0,0,0,0,33.25,0,0,48.75,2.25,0,0,0
mesc_40,2003,M2,mes,ctr,mesc_40,min_hl,0,-6.784313725,0,13.5,,1,,,,,,,,10,,,,,0.5,,,,,1,,1,,,,,,,,,,,,,,,2,,,,16.25,,,,75,2.025,,,,,,,,,,,,,,2.5,,,,,,,,,1.025,,,,0.025,,0,11.5,1,0,0,3,2.525,1.025,0,18.275,75,0,3,0
mesf_01,2003,R1,mes,fst,mesf_1,,42,-10.05263158,na,na,na,na,na,na,na,na,na,na,na,na,na,na,na,na,na,na,na,na,na,na,na,na,na,na,na,na,na,na,na,na,na,na,na,na,na,na,na,na,na,na,20,,5,,,10,,,,,,3.5,,,,,,,,0.25,,,,,,,,,,,,22.5,,,0,0,0,0,0,0,22.75,0,0,33.5,5,0,0,0
mesf_02,2003,R1,mes,fst,mesf_2,,42,-10.05263158,0,0.1,,,,,,,,,,,,,,,,,,,,,,,,,,,,,,,,,,,,,3,,0.1,,0.875,,,,,,,,,,,1.75,,,,,,,,0.5,,,,,,,,,,40,,,14.375,,0,0,0,0,0,3.1,54.875,0,0,2.625,0,0,3.1,0
mesf_03,2003,R1,mes,fst,mesf_3,,42,-10.05263158,na,na,na,na,na,na,na,na,na,na,na,na,na,na,na,na,na,na,na,na,na,na,na,na,na,na,na,na,na,na,na,na,na,na,na,na,na,na,na,na,na,na,3.5,,,,,,,,,,,20.5,,,,,,,,6.125,,,,,,,,,,,,9.25,3,,0,0,0,0,0,0,18.375,0,0,24,0,0,0,0
mesf_04,2003,R1,mes,fst,mesf_4,,42,-10.05263158,0,0.2,,,,,,,,,,,,,,,,,,,,,0.2,,,,,,,,,,,,,,,,2,,,,49.75,,,,,11.25,,,,,,15.25,,,,,,,,,,,,,,,,,,,,10,,,0.2,0,0,0,0,2,10,0,0,76.25,0,0,2,0
mesf_05,2003,R1,mes,fst,mesf_5,,42,-10.05263158,na,na,na,na,na,na,na,na,na,na,na,na,na,na,na,na,na,na,na,na,na,na,na,na,na,na,na,na,na,na,na,na,na,na,na,na,na,na,na,na,na,na,22.5,,,,,,,,,,,56.25,,,,,,,,,,,,,,,,,,0.125,,18.75,,,0,0,0,0,0,0,18.875,0,0,78.75,0,0,0,0
mesf_06,2003,R2,mes,fst,mesf_6,,42,-10.05263158,0,10,,,8,,,10,,,,,,,,,,,,,,,,,,,,,,,,,,,,,,,,,,,,,,,,1,,,,,,45,,,,,,,,0.25,,,,0.05,0.15,,,,,0.15,0.025,11.25,,,0,10,0,0,8,0,11.875,0,0,46,0,8,0,0
mesf_07,2003,R2,mes,fst,mesf_7,,42,-10.05263158,na,na,na,na,na,na,na,na,na,na,na,na,na,na,na,na,na,na,na,na,na,na,na,na,na,na,na,na,na,na,na,na,na,na,na,na,na,na,na,na,na,na,,,,,,,,,,,,,,,,,,,,,,,,,18.75,,,,,56.25,1,,,,0,0,0,0,0,0,76,0,0,0,0,0,0,0
mesf_08,2003,R2,mes,fst,mesf_8,,42,-10.05263158,0,0,,,,0.1,,,,,,,,,,,,,,,,,,,,,,,,0.1,,,,,,,,,,,,,25,,,,6,0.175,,,,,,24.75,,,,,,,,0.025,,,,,0.75,,,,,2,,33.75,,,0,0,0,0,0.1,0.1,36.525,0,0,49.925,6,0,0,0.2
mesf_09,2003,R2,mes,fst,mesf_9,,42,-10.05263158,na,na,na,na,na,na,na,na,na,na,na,na,na,na,na,na,na,na,na,na,na,na,na,na,na,na,na,na,na,na,na,na,na,na,na,na,na,na,na,na,na,na,52.5,,,,0.25,15,,,,,,11.25,,,,,,,,,,,0.15,,,,,,,,,16,0.25,,0,0,0,0,0,0,16.25,0.15,0,78.75,0.25,0,0,0
mesf_10,2003,R2,mes,fst,mesf_10,,42,-10.05263158,0,2.5,,,,,,1,,,,,,,,,,,,,,,,,,,,,,,,,,,,,,,,,1.5,,0.375,,,,,1.25,,,,,,0.125,,,,,,,,4.5,,,0.05,0.125,,0.775,,,,,0.5,26.25,0.75,,0,1,0,0,0,1.5,32.125,0.825,0,1.75,0,0,1.5,0
mesf_11,2003,S1,mes,fst,mesf_11,,42,-10.05263158,na,na,na,na,na,na,na,na,na,na,na,na,na,na,na,na,na,na,na,na,na,na,na,na,na,na,na,na,na,na,na,na,na,na,na,na,na,na,na,na,na,na,71.25,,,,,7.25,,,,,,9.5,,,,,,,,0.775,,,,,0.5,,,,,2.75,,,8.5,,0,0,0,0,0,0,12.525,0,0,88,0,0,0,0
mesf_12,2003,S1,mes,fst,mesf_12,,42,-10.05263158,0,41,,,,,,,,,,,,,,,,,,7,,,,,,,,,,,,,,,,,,17,,,17,,57.5,,,,,,,,,,,,,,,,,,,2.375,,,,,2,,,,,3.175,,4.75,3.25,,0,0,7,0,17,17,15.55,0,0,57.5,0,17,17,0
mesf_13,2003,S1,mes,fst,mesf_13,,42,-10.05263158,na,na,na,na,na,na,na,na,na,na,na,na,na,na,na,na,na,na,na,na,na,na,na,na,na,na,na,na,na,na,na,na,na,na,na,na,na,na,na,na,na,na,56.75,,,,,,,,,,,,,,,,,,,1,,,,,,,,,,6.25,,38.75,0.5,,0,0,0,0,0,0,46.5,0,0,56.75,0,0,0,0
mesf_14,2003,S1,mes,fst,mesf_14,,42,-10.05263158,0,12,,,,,,,2,,,,,,,,,,,,3,,7,,,,,,,,,,,,,,,,2,,,,8.5,,,,,,,,,,,,,,,,,,,,,,,,11.5,,,,,26.25,,,,,7,2,0,0,0,5,37.75,0,0,8.5,0,0,5,0
mesf_15,2003,S1,mes,fst,mesf_15,,42,-10.05263158,na,na,na,na,na,na,na,na,na,na,na,na,na,na,na,na,na,na,na,na,na,na,na,na,na,na,na,na,na,na,na,na,na,na,na,na,na,na,na,na,na,na,85,,,,,,,,,,,,,,,,,,,0.75,,,,,,,,,,5,,,2,,0,0,0,0,0,0,7.75,0,0,85,0,0,0,0
mesf_16,2003,S2,mes,fst,mesf_16,,42,-10.05263158,0,60,,,,,,,,,,,,,,,,,,25,,,15,,,,,,,,,,,,,20,,,,,,,56.25,,,,0.5,,,,,,,,,,,,,,,0.5,,,,,1.25,,,,,0.5,,,,,15,0,45,0,0,0,2.25,0,0,56.25,0.5,0,0,0
mesf_17,2003,S2,mes,fst,mesf_17,,42,-10.05263158,na,na,na,na,na,na,na,na,na,na,na,na,na,na,na,na,na,na,na,na,na,na,na,na,na,na,na,na,na,na,na,na,na,na,na,na,na,na,na,na,na,na,,,13,,,3.5,,,,,,9,,,,,,,,0.25,,,,,10,,,,,1.5,,,,,0,0,0,0,0,0,11.75,0,0,12.5,13,0,0,0
mesf_18,2003,S2,mes,fst,mesf_18,,42,-10.05263158,0,12,,,,,,,4,,,,,,,,,,,,,,3,,,,,,,,,,,,,,,,,,5,,0.25,,,,,,,,,,,25.5,,,,,,,,1.75,,,,,27.7,,,,,7.125,,,,,3,4,0,0,0,5,36.575,0,0,25.75,0,0,5,0
mesf_19,2003,S2,mes,fst,mesf_19,,42,-10.05263158,na,na,na,na,na,na,na,na,na,na,na,na,na,na,na,na,na,na,na,na,na,na,na,na,na,na,na,na,na,na,na,na,na,na,na,na,na,na,na,na,na,na,2.75,,,,,,,,,,,50.75,,,,,,,,0.75,,,,,2.125,,,,,,,,,,0,0,0,0,0,0,2.875,0,0,53.5,0,0,0,0
mesf_20,2003,S2,mes,fst,mesf_20,,42,-10.05263158,0,0.5,,,,,,,,,,,,,,,,,,,,,,,,,,,,0.5,,,,,,,,,,,0.5,,1.25,,33.75,,,1.5,,,,,,5.75,,,,,,,,1.25,,,,,,,,,,,,,,,0,0,0,0,0,1,1.25,0,0,8.5,33.75,0,0.5,0.5
mesd_01,2003,N1,mes,wldd,mesd_1,mes_ho,3,-22.54545455,na,na,na,na,na,na,na,na,na,na,na,na,na,na,na,na,na,na,na,na,na,na,na,na,na,na,na,na,na,na,na,na,na,na,na,na,na,na,na,na,na,na,0.25,,,,,,,,,,,,,,,,,,0.125,,,,0.025,,,,,0.5,,,,,,,0,0,0,0,0,0,0,0.525,0.125,0.25,0,0,0,0
mesd_02,2003,N1,mes,wldd,mesd_2,mes_ho,3,-22.54545455,0,5,,,25,,,,,,,2,,,,,2,,,,,,,,,,,,0.1,,1,,,,,,,,20,,,,,,,,,,,,,,,,,,,,,,0.025,0.65,,0.2,,,0.05,0.5,,,,,,,,,0,4,1,0,25,20.1,0.9,0.5,0.025,0,0,25,20,0.1
mesd_03,2003,N1,mes,wldd,mesd_3,min_hl,3,-22.54545455,na,na,na,na,na,na,na,na,na,na,na,na,na,na,na,na,na,na,na,na,na,na,na,na,na,na,na,na,na,na,na,na,na,na,na,na,na,na,na,na,na,na,8.5,,,,,,,,,,,0.25,,,,,,,,0.25,0.05,,,,,,,,,,,,,,0,0,0,0,0,0,0.3,0,0,8.75,0,0,0,0
mesd_04,2003,N1,mes,wldd,mesd_4,mes_l,3,-22.54545455,0,32.5,,2,25,,,,1,0.5,,2,,,,,4,,,,2,1,,,,,,,,,,,,,,,,,30,20,,,16,,,,,,,,,,,,,,,,,11.25,,1,,,,,,,,,,,,,,,0,8.5,0,0,45,34,1,0,0,27.25,0,45,34,0
mesd_05,2003,N1,mes,wldd,mesd_5,mes_ho,3,-22.54545455,na,na,na,na,na,na,na,na,na,na,na,na,na,na,na,na,na,na,na,na,na,na,na,na,na,na,na,na,na,na,na,na,na,na,na,na,na,na,na,na,na,na,,,,,,,,,,,,,,,0.125,,1.125,,0.1,,,0.25,0.075,,,1.5,,,,,,,,,0,0,0,0,0,0,0.25,1.575,0.225,1.125,0,0,0,0
mesd_06,2003,N2,mes,wldd,mesd_6,oli_l,3,-22.54545455,3,37.5,,2,10,,,,0.5,,,20,,,,,,,,,15,,,,,,,,,3,,,,,,,,,45,,,,30.25,,,,,5.75,,,,,,,,,,,,,,3,,,0.25,,,,,,,,,,3.25,,0,20.5,0,0,10,65,6.25,0.25,0,36,0,10,62,3
mesd_07,2003,N2,mes,wldd,mesd_7,omb_hu,3,-22.54545455,na,na,na,na,na,na,na,na,na,na,na,na,na,na,na,na,na,na,na,na,na,na,na,na,na,na,na,na,na,na,na,na,na,na,na,na,na,na,na,na,na,na,,,,,29.75,2.5,,,,,,,,,,,,,,,,,0.125,0.025,,,,,,1.625,,,21.25,,0,0,0,0,0,0,22.9,0.125,0,2.5,29.75,0,0,0
mesd_08,2003,N2,mes,wldd,mesd_8,min_hl,3,-22.54545455,0,32.3,,15,10,,,,0.3,1,,5,,,,,,,,,10,,,,,,,1,,,,,,,,,,,30,,,,,,,,46.25,13.75,,,,,,,,,,,,,,0.25,,,0.525,,,,,,,,,,1.5,,0,6.3,1,0,10,55,1.75,0.525,0,13.75,46.25,10,55,0
mesd_09,2003,N2,mes,wldd,mesd_9,mes_l,3,-22.54545455,na,na,na,na,na,na,na,na,na,na,na,na,na,na,na,na,na,na,na,na,na,na,na,na,na,na,na,na,na,na,na,na,na,na,na,na,na,na,na,na,na,na,,,,,,,,,,,,,,,,,22.5,,,,,,0.075,,,0.175,,,,,,,,,0,0,0,0,0,0,0,0.25,0,22.5,0,0,0,0
mesd_10,2003,N2,mes,wldd,mesd_10,oli_l,3,-22.54545455,0,52.7,,45,,,,,,0.5,,5,,,,0.2,,,,,,,2,,,,,,,,,,,,,,,,75,,,,7.5,,,,,,,,14.25,,,1.875,,,,,,,,,,,1.375,,,,,,,,,,,,2,5.7,0,0,0,120,0,1.375,0,23.625,0,0,120,0
mesd_11,2003,O1,mes,wldd,mesd_11,min_hl,3,-22.54545455,na,na,na,na,na,na,na,na,na,na,na,na,na,na,na,na,na,na,na,na,na,na,na,na,na,na,na,na,na,na,na,na,na,na,na,na,na,na,na,na,na,na,9.5,,,,,,,,,,,0.125,,,,,,,,,,,,,,,,,,0.275,,,0.625,,0,0,0,0,0,0,0.9,0,0,9.625,0,0,0,0
mesd_12,2003,O1,mes,wldd,mesd_12,mes_ho,3,-22.54545455,0,32.5,,6,,,,,1,0.5,,20,,,,,,,,,,3,,,,,,,,,2,,,,,,,,40,,,,0.3,,,,,,,,,,,,,,,,,,,,,,,,,,,,,,,,,,0,24.5,2,0,0,46,0,0,0,0.3,0,0,46,0
mesd_13,2003,O1,mes,wldd,mesd_13,oli_l,3,-22.54545455,na,na,na,na,na,na,na,na,na,na,na,na,na,na,na,na,na,na,na,na,na,na,na,na,na,na,na,na,na,na,na,na,na,na,na,na,na,na,na,na,na,na,3.5,,,,,,,,,,,,,0.3,,,,,,0.025,,,0.375,,,,,,,,,,,,0,0,0,0,0,0,0.025,0.375,0.3,3.5,0,0,0,0
mesd_14,2003,O1,mes,wldd,mesd_14,mes_ho,3,-22.54545455,20,43.7,,12,28,20,,,0.1,0.1,,5,,,,,,,0.1,,,0.5,,,,,,,,,25,,,,,,,,30,,,1,,,,,,,,,,,,,,,0.15,,,,,,,,0.025,,,0.925,,,,,,,,,0,5.7,26.1,0,48,42,0,0.95,0.15,0,0,28,42,20
mesd_15,2003,O1,mes,wldd,mesd_15,mes_l,3,-22.54545455,na,na,na,na,na,na,na,na,na,na,na,na,na,na,na,na,na,na,na,na,na,na,na,na,na,na,na,na,na,na,na,na,na,na,na,na,na,na,na,na,na,na,2.275,,,,,,,,,,,0.025,,,,,0.175,,,7.625,,,0.25,,,5.8,,,,0.275,,,,,0,0,0,0,0,0,7.9,6.05,0,2.475,0,0,0,0
mesd_16,2003,O2,mes,wldd,mesd_16,mes_l,3,-22.54545455,2,15.1,,,25,2,,,0.1,,,3,,,,,1,,,,,,,,,,,,,,,,,,,,,,20,,,11,13.775,,,,,,,,,,,,,,,,0.075,,,0.025,,,0.075,,,0.05,,,,,0.025,,,,0,4.1,11,0,27,20,0.05,0.125,0,13.85,0,25,20,2
mesd_17,2003,O2,mes,wldd,mesd_17,mes_l,3,-22.54545455,na,na,na,na,na,na,na,na,na,na,na,na,na,na,na,na,na,na,na,na,na,na,na,na,na,na,na,na,na,na,na,na,na,na,na,na,na,na,na,na,na,na,17.75,,,,,,,,,,,,,,,,5.75,,,,,,1.3,,,0.025,,,,,,,,,0,0,0,0,0,0,0,1.325,0,23.5,0,0,0,0
mesd_18,2003,O2,mes,wldd,mesd_18,mes_l,3,-22.54545455,0,8.1,,,20,,,,,0.1,,3,,,,,,,,,5,,,,,,,,,,,,,,,,,,20,,,,27.5,,,,,,,,,,,,,,,,25.025,,,,,,0.175,,,,,,,,,,,,0,3.1,0,0,20,25,0,0.175,0,52.525,0,20,25,0
mesd_19,2003,O2,mes,wldd,mesd_19,mes_l,3,-22.54545455,na,na,na,na,na,na,na,na,na,na,na,na,na,na,na,na,na,na,na,na,na,na,na,na,na,na,na,na,na,na,na,na,na,na,na,na,na,na,na,na,na,na,6.5,,,,,,,,,,,,,,,,16.75,0.75,,0.15,,,1.775,,,2.275,,,,,,,,,0,0,0,0,0,0,0.15,4.05,0,24,0,0,0,0
mesd_20,2003,O2,mes,wldd,mesd_20,mes_ho,3,-22.54545455,0,12.1,,3,6,,,,,,,3,,,,,1,,,,5,,0.1,,,,,,,,,,,,,,,,18,,,,,,,,,,,,,,,,,,,,0.025,,,,,0.625,,,,0.05,,,,,,,,,0.1,4,0,0,6,26,0.625,0.05,0,0.025,0,6,26,0
mesd_21,2003,P1,mes,wldd,mesd_21,oli_l,3,-22.54545455,na,na,na,na,na,na,na,na,na,na,na,na,na,na,na,na,na,na,na,na,na,na,na,na,na,na,na,na,na,na,na,na,na,na,na,na,na,na,na,na,na,na,8.25,,,,,0.25,,,,,,,,,,,,,,2.25,,,1,,,,,,,,,,,,0,0,0,0,0,0,2.25,1,0,8.5,0,0,0,0
mesd_22,2003,P1,mes,wldd,mesd_22,mes_ho,3,-22.54545455,0,20,,3,,,,,,,,15,,,,,2,,,,,,,,,,,,,,,,,,,,,,7,,,,0.375,,,,,,,,,,,,,93.25,2.5,,,,,,,,,,,,,,,,,,,,0,17,0,0,0,10,0,0,95.75,0.375,0,0,10,0
mesd_23,2003,P1,mes,wldd,mesd_23,oli_l,3,-22.54545455,na,na,na,na,na,na,na,na,na,na,na,na,na,na,na,na,na,na,na,na,na,na,na,na,na,na,na,na,na,na,na,na,na,na,na,na,na,na,na,na,na,na,65,,,,,19.5,,,,,,,,,,,,,,,,,,,,,,,,,,,,,0,0,0,0,0,0,0,0,0,84.5,0,0,0,0
mesd_24,2003,P1,mes,wldd,mesd_24,mes_l,3,-22.54545455,5,15.2,,5,15,2,,,,0.1,,10,,,,0.1,,,,,,,,,,,,,,3,,,,,,,,,30,,,,0.225,,,,,,,,,,,,,,0.025,,0.575,,,,,,0.575,,,0.175,,,,,,,,,0,10.2,0,0,17,38,0,0.75,0.025,0.8,0,15,35,5
mesd_25,2003,P1,mes,wldd,mesd_25,mes_ho,3,-22.54545455,na,na,na,na,na,na,na,na,na,na,na,na,na,na,na,na,na,na,na,na,na,na,na,na,na,na,na,na,na,na,na,na,na,na,na,na,na,na,na,na,na,na,0.175,,,,,,,,,,,,,,,,0.425,,,,,,3.75,,,0.375,,,,,,,,,0,0,0,0,0,0,0,4.125,0,0.6,0,0,0,0
mesd_26,2003,P2,mes,wldd,mesd_26,mes_l,3,-22.54545455,1,75,,,5,,,,,,,10,,,,,,,,,,,,,,,,,,1,15,,,,,,,,15,,,50,39.75,,,,,,,,,,,,,,0.125,,50.25,,,,,,0.25,,,,,,,,,,,,0,10,65,0,5,16,0,0.25,0.125,90,0,5,15,1
mesd_27,2003,P2,mes,wldd,mesd_27,mes_l,3,-22.54545455,na,na,na,na,na,na,na,na,na,na,na,na,na,na,na,na,na,na,na,na,na,na,na,na,na,na,na,na,na,na,na,na,na,na,na,na,na,na,na,na,na,na,23,,,,,,,,,,,,,,,,8,,,,,,0.875,,,0.125,,,,,,,,,0,0,0,0,0,0,0,1,0,31,0,0,0,0
mesd_28,2003,P2,mes,wldd,mesd_28,mes_l,3,-22.54545455,0,46.4,,,15,,,,0.5,0.3,,4,,,,0.5,1,,,,40,,0.1,,,,,,,,,,,,,,,,10,,,,0.625,,,,,,,,,,,,,,,,0.65,92.75,,,,,0.15,,,,,,,,,,,,0.1,6.3,0,0,15,50,0,0.15,0,94.025,0,15,50,0
mesd_29,2003,P2,mes,wldd,mesd_29,min_hl,3,-22.54545455,na,na,na,na,na,na,na,na,na,na,na,na,na,na,na,na,na,na,na,na,na,na,na,na,na,na,na,na,na,na,na,na,na,na,na,na,na,na,na,na,na,na,26.5,,,,,,,,,,,,,,,,0.05,7.5,,9.25,,,1.75,,,,,,,,,,,,0,0,0,0,0,0,9.25,1.75,0,34.05,0,0,0,0
mesd_30,2003,P2,mes,wldd,mesd_30,min_hl,3,-22.54545455,25,9.1,,,25,,7,,,,,2,,,,,,,1,,,,0.1,,,,,,,,,,25,,,,,,30,,,,62.25,,,,,,,,,,,,,,,,,,,,,,,,,,,,,,,,,,0.1,2,1,7,50,30,0,0,0,62.25,0,50,30,0
mesd_31,2003,Q1,mes,wldd,mesd_31,oli_l,3,-22.54545455,na,na,na,na,na,na,na,na,na,na,na,na,na,na,na,na,na,na,na,na,na,na,na,na,na,na,na,na,na,na,na,na,na,na,na,na,na,na,na,na,na,na,23,,,,,,,,41.25,,,,,,,,12.5,,,2,,,,,,,,,,,,,,,0,0,0,0,0,0,2,0,0,76.75,0,0,0,0
mesd_32,2003,Q1,mes,wldd,mesd_32,oli_l,3,-22.54545455,0,20,,,20,,,,,5,,7,,,,,,,,,,,,,,,,,,,,,,,,,,,17,,,8,10.375,,,,,,,,37.5,,,,,,,,,,,,,,1.25,,,,,,,,,,,,0,12,8,0,20,17,0,1.25,0,47.875,0,20,17,0
mesd_33,2003,Q1,mes,wldd,mesd_33,oli_l,3,-22.54545455,na,na,na,na,na,na,na,na,na,na,na,na,na,na,na,na,na,na,na,na,na,na,na,na,na,na,na,na,na,na,na,na,na,na,na,na,na,na,na,na,na,na,8.75,,,,,,,,18.5,,,,,,,,,,,1,,0.05,0.4,,,,,,,,,,,,0,0,0,0,0,0,1.05,0.4,0,27.25,0,0,0,0
mesd_34,2003,Q1,mes,wldd,mesd_34,oli_l,3,-22.54545455,3,12,,1,20,,,,,,,10,,,,,,,,,,,1,,,,,,,3,,,,,,,,,40,,,,1.5,,,,,,,,,,,,,,,,,,,46.25,,0.125,,,,,,,,,,,,,1,10,0,0,20,44,46.375,0,0,1.5,0,20,41,3
mesd_35,2003,Q1,mes,wldd,mesd_35,mes_ho,3,-22.54545455,na,na,na,na,na,na,na,na,na,na,na,na,na,na,na,na,na,na,na,na,na,na,na,na,na,na,na,na,na,na,na,na,na,na,na,na,na,na,na,na,na,na,,,,,,,,,,,,,,,,,,,0.025,,,0.025,0.775,,,1.575,,,,,,,,,0,0,0,0,0,0,0.025,2.35,0.025,0,0,0,0,0
mesd_36,2003,Q2,mes,wldd,mesd_36,mes_l,3,-22.54545455,1,5,,1,,,,,,,,2,,,,,1,,,,,,,,,,,,,1,,,,,,,,,4,,,1,10.75,,,,,,,,,,,,,,,,0.125,,,,,,0.375,,,,,,,,,,,,0,3,1,0,0,6,0,0.375,0,10.875,0,0,5,1
mesd_37,2003,Q2,mes,wldd,mesd_37,min_hl,3,-22.54545455,na,na,na,na,na,na,na,na,na,na,na,na,na,na,na,na,na,na,na,na,na,na,na,na,na,na,na,na,na,na,na,na,na,na,na,na,na,na,na,na,na,na,14.5,,,,,,,,,,,,,,,,,,,0.75,,,1.25,,,,,,,,,,,,0,0,0,0,0,0,0.75,1.25,0,14.5,0,0,0,0
mesd_38,2003,Q2,mes,wldd,mesd_38,mes_l,3,-22.54545455,4,35.1,,,7,4,3,,0.1,,,3,,,1,,1,,,,,,,,,,,,,,12,,,,,,,,25,,,15,53.5,,,,,,,,,,,,,,,,0.25,,,,,0.025,,,,,,,,,,,,,0,5.1,27,3,11,25,0.025,0,0,53.75,0,7,25,4
mesd_39,2003,Q2,mes,wldd,mesd_39,min_hl,3,-22.54545455,na,na,na,na,na,na,na,na,na,na,na,na,na,na,na,na,na,na,na,na,na,na,na,na,na,na,na,na,na,na,na,na,na,na,na,na,na,na,na,na,na,na,13.025,,,,,,,,,,,,,,,,,,,1.75,,,,,,0.625,,,,0.25,,,,,0,0,0,0,0,0,2,0.625,0,13.025,0,0,0,0
mesd_40,2003,Q2,mes,wldd,mesd_40,min_hl,3,-22.54545455,1,12,,,15,,2,,1,,,7,,,,,2,,,,,,,,,,,,,1,,,,,,,,,30,,,,9.75,,,,,,,,,,,,,,,,,,,13,,,0.8,,,,,,,0.75,,,,,0,10,0,2,15,31,13.75,0.8,0,9.75,0,15,30,1
olic_01,2003,A1,oli,ctr,olic_1,oli_l,0,-26.55555556,na,na,na,na,na,na,na,na,na,na,na,na,na,na,na,na,na,na,na,na,na,na,na,na,na,na,na,na,na,na,na,na,na,na,na,na,na,na,na,na,na,na,15,,,,,78.25,,,1.75,,,,,,,,,,,1.5,,,0.625,,,,,,,,,,,,0,0,0,0,0,0,1.5,0.625,0,95,0,0,0,0
olic_02,2003,A1,oli,ctr,olic_2,oli_l,0,-26.55555556,0,6.5,,5,5,,,,,,,1,,,,,,,,,,0.5,,,,,,,,,,,,,,,,,2,,,,77.5,,,,,,,,,,,,,6.25,,,,,,,,,0.025,,,,,,,,,,,,0,1.5,0,0,5,7,0,0.025,6.25,77.5,0,5,7,0
olic_03,2003,A1,oli,ctr,olic_3,oli_l,0,-26.55555556,na,na,na,na,na,na,na,na,na,na,na,na,na,na,na,na,na,na,na,na,na,na,na,na,na,na,na,na,na,na,na,na,na,na,na,na,na,na,na,na,na,na,78.25,,,,,,,,17,,,,,,,,,,,0.625,,,,,,,,,,,,,,,0,0,0,0,0,0,0.625,0,0,95.25,0,0,0,0
olic_04,2003,A1,oli,ctr,olic_4,oli_l,0,-26.55555556,0,45,,25,10,,,,,,,20,,,,,,,,,,,,,,,,,,,,,,,,,,,20,,,,6.25,,,,,90.75,,,1,,,,,,,,,,,,,,0.025,,,,,,,,,,,,0,20,0,0,10,45,0,0.025,0,98,0,10,45,0
olic_05,2003,A1,oli,ctr,olic_5,oli_l,0,-26.55555556,na,na,na,na,na,na,na,na,na,na,na,na,na,na,na,na,na,na,na,na,na,na,na,na,na,na,na,na,na,na,na,na,na,na,na,na,na,na,na,na,na,na,10.5,,,,,1.75,,,74.5,,,,,,,,,,,,,,2.75,,,0.25,,,,,,,,,0,0,0,0,0,0,0,3,0,86.75,0,0,0,0
olic_06,2003,A2,oli,ctr,olic_6,oli_l,0,-26.55555556,0,60,,25,2,,,,,,,25,,,,5,,,,,,,5,,,,,,,,,,,,,,,,15.5,,,,20.5,,,,,75,,,,,,,,,,,,,,,,,,,,,,,,,,,7.5,,5,30,0,0,2,40.5,7.5,0,0,95.5,0,2,40.5,0
olic_07,2003,A2,oli,ctr,olic_7,oli_l,0,-26.55555556,na,na,na,na,na,na,na,na,na,na,na,na,na,na,na,na,na,na,na,na,na,na,na,na,na,na,na,na,na,na,na,na,na,na,na,na,na,na,na,na,na,na,16.75,,,,,10.5,,,1.25,,,,,,,,,,,0.25,,,,,,,,,,,,,,,0,0,0,0,0,0,0.25,0,0,28.5,0,0,0,0
olic_08,2003,A2,oli,ctr,olic_8,oli_l,0,-26.55555556,0,33.5,,7,30,,,,,,,3,,,,1,2,,,,15,,0.5,,,,,,,,,,,,,,,,25,5,,,17.5,,,,,,,,78,,,,,,,,,,,,,,0.625,,,,,,,,,,,,0.5,6,0,0,35,47,0,0.625,0,95.5,0,35,47,0
olic_09,2003,A2,oli,ctr,olic_9,oli_l,0,-26.55555556,na,na,na,na,na,na,na,na,na,na,na,na,na,na,na,na,na,na,na,na,na,na,na,na,na,na,na,na,na,na,na,na,na,na,na,na,na,na,na,na,na,na,16.75,,,,,,,,70,,,,,,,,,,,0.25,,,1.75,,,0.25,,,,,,,,,0,0,0,0,0,0,0.25,2,0,86.75,0,0,0,0
olic_10,2003,A2,oli,ctr,olic_10,oli_l,0,-26.55555556,0,23.6,,20,20,,,,,,,3,,,,0.5,,,,,,,0.1,,,,,,,,,,,,,,,,20,,,,47.5,,,,,48.25,,,,,,,,,,,,,,2.5,,,0.625,,,,,,,,,,21.25,,0.1,3.5,0,0,20,40,23.75,0.625,0,95.75,0,20,40,0
olic_11,2003,A3,oli,ctr,olic_11,oli_l,0,-26.55555556,na,na,na,na,na,na,na,na,na,na,na,na,na,na,na,na,na,na,na,na,na,na,na,na,na,na,na,na,na,na,na,na,na,na,na,na,na,na,na,na,na,na,79,,,,,,,,4.25,,,,,,,,,,,,,,0.05,,,,,,,,,,,,0,0,0,0,0,0,0,0.05,0,83.25,0,0,0,0
olic_12,2003,A3,oli,ctr,olic_12,oli_l,0,-26.55555556,0,9.5,,4,25,,,,,,,5,,,,,,,,,,,0.5,,,,,,,,,,,,,,,,8,,,,27,,,,,13.25,,,46.75,,,,,,,,,,,1.25,,,0.3,,,1,,,,,,,,,0.5,5,0,0,25,12,1.25,1.3,0,87,0,25,12,0
olic_13,2003,A3,oli,ctr,olic_13,oli_l,0,-26.55555556,na,na,na,na,na,na,na,na,na,na,na,na,na,na,na,na,na,na,na,na,na,na,na,na,na,na,na,na,na,na,na,na,na,na,na,na,na,na,na,na,na,na,61.25,,,,,17.5,,,6.5,,,,,,,,,,,0.25,,,0.025,,,,,,,,,,,,0,0,0,0,0,0,0.25,0.025,0,85.25,0,0,0,0
olic_14,2003,A3,oli,ctr,olic_14,oli_l,0,-26.55555556,0,21.1,,12,12,,,,,,,4,,,,0.1,4,,,,,,1,,,,,,,,,,,,,,,,12,,,,23,,,,,2.75,,,65.5,,,,,,,,,,,,,,0.175,,,,,,,,,,,,1,8.1,0,0,12,24,0,0.175,0,91.25,0,12,24,0
olic_15,2003,A3,oli,ctr,olic_15,oli_l,0,-26.55555556,na,na,na,na,na,na,na,na,na,na,na,na,na,na,na,na,na,na,na,na,na,na,na,na,na,na,na,na,na,na,na,na,na,na,na,na,na,na,na,na,na,na,14.75,,,,,69,,,14.25,,,,,,,,,,,0.75,,,0.075,,,,,,,,,,,,0,0,0,0,0,0,0.75,0.075,0,98,0,0,0,0
olic_16,2003,A4,oli,ctr,olic_16,oli_l,0,-26.55555556,0,27.1,,20,15,,,,,,,3,,,,,4,,,,,,0.1,,,,,,,,,,,,,,,,10,,,,19,,,,,0.25,,,78.5,,,,,,,,,,,,,,0.0025,,,,,,,,,,,,0.1,7,0,0,15,30,0,0.0025,0,97.75,0,15,30,0
olic_17,2003,A4,oli,ctr,olic_17,oli_l,0,-26.55555556,na,na,na,na,na,na,na,na,na,na,na,na,na,na,na,na,na,na,na,na,na,na,na,na,na,na,na,na,na,na,na,na,na,na,na,na,na,na,na,na,na,na,10.75,,,,,4,,,71.75,,,,,,,,,,,,,,,,,4,,,,,,,,,0,0,0,0,0,0,0,4,0,86.5,0,0,0,0
olic_18,2003,A4,oli,ctr,olic_18,oli_l,0,-26.55555556,0,12,,8,12,,,,,,,3,,,,,,,,,,,1,,,,,,,0.5,,,,,,,,,8,,,,29.75,,,,,,,,67.75,,,,,,,,,,,,,,0.025,,,,,,,,,,,,1,3,0,0,12,16.5,0,0.025,0,97.5,0,12,16,0.5
olic_19,2003,A4,oli,ctr,olic_19,oli_l,0,-26.55555556,na,na,na,na,na,na,na,na,na,na,na,na,na,na,na,na,na,na,na,na,na,na,na,na,na,na,na,na,na,na,na,na,na,na,na,na,na,na,na,na,na,na,11.75,,,,,,,,78.75,,,,,,,,,,,,,,,,,,,,,,,,,,0,0,0,0,0,0,0,0,0,90.5,0,0,0,0
olic_20,2003,A4,oli,ctr,olic_20,oli_l,0,-26.55555556,0,28.5,,8,,,,,,,na,20,,,,,,,,,,,0.5,,,,,,,,,,,,,,,,3,,,,23.75,,,,,,,,72.25,,,,,,,,,,,,,,0.025,,,0.75,,,,,,,,,0.5,20,0,0,0,11,0,0.775,0,96,0,0,11,0
olic_21,2003,B1,oli,ctr,olic_21,oli_l,0,-26.55555556,na,na,na,na,na,na,na,na,na,na,na,na,na,na,na,na,na,na,na,na,na,na,na,na,na,na,na,na,na,na,na,na,na,na,na,na,na,na,na,na,na,na,21.25,,,,,74.25,,,,,,,,0.5,,,,,,0.125,,,,,,,,,,,,,,,0,0,0,0,0,0,0.125,0,0.5,95.5,0,0,0,0
olic_22,2003,B1,oli,ctr,olic_22,oli_l,0,-26.55555556,0,8.1,,5,3,,,,,,,3,,,,,,,0.01,,,,0.1,,,,,,,,,,,,,,,,5,,,,43,,,,,,,,53.75,,,,,0.5,,,,,,,,,0.025,,,,,,,,,,,,0.1,3,0.01,0,3,10,0,0.025,0.5,96.75,0,3,10,0
olic_23,2003,B1,oli,ctr,olic_23,oli_l,0,-26.55555556,na,na,na,na,na,na,na,na,na,na,na,na,na,na,na,na,na,na,na,na,na,na,na,na,na,na,na,na,na,na,na,na,na,na,na,na,na,na,na,na,na,na,9,,,,,,,,88.25,,,,,0.5,,,,,,1,,,0.375,,,0.25,,,,,,,,,0,0,0,0,0,0,1,0.625,0.5,97.25,0,0,0,0
olic_24,2003,B1,oli,ctr,olic_24,oli_l,0,-26.55555556,0,35.5,,25,7,,,,0.5,,,3,,,,2,5,,,,,,,,,,,,,,,,,,,,,,,,,,54,,,,,,,,40.25,,,,,,,,,,,0.025,,,0.075,,,,,,,,,,,,0,10.5,0,0,7,25,0.025,0.075,0,94.25,0,7,25,0
olic_25,2003,B1,oli,ctr,olic_25,oli_l,0,-26.55555556,na,na,na,na,na,na,na,na,na,na,na,na,na,na,na,na,na,na,na,na,na,na,na,na,na,na,na,na,na,na,na,na,na,na,na,na,na,na,na,na,na,na,52,,,,,22.75,,,21.5,,,,,,,,,,,1.25,,,0.325,,,,,,,,,,1.75,,0,0,0,0,0,0,3,0.325,0,96.25,0,0,0,0
olic_26,2003,B2,oli,ctr,olic_26,oli_l,0,-26.55555556,0,19,,14,14,,,,,,,5,,,,,,,,,,,,,,,,,,,,,,,,,,,4,,,,57,,,,,,,,30,,,,,7.25,,,,,,,,,0.75,,,,,,,,,,,,0,5,0,0,14,18,0,0.75,7.25,87,0,14,18,0
olic_27,2003,B2,oli,ctr,olic_27,oli_l,0,-26.55555556,na,na,na,na,na,na,na,na,na,na,na,na,na,na,na,na,na,na,na,na,na,na,na,na,na,na,na,na,na,na,na,na,na,na,na,na,na,na,na,na,na,na,18.75,,,,,2.75,,,,,,63.5,,,,,,,,0.275,,,,,,,,,,,,,1.025,,0,0,0,0,0,0,1.3,0,0,85,0,0,0,0
olic_28,2003,B2,oli,ctr,olic_28,oli_l,0,-26.55555556,0,17.5,,10,25,,,,0.5,,,4,,,,1,2,,,,,,,,,,,,,,,,,,,,,,15,,,,16.75,,,,,4,,,40.75,,,33,,,,,,,,,,,0.1,,,,,,,,,,,,0,7.5,0,0,25,25,0,0.1,0,94.5,0,25,25,0
olic_29,2003,B2,oli,ctr,olic_29,oli_l,0,-26.55555556,na,na,na,na,na,na,na,na,na,na,na,na,na,na,na,na,na,na,na,na,na,na,na,na,na,na,na,na,na,na,na,na,na,na,na,na,na,na,na,na,na,na,49.25,,,,,1,,,44.5,,,,,,,,,,,,,,,,,,,,,,,,,,0,0,0,0,0,0,0,0,0,94.75,0,0,0,0
olic_30,2003,B2,oli,ctr,olic_30,oli_l,0,-26.55555556,0,19.6,,15,20,,,,,,,2,,,,0.1,2,,,,,,0.5,,,,,,,,,,,,,,,,5,,,,15,,,,,57.5,,,,,,,,,,,,,,1.75,,,0.05,,,,,,,,,,,,0.5,4.1,0,0,20,20,1.75,0.05,0,72.5,0,20,20,0
olic_31,2003,B3,oli,ctr,olic_31,oli_l,0,-26.55555556,na,na,na,na,na,na,na,na,na,na,na,na,na,na,na,na,na,na,na,na,na,na,na,na,na,na,na,na,na,na,na,na,na,na,na,na,na,na,na,na,na,na,80.25,,,,,15,,,0.25,,,,,,,,,,,,,,,,,,,,,,,,,,0,0,0,0,0,0,0,0,0,95.5,0,0,0,0
olic_32,2003,B3,oli,ctr,olic_32,min_hl,0,-26.55555556,0,26,,20,15,,,,,,,5,,,,,,,,,,,1,,,,,,,,,,,,,,,,10,,,,35.75,,,,,0.25,,,,,,,,,,,,,,11.75,,,,,,,,,,,,,,,1,5,0,0,15,30,11.75,0,0,36,0,15,30,0
olic_33,2003,B3,oli,ctr,olic_33,oli_l,0,-26.55555556,na,na,na,na,na,na,na,na,na,na,na,na,na,na,na,na,na,na,na,na,na,na,na,na,na,na,na,na,na,na,na,na,na,na,na,na,na,na,na,na,na,na,94.75,,,,,,,,2.75,,,,,,,,,,,,,,,,,,,,,,,,,,0,0,0,0,0,0,0,0,0,97.5,0,0,0,0
olic_34,2003,B3,oli,ctr,olic_34,oli_l,0,-26.55555556,0,40,,20,15,,,,,,,15,,,,,,,,,,,5,,,,,,,,,,,,,,,,7,,,,9,,,,,,,,89.25,,,,,,,,,,,,,,0.025,,,,,,,,,,,,5,15,0,0,15,27,0,0.025,0,98.25,0,15,27,0
olic_35,2003,B3,oli,ctr,olic_35,oli_l,0,-26.55555556,na,na,na,na,na,na,na,na,na,na,na,na,na,na,na,na,na,na,na,na,na,na,na,na,na,na,na,na,na,na,na,na,na,na,na,na,na,na,na,na,na,na,35.25,,,,,0.25,,,62.5,,,,,,,,,,,,,,,,,,,,,,,,,,0,0,0,0,0,0,0,0,0,98,0,0,0,0
olic_36,2003,B4,oli,ctr,olic_36,oli_l,0,-26.55555556,0,25.5,,20,12,,,,,,,5,,,,,,,,,,,0.5,,,,,,,,,,,,,,,,,,,,50.25,,,,,,,,45.5,,,,,,,,,,,0.025,,,0.0275,,,,,,,,,,,,0.5,5,0,0,12,20,0.025,0.0275,0,95.75,0,12,20,0
olic_37,2003,B4,oli,ctr,olic_37,oli_l,0,-26.55555556,na,na,na,na,na,na,na,na,na,na,na,na,na,na,na,na,na,na,na,na,na,na,na,na,na,na,na,na,na,na,na,na,na,na,na,na,na,na,na,na,na,na,2.75,,,,,,,,94.25,,,,,,,,,,,,,,,,,0.175,,,,,,,,,0,0,0,0,0,0,0,0.175,0,97,0,0,0,0
olic_38,2003,B4,oli,ctr,olic_38,oli_l,0,-26.55555556,0,12.1,,1,17,,,,,,,10,,,,,0.1,,,,,,1,,,,,,,,,,,,,,,,,,,,25,,,,,3,,,68.75,,,,,,,,,,,,,,0.05,,,0.025,,,,,,,,,1,10.1,0,0,17,1,0,0.075,0,96.75,0,17,1,0
olic_39,2003,B4,oli,ctr,olic_39,oli_l,0,-26.55555556,na,na,na,na,na,na,na,na,na,na,na,na,na,na,na,na,na,na,na,na,na,na,na,na,na,na,na,na,na,na,na,na,na,na,na,na,na,na,na,na,na,na,36.5,,,,,3.5,,,58.5,,,,,,,,,,,,,,,,,,,,,,,,,,0,0,0,0,0,0,0,0,0,98.5,0,0,0,0
olic_40,2003,B4,oli,ctr,olic_40,min_hl,0,-26.55555556,0,19.1,,15,20,,,,,,,3,,,,,1,,,,,,0.1,,,,,,,,,,,,,,,,5,,,,93,,,,,5.25,,,,,,,,,,,,,,,,,,,,,,,,,,,,,0.1,4,0,0,20,20,0,0,0,98.25,0,20,20,0
olid_01,2003,C1,oli,wldd,olid_1,oli_l,2,-36.5,na,na,na,na,na,na,na,na,na,na,na,na,na,na,na,na,na,na,na,na,na,na,na,na,na,na,na,na,na,na,na,na,na,na,na,na,na,na,na,na,na,na,41.25,,,,,22,,,19.25,,,,,,,,,,,1.5,,,0.025,,,,,,,,,,,,0,0,0,0,0,0,1.5,0.025,0,82.5,0,0,0,0
olid_02,2003,C1,oli,wldd,olid_2,oli_l,2,-36.5,0,17,,2,2,,,,,,,15,,,,,,,,,,,,,,,,,,,,,,,,,,,5,,,,25.25,,,,,7,,,2.5,,,,,,,,,,,8,,,0.275,,,,,,,,,,,,0,15,0,0,2,7,8,0.275,0,34.75,0,2,7,0
olid_03,2003,C1,oli,wldd,olid_3,oli_l,2,-36.5,na,na,na,na,na,na,na,na,na,na,na,na,na,na,na,na,na,na,na,na,na,na,na,na,na,na,na,na,na,na,na,na,na,na,na,na,na,na,na,na,na,na,8.75,,,,,2.25,,,1.5,,,,,,,,,,,2.25,,,0.55,,,,,,,,,,,,0,0,0,0,0,0,2.25,0.55,0,12.5,0,0,0,0
olid_04,2003,C1,oli,wldd,olid_4,oli_l,2,-36.5,0,35,,25,25,,,,,,,10,,,,,,,,,,,,,,,,,,,,,,,,,,,25,,,,43,,,,,15.5,,,8.5,,,,,,,,,,,0.5,,,0.075,,,,,,,,,,,,0,10,0,0,25,50,0.5,0.075,0,67,0,25,50,0
olid_05,2003,C1,oli,wldd,olid_5,oli_l,2,-36.5,na,na,na,na,na,na,na,na,na,na,na,na,na,na,na,na,na,na,na,na,na,na,na,na,na,na,na,na,na,na,na,na,na,na,na,na,na,na,na,na,na,na,17.75,,,,,0.5,,,1.75,,,,,,,,,,,0.75,,,0.25,,,,,,,,,,,,0,0,0,0,0,0,0.75,0.25,0,20,0,0,0,0
olid_06,2003,C2,oli,wldd,olid_6,oli_l,2,-36.5,0,16.5,,10,20,,,,,,,2,,,0.5,1,,,,,,,3,,,,,,,,,,,,,,,,12,,,,38.5,,,,,0.25,,,0.25,,,,,,,,,,,0.25,,,0.025,,,,,,,,,,,,3,3.5,0,0,20,22,0.25,0.025,0,39,0,20,22,0
olid_07,2003,C2,oli,wldd,olid_7,oli_l,2,-36.5,na,na,na,na,na,na,na,na,na,na,na,na,na,na,na,na,na,na,na,na,na,na,na,na,na,na,na,na,na,na,na,na,na,na,na,na,na,na,na,na,na,na,31.75,,,,,2.75,,,3.25,,,,,,,,,,,,,,,,,,,,,,,,,,0,0,0,0,0,0,0,0,0,37.75,0,0,0,0
olid_08,2003,C2,oli,wldd,olid_8,oli_l,2,-36.5,0,15,,8,15,,,,,,,1,,,,,,,,,,,6,,,,,,,,,,,,,,,,10,,,,5.5,,,,,1.5,,,11.75,,,,,,,,,,,,,,,,,,,,,,,,,,6,1,0,0,15,18,0,0,0,18.75,0,15,18,0
olid_09,2003,C2,oli,wldd,olid_9,oli_l,2,-36.5,na,na,na,na,na,na,na,na,na,na,na,na,na,na,na,na,na,na,na,na,na,na,na,na,na,na,na,na,na,na,na,na,na,na,na,na,na,na,na,na,na,na,8.75,,,,,76.25,,,,,,,,,,,,,,4.5,,,,,,,,,,,,,21.75,,0,0,0,0,0,0,26.25,0,0,85,0,0,0,0
olid_10,2003,C2,oli,wldd,olid_10,oli_l,2,-36.5,0,5.5,,3,5,,,,,,,1,,,0.5,1,,,,,,,,,,,,,,,,,,,,,,,5,,,,32.25,,,,,2.75,,,23.25,,,,,,,,,,,,,,,,,,,,,,,,,,0,2.5,0,0,5,8,0,0,0,58.25,0,5,8,0
olid_11,2003,D1,oli,wldd,olid_11,oli_l,2,-36.5,na,na,na,na,na,na,na,na,na,na,na,na,na,na,na,na,na,na,na,na,na,na,na,na,na,na,na,na,na,na,na,na,na,na,na,na,na,na,na,na,na,na,11.5,,,,,2.5,,,75,,,,,,,,,,,,,,0.05,,,0.025,,,,,,,,,0,0,0,0,0,0,0,0.075,0,89,0,0,0,0
olid_12,2003,D1,oli,wldd,olid_12,oli_l,2,-36.5,0,26,,4,12,,,,,,,15,,,,,1,,,,,,6,,,,,,,,,,,,,,,,8,,,,35,,,,,17,,,6.25,,,,,,,,,,,,,,,,,,,,,,,,,,6,16,0,0,12,12,0,0,0,58.25,0,12,12,0
olid_13,2003,D1,oli,wldd,olid_13,oli_l,2,-36.5,na,na,na,na,na,na,na,na,na,na,na,na,na,na,na,na,na,na,na,na,na,na,na,na,na,na,na,na,na,na,na,na,na,na,na,na,na,na,na,na,na,na,5.75,,,,,,0.25,,4,,,,,,,,,,,2.375,,,,,,,,,,,,,,,0,0,0,0,0,0,2.375,0,0.25,9.75,0,0,0,0
olid_14,2003,D1,oli,wldd,olid_14,oli_l,2,-36.5,0,11.5,,5,25,,,,,,,3,,,,0.5,,,,,,,2,,,,,,,,,,,,1,,,,7,,,,6.75,,,,,1,,,30,,,,,,,,,,,0.025,,,0.025,,,,,,,,,,,,3,3.5,0,0,25,12,0.025,0.025,0,37.75,0,25,12,0
olid_15,2003,D1,oli,wldd,olid_15,oli_l,2,-36.5,na,na,na,na,na,na,na,na,na,na,na,na,na,na,na,na,na,na,na,na,na,na,na,na,na,na,na,na,na,na,na,na,na,na,na,na,na,na,na,na,na,na,11.25,,,,,1,,,17.5,,,,,,,,,,,,,,,,,,,,,,,,,,0,0,0,0,0,0,0,0,0,29.75,0,0,0,0
olid_16,2003,D2,oli,wldd,olid_16,oli_l,2,-36.5,0,16,,3,1,,,,,,,10,,,,,,,,,,,3,,,,,,,,,,,,,,,,10,,,,7.125,,,,,,,,0.75,,,,,,,,,,,,,,0.125,,,0.025,,,,,,,,,3,10,0,0,1,13,0,0.15,0,7.875,0,1,13,0
olid_17,2003,D2,oli,wldd,olid_17,oli_l,2,-36.5,na,na,na,na,na,na,na,na,na,na,na,na,na,na,na,na,na,na,na,na,na,na,na,na,na,na,na,na,na,na,na,na,na,na,na,na,na,na,na,na,na,na,7.375,,,,,,,,16.375,,,,,,,,,,,,,,,,,,,,,,,,,,0,0,0,0,0,0,0,0,0,23.75,0,0,0,0
olid_18,2003,D2,oli,wldd,olid_18,oli_l,2,-36.5,0,19,,2,20,,,,,,,12,,,,,,,,,,,5,,,,,,,,,,,,,,,,17,,,,16.75,,,,,6.25,0.625,,16,,,,,,,,,,,,,,0.025,,,,,,,,,,,,5,12,0,0,20,19,0,0.025,0.625,39,0,20,19,0
olid_19,2003,D2,oli,wldd,olid_19,oli_l,2,-36.5,na,na,na,na,na,na,na,na,na,na,na,na,na,na,na,na,na,na,na,na,na,na,na,na,na,na,na,na,na,na,na,na,na,na,na,na,na,na,na,na,na,na,12.5,,,,,,,,59.25,,,,,,,,,,,,,,0.1,,,,,,,,,,,,0,0,0,0,0,0,0,0.1,0,71.75,0,0,0,0
olid_20,2003,D2,oli,wldd,olid_20,oli_l,2,-36.5,0,27,,15,20,,,,,,,10,,,,,,,,,,,2,,,,,,,,,,,,,,,,15,,,,29.25,,,,,18.75,,,31.25,,,7.5,,,,,,,,0.125,,,,,,0.25,,,,,,,3.125,,2,10,0,0,20,30,3.25,0.25,0,86.75,0,20,30,0
olid_21,2003,E1,oli,wldd,olid_21,oli_l,2,-36.5,na,na,na,na,na,na,na,na,na,na,na,na,na,na,na,na,na,na,na,na,na,na,na,na,na,na,na,na,na,na,na,na,na,na,na,na,na,na,na,na,na,na,13.25,,,,,,,,1.25,,,,,,,,,,,,,,,,,,,,,,,,,,0,0,0,0,0,0,0,0,0,14.5,0,0,0,0
olid_22,2003,E1,oli,wldd,olid_22,oli_l,2,-36.5,1,25.2,,15,15,,,,,,,10,,,,,0.1,,,,,,0.1,,,,,,,1,,,,,,,,,7.5,,,,28,,,,,6.25,,,,,,,,,,,,,,1.25,,,0.375,,,,,,,,,,,,0.1,10.1,0,0,15,23.5,1.25,0.375,0,34.25,0,15,22.5,1
olid_23,2003,E1,oli,wldd,olid_23,oli_l,2,-36.5,na,na,na,na,na,na,na,na,na,na,na,na,na,na,na,na,na,na,na,na,na,na,na,na,na,na,na,na,na,na,na,na,na,na,na,na,na,na,na,na,na,na,61.75,,,,,4,,,,,,1.75,,,,,,,,2.125,,,,,,,,,,4,,,6,,0,0,0,0,0,0,12.125,0,0,67.5,0,0,0,0
olid_24,2003,E1,oli,wldd,olid_24,oli_l,2,-36.5,0,14,,10,5,,,,,,,3,,,,,,,,,,,1,,,,,,,0.5,,,,,,,,,35,,,,30.5,,,,,63.75,,,,,,,,,,,,,,0.875,,,0.075,,,,,,,,,,1,,1,3,0,0,5,45.5,1.875,0.075,0,94.25,0,5,45,0.5
olid_25,2003,E1,oli,wldd,olid_25,oli_l,2,-36.5,na,na,na,na,na,na,na,na,na,na,na,na,na,na,na,na,na,na,na,na,na,na,na,na,na,na,na,na,na,na,na,na,na,na,na,na,na,na,na,na,na,na,3,,,,,7.625,,,,,,,,,,,,,,2.25,,,,,,,,,,,,,1.5,,0,0,0,0,0,0,3.75,0,0,10.625,0,0,0,0
olid_26,2003,E2,oli,wldd,olid_26,oli_l,2,-36.5,0,17.5,,15,30,,,,,,,1,,,,0.5,,,,,,,1,,,,,,,,,,,,,,,,10,,,,16.25,,,,,10.5,,,7,,,4.275,,,,,,,,5,,,,,,,,,,,,,,,1,1.5,0,0,30,25,5,0,0,38.025,0,30,25,0
olid_27,2003,E2,oli,wldd,olid_27,oli_l,2,-36.5,na,na,na,na,na,na,na,na,na,na,na,na,na,na,na,na,na,na,na,na,na,na,na,na,na,na,na,na,na,na,na,na,na,na,na,na,na,na,na,na,na,na,4.75,,,,,13,,,7,,,,,,,,,,,,,,,,,0.025,,,,,,,,,0,0,0,0,0,0,0,0.025,0,24.75,0,0,0,0
olid_28,2003,E2,oli,wldd,olid_28,oli_l,2,-36.5,0,25.1,,23,30,,,,,,,2,,,,0.1,,,,,,,,,,,,,,,,,,,,,,,21,,,,17.25,,,,,3.75,,,18.25,,,,,,,,,,,0.125,,,,,,0.25,,,,,,,6.25,,0,2.1,0,0,30,44,6.375,0.25,0,39.25,0,30,44,0
olid_29,2003,E2,oli,wldd,olid_29,oli_l,2,-36.5,na,na,na,na,na,na,na,na,na,na,na,na,na,na,na,na,na,na,na,na,na,na,na,na,na,na,na,na,na,na,na,na,na,na,na,na,na,na,na,na,na,na,21.5,,,,,2,,,,,,,,,,,,,,2.75,,,0.25,,,,,,,,,,,,0,0,0,0,0,0,2.75,0.25,0,23.5,0,0,0,0
olid_30,2003,E2,oli,wldd,olid_30,oli_l,2,-36.5,0,15,,2,1,,,,,,,1,,,,,,,,,,,12,,,,,,,,,,,,,,,,3,,,,6,,,,,4.25,,,46.75,,,0.5,,,,,,,,0.5,,,0.025,,,,,,,,,,,,12,1,0,0,1,5,0.5,0.025,0,57.5,0,1,5,0
olid_31,2003,F1,oli,wldd,olid_31,oli_l,2,-36.5,na,na,na,na,na,na,na,na,na,na,na,na,na,na,na,na,na,na,na,na,na,na,na,na,na,na,na,na,na,na,na,na,na,na,na,na,na,na,na,na,na,na,11.75,,,,,3.75,0.125,,12,,,,,,,,,,,,,,0.375,,,1.25,,,,,,,,,0,0,0,0,0,0,0,1.625,0.125,27.5,0,0,0,0
olid_32,2003,F1,oli,wldd,olid_32,oli_l,2,-36.5,0,19,,8,20,,,,,,,10,,,,0.5,,,,,,,0.5,,,,,,,,,,,,,,,,4,,,,10.25,,,,,,0.125,,63.25,,,0.25,,,,,,,,,,,0.75,,,0.525,,,,,,,,,0.5,10.5,0,0,20,12,0,1.275,0.125,73.75,0,20,12,0
olid_33,2003,F1,oli,wldd,olid_33,oli_l,2,-36.5,na,na,na,na,na,na,na,na,na,na,na,na,na,na,na,na,na,na,na,na,na,na,na,na,na,na,na,na,na,na,na,na,na,na,na,na,na,na,na,na,na,na,2,,,,,,,,8,,,0.25,,,,,,,,,,,0.525,,,1.275,,,,,,,0.125,,0,0,0,0,0,0,0.125,1.8,0,10.25,0,0,0,0
olid_34,2003,F1,oli,wldd,olid_34,oli_l,2,-36.5,0,20.1,,10,15,,,,,,,10,,,,0.1,,,1,,,,,,,,,,,0.5,,,,,,,,,5,,,,3.025,,,,,,0.625,,86,,,,,,,,,,,,,,0.25,,,0.625,,,,,,,,,0,10.1,1,0,15,15.5,0,0.875,0.625,89.025,0,15,15,0.5
olid_35,2003,F1,oli,wldd,olid_35,oli_l,2,-36.5,na,na,na,na,na,na,na,na,na,na,na,na,na,na,na,na,na,na,na,na,na,na,na,na,na,na,na,na,na,na,na,na,na,na,na,na,na,na,na,na,na,na,9.75,,,,,,,,40,,,2.75,,,,,,,,,,,0.25,,,,,,,,,,,,0,0,0,0,0,0,0,0.25,0,52.5,0,0,0,0
olid_36,2003,F2,oli,wldd,olid_36,oli_l,2,-36.5,0,22.5,,5,10,,,,,,,17,,,,,,,,,,,0.5,,,,,,,0.5,,,,,,,,,5,,,,27.5,,,,,,,,30,,,,,,,,,,,0.5,,,0.25,,,0.75,,,,,,,,,0.5,17,0,0,10,10.5,0.5,1,0,57.5,0,10,10,0.5
olid_37,2003,F2,oli,wldd,olid_37,oli_l,2,-36.5,na,na,na,na,na,na,na,na,na,na,na,na,na,na,na,na,na,na,na,na,na,na,na,na,na,na,na,na,na,na,na,na,na,na,na,na,na,na,na,na,na,na,7.5,,,,,1,,,33.5,,,,,,,,,,,0.125,,,,,,0.125,,,,,,,,,0,0,0,0,0,0,0.125,0.125,0,42,0,0,0,0
olid_38,2003,F2,oli,wldd,olid_38,oli_l,2,-36.5,0,30.5,,10,12,,,,,,,15,,,,0.5,,,,,,,5,,,,,,,,,,,,,,,,5,,,,4.75,,,,,2.75,,,27,,,,,,,,,,,1.375,,,,,,1.5,,,,,,,,,5,15.5,0,0,12,15,1.375,1.5,0,34.5,0,12,15,0
olid_39,2003,F2,oli,wldd,olid_39,oli_l,2,-36.5,na,na,na,na,na,na,na,na,na,na,na,na,na,na,na,na,na,na,na,na,na,na,na,na,na,na,na,na,na,na,na,na,na,na,na,na,na,na,na,na,na,na,4.3,,,,,3.75,,,5,,,0.25,,,,,,,,,,,0.125,,,,,,,,,,,,0,0,0,0,0,0,0,0.125,0,13.3,0,0,0,0
olid_40,2003,F2,oli,wldd,olid_40,oli_l,2,-36.5,0,41,,20,3,0.2,,,,,,20,,,,,,,,,,,1,,,,,,,,,,,,,,,,10,,,,1.75,,,,,,,,5.75,,,,,,,,,,,,,,,,,,,,,,,,,,1,20,0,0,3.2,30,0,0,0,7.5,0,3,30,0.2
ombc_01,2003,T1,omb,ctr,ombc_1,omb_hu,0,-12.31343284,na,na,na,na,na,na,na,na,na,na,na,na,na,na,na,na,na,na,na,na,na,na,na,na,na,na,na,na,na,na,na,na,na,na,na,na,na,na,na,na,na,na,,43.75,,,50.5,,,,,,,,,,,,,,,,,,,,,0.125,,,1.35,3.5,,,15.5,,0,0,0,0,0,0,19,1.475,0,43.75,50.5,0,0,0
ombc_02,2003,T1,omb,ctr,ombc_2,omb_hu,0,-12.31343284,0,28,,5,,,,,,,,,,,,,,,,,1,,2,,,,,,,,,20,,,,,,,,,,,,48,,,34.5,,,,,,,,,,,,,,,,,,,1,,2.25,,,1.275,0.125,,,1.625,,2,0,20,0,0,6,2.75,3.525,0,48,34.5,0,6,0
ombc_03,2003,T1,omb,ctr,ombc_3,omb_hu,0,-12.31343284,na,na,na,na,na,na,na,na,na,na,na,na,na,na,na,na,na,na,na,na,na,na,na,na,na,na,na,na,na,na,na,na,na,na,na,na,na,na,na,na,na,na,,60.5,,,,,,,,,,,,,,,,,,,,,,0.125,,8,,,0.025,,,,22.25,,0,0,0,0,0,0,22.375,8.025,0,60.5,0,0,0,0
ombc_04,2003,T1,omb,ctr,ombc_4,omb_hu,0,-12.31343284,0,65,,1,,,,,,,,,,,,,,,,,30,,7,,,,,,,,,20,,,,,,,17,7,,,17,14.25,,,65,,,,,,,,,,,,,,,,,,,,,,,,1,,,,14,,7,0,20,0,7,48,14,1,0,31.25,65,7,48,0
ombc_05,2003,T1,omb,ctr,ombc_5,omb_hu,0,-12.31343284,na,na,na,na,na,na,na,na,na,na,na,na,na,na,na,na,na,na,na,na,na,na,na,na,na,na,na,na,na,na,na,na,na,na,na,na,na,na,na,na,na,na,,0.875,,,92.5,,,,,,,,,,,,,,,,,,,,,,,,,,,,27.5,,0,0,0,0,0,0,27.5,0,0,0.875,92.5,0,0,0
ombc_06,2003,T2,omb,ctr,ombc_6,min_hl,0,-12.31343284,0,104,,25,,,,,,,,,,,,,,,,,35,,20,,,,,,,,,20,,,,,,,11,4,,,34,,,,43.75,,,,,,,,,,,,,,,11.5,,,,,,,,,,,0.025,,23,,20,0,20,0,4,71,34.525,0,0,34,43.75,4,71,0
ombc_07,2003,T2,omb,ctr,ombc_7,min_hl,0,-12.31343284,na,na,na,na,na,na,na,na,na,na,na,na,na,na,na,na,na,na,na,na,na,na,na,na,na,na,na,na,na,na,na,na,na,na,na,na,na,na,na,na,na,na,76.25,,,,12.75,,,,,,,,,,,,,,,0.75,,,,,,,,,,0.25,,,11,,0,0,0,0,0,0,12,0,0,76.25,12.75,0,0,0
ombc_08,2003,T2,omb,ctr,ombc_8,omb_hu,0,-12.31343284,0,52,,12,,,,,,,,,,,,,,,,,20,,3,,,,,,,,,10,,,,,,,5,7,,,,15.6,,,83.25,,,,,,,,,,,,,,,,,,,,,,,,,,,,18,,3,0,10,0,7,37,18,0,0,15.6,83.25,7,37,0
ombc_09,2003,T2,omb,ctr,ombc_9,omb_ll,0,-12.31343284,na,na,na,na,na,na,na,na,na,na,na,na,na,na,na,na,na,na,na,na,na,na,na,na,na,na,na,na,na,na,na,na,na,na,na,na,na,na,na,na,na,na,,31,,,25,41.75,,,,,,,,,,,,,,,,,,,,,,,,,,,0.125,,0,0,0,0,0,0,0.125,0,0,72.75,25,0,0,0
ombc_10,2003,T2,omb,ctr,ombc_10,omb_ll,0,-12.31343284,0,30,,5,,,,,,,,,,,,,,,0.1,,15,,,,,,,,,,,10,,,,,,,2,,,,,26.75,,,46.5,21.25,,,,,,,,,,,,,,,,,,,,0.1,,,1,,,,,,0,0,10.1,0,0,22,0,1.1,0,48,46.5,0,22,0
ombc_11,2003,T3,omb,ctr,ombc_11,omb_ho,0,-12.31343284,na,na,na,na,na,na,na,na,na,na,na,na,na,na,na,na,na,na,na,na,na,na,na,na,na,na,na,na,na,na,na,na,na,na,na,na,na,na,na,na,na,na,,80.75,,4,,,6.5,,,,,,,,,,,,,,,,,,,1.025,,,,,,,,,0,0,0,0,0,0,0,1.025,10.5,80.75,0,0,0,0
ombc_12,2003,T3,omb,ctr,ombc_12,omb_ho,0,-12.31343284,0,42,,10,,,,,,,,,,,,,,,,,15,,10,,,,,,,,,4,,,,,,,3,3,,,,17.5,,54,,,2.75,,,,,,,,,,,,,,,,,,,,,,,,,,,,10,0,4,0,3,28,0,0,56.75,17.5,0,3,28,0
ombc_13,2003,T3,omb,ctr,ombc_13,omb_ho,0,-12.31343284,na,na,na,na,na,na,na,na,na,na,na,na,na,na,na,na,na,na,na,na,na,na,na,na,na,na,na,na,na,na,na,na,na,na,na,na,na,na,na,na,na,na,,18,,4,,22.5,,,,,,,,,,,,,,,,,,,,16.875,,,,,,,,,0,0,0,0,0,0,0,16.875,4,40.5,0,0,0,0
ombc_14,2003,T3,omb,ctr,ombc_14,omb_ho,0,-12.31343284,0,9,,,,,,,,,,,,,,,,,,,,,2,,,,,,,,,,,7,,,,,,,,,,40,,47.25,,5.675,,,,,0.675,,,,,,,,,,,,,,,,,,,,,,,,2,0,7,0,0,0,0,0,47.25,45.675,0.675,0,0,0
ombc_15,2003,T3,omb,ctr,ombc_15,omb_ho,0,-12.31343284,na,na,na,na,na,na,na,na,na,na,na,na,na,na,na,na,na,na,na,na,na,na,na,na,na,na,na,na,na,na,na,na,na,na,na,na,na,na,na,na,na,na,,4,,87.5,,,,,,,,,,,,,,,,,,,,,,,,,,,,,,,0,0,0,0,0,0,0,0,87.5,4,0,0,0,0
ombc_16,2003,T4,omb,ctr,ombc_16,omb_ho,0,-12.31343284,0,15,,10,,,,,,,,,,,,,,,,,,,,,,,,,,,,,,5,,,,,1,,,,,8.5,,63.75,,,,,,,,,,,,,,,,,,,,,,7.5,,,,,,,,,0,0,5,0,0,11,0,7.5,63.75,8.5,0,0,11,0
ombc_17,2003,T4,omb,ctr,ombc_17,omb_hl,0,-12.31343284,na,na,na,na,na,na,na,na,na,na,na,na,na,na,na,na,na,na,na,na,na,na,na,na,na,na,na,na,na,na,na,na,na,na,na,na,na,na,na,na,na,na,,65.25,,,8,3.5,,,,,15.75,,,,,,,,,,,,,,,,,,1,,,,,,0,0,0,0,0,0,0,1,0,68.75,23.75,0,0,0
ombc_18,2003,T4,omb,ctr,ombc_18,omb_hu,0,-12.31343284,0,7,,4,,,,,,,,,,,,,,,,,,,3,,,,,,,,,,,,,,,,3,,,,,46.75,,,43.5,,,,,,,,,,,,,,,,,,,,,,,,3,,,,1.25,,3,0,0,0,0,7,1.25,3,0,46.75,43.5,0,7,0
ombc_19,2003,T4,omb,ctr,ombc_19,omb_hu,0,-12.31343284,na,na,na,na,na,na,na,na,na,na,na,na,na,na,na,na,na,na,na,na,na,na,na,na,na,na,na,na,na,na,na,na,na,na,na,na,na,na,na,na,na,na,,36.75,,,55,,,,,,,,,,,,,,,,,,,,,,,,,,,,,,0,0,0,0,0,0,0,0,0,36.75,55,0,0,0
ombc_20,2003,T4,omb,ctr,ombc_20,omb_hu,0,-12.31343284,0,30,,5,,,,,,,,,,,,,,,1,,7,,13,,,,,,,,,,,,,,,,4,5,,,,,,,99.5,,,,,,,,,,,,,,,,,,,,,0.0025,,,0.05,,,,,,13,0,1,0,5,16,0,0.0525,0,0,99.5,5,16,0
ombc_21,2003,U1,omb,ctr,ombc_21,omb_hu,0,-12.31343284,na,na,na,na,na,na,na,na,na,na,na,na,na,na,na,na,na,na,na,na,na,na,na,na,na,na,na,na,na,na,na,na,na,na,na,na,na,na,na,na,na,na,,1.375,,,97.5,,,,,,,,,,,,,,,,,,,,,,,,0.075,,,,,,0,0,0,0,0,0,0,0.075,0,1.375,97.5,0,0,0
ombc_22,2003,U1,omb,ctr,ombc_22,omb_hu,0,-12.31343284,0,25,,3,,,,,,,,,,,,,,,,,5,,2,,,,,,,,,12,,,,,,,3,3,,,,,,,99.25,,,,,,,,,,,,,,,,,,,,,,,,,,,,,,2,0,12,0,3,11,0,0,0,0,99.25,3,11,0
ombc_23,2003,U1,omb,ctr,ombc_23,omb_hl,0,-12.31343284,na,na,na,na,na,na,na,na,na,na,na,na,na,na,na,na,na,na,na,na,na,na,na,na,na,na,na,na,na,na,na,na,na,na,na,na,na,na,na,na,na,na,,21.5,,,31.75,,,,,,43.25,,,,,,,,,,,,,,,,,,,,,,,,0,0,0,0,0,0,0,0,0,21.5,75,0,0,0
ombc_24,2003,U1,omb,ctr,ombc_24,omb_hl,0,-12.31343284,0,37,,10,,,,,,,,,,,,,,,,,8,,4,,,,,,,,,15,,,,,,,4.5,,,,,24.25,,,70.25,2.75,,,,,1,,,,,,,,,,,,,,,,,,,,,,,,4,0,15,0,0,22.5,0,0,0,27,71.25,0,22.5,0
ombc_25,2003,U1,omb,ctr,ombc_25,omb_ho,0,-12.31343284,na,na,na,na,na,na,na,na,na,na,na,na,na,na,na,na,na,na,na,na,na,na,na,na,na,na,na,na,na,na,na,na,na,na,na,na,na,na,na,na,na,na,,27.5,,1.25,,2.25,,,,,3.75,,,,,,,,,,,,,,,23,,,,,,,,,0,0,0,0,0,0,0,23,1.25,29.75,3.75,0,0,0
ombc_26,2003,U2,omb,ctr,ombc_26,omb_ho,0,-12.31343284,0,26,,11,,,,,,,,,,,,,,,,,,,4,,,,,,,,,10,,1,,,,,1,,,,,36.25,,25,,0.5,,,,,,,,,,,,,,,,,,,,5.775,,,,,,,,,4,0,11,0,0,12,0,5.775,25,36.75,0,0,12,0
ombc_27,2003,U2,omb,ctr,ombc_27,omb_hu,0,-12.31343284,na,na,na,na,na,na,na,na,na,na,na,na,na,na,na,na,na,na,na,na,na,na,na,na,na,na,na,na,na,na,na,na,na,na,na,na,na,na,na,na,na,na,,30.75,,,50.25,,,,,,,,,,,,,,,,,,,,,,,,6.25,,,,,,0,0,0,0,0,0,0,6.25,0,30.75,50.25,0,0,0
ombc_28,2003,U2,omb,ctr,ombc_28,omb_hl,0,-12.31343284,0,11,,5,,,,,,,,,,,,,,,,,,,6,,,,,,,,,,,,,,,,2,,,,,23.75,,,72.75,,,,,,0.5,,,,,,,,,,,,,,,,,,1.5,,,,,,6,0,0,0,0,7,0,1.5,0,23.75,73.25,0,7,0
ombc_29,2003,U2,omb,ctr,ombc_29,omb_hu,0,-12.31343284,na,na,na,na,na,na,na,na,na,na,na,na,na,na,na,na,na,na,na,na,na,na,na,na,na,na,na,na,na,na,na,na,na,na,na,na,na,na,na,na,na,na,,2.75,,,94.75,,,,,,,,,,,,,,,,,,,,,,,,1.5,,,,,,0,0,0,0,0,0,0,1.5,0,2.75,94.75,0,0,0
ombc_30,2003,U2,omb,ctr,ombc_30,omb_ll,0,-12.31343284,0,43,,15,,,,,,,,,,,,,,,,,1,,2,,,,,,,,,25,,,,,,,1,,,,,20,,,,,,,,,,,,,,,,,,,,,,,,43.75,,,,,,,,,2,0,25,0,0,17,0,43.75,0,20,0,0,17,0
ombc_31,2003,U3,omb,ctr,ombc_31,omb_ll,0,-12.31343284,na,na,na,na,na,na,na,na,na,na,na,na,na,na,na,na,na,na,na,na,na,na,na,na,na,na,na,na,na,na,na,na,na,na,na,na,na,na,na,na,na,na,,62,,,10.125,13.5,0.75,,,,12.5,,,,,,,,,,,,,,,,,,,,,,,,0,0,0,0,0,0,0,0,0.75,75.5,22.625,0,0,0
ombc_32,2003,U3,omb,ctr,ombc_32,omb_ho,0,-12.31343284,0,13,,5,,,,,,,,,,,,,,,,,,,8,,,,,,,,,,,,,,,,0.5,,,,,72.25,,4.5,,,18.75,,,,,,,,,,,,,,,,,,,,,,,,,,,,8,0,0,0,0,5.5,0,0,23.25,72.25,0,0,5.5,0
ombc_33,2003,U3,omb,ctr,ombc_33,omb_ll,0,-12.31343284,na,na,na,na,na,na,na,na,na,na,na,na,na,na,na,na,na,na,na,na,na,na,na,na,na,na,na,na,na,na,na,na,na,na,na,na,na,na,na,na,na,na,,66,,0.75,,23.25,,,,,5.75,,,,,,,,,,,,,,,,,,,,,,,,0,0,0,0,0,0,0,0,0.75,89.25,5.75,0,0,0
ombc_34,2003,U3,omb,ctr,ombc_34,omb_hu,0,-12.31343284,0,15,,,,,,,,,,,,,,,,,,,,,15,,,,,,,,,,,,,,,,,,,,,0.55,,,99,,,,,,,,,,,,,,,,,,,,,,,,,,,,,,15,0,0,0,0,0,0,0,0,0.55,99,0,0,0
ombc_35,2003,U3,omb,ctr,ombc_35,omb_hl,0,-12.31343284,na,na,na,na,na,na,na,na,na,na,na,na,na,na,na,na,na,na,na,na,na,na,na,na,na,na,na,na,na,na,na,na,na,na,na,na,na,na,na,na,na,na,,20.75,,,54.75,,,,,,23.5,,,,,,,,,,,,,,,,,,0.025,,,,,,0,0,0,0,0,0,0,0.025,0,20.75,78.25,0,0,0
ombc_36,2003,U4,omb,ctr,ombc_36,omb_hu,0,-12.31343284,0,39,,17,,,,,,,,,,,,,,,,,,,1,,,,,,,,,15,,,,,,,1,6,,,,9.75,,,70.75,,,,,,,,,,,,,,,,,,,,,,,,3.25,0.5,,,,,1,0,15,0,6,18,0.5,3.25,0,9.75,70.75,6,18,0
ombc_37,2003,U4,omb,ctr,ombc_37,omb_hu,0,-12.31343284,na,na,na,na,na,na,na,na,na,na,na,na,na,na,na,na,na,na,na,na,na,na,na,na,na,na,na,na,na,na,na,na,na,na,na,na,na,na,na,na,na,na,,39.25,,,59,,,,,,,,,,,,,,,,,,,,,,,,0.025,,,,,,0,0,0,0,0,0,0,0.025,0,39.25,59,0,0,0
ombc_38,2003,U4,omb,ctr,ombc_38,omb_hu,0,-12.31343284,0,55,,4,,,,,,,,,,,,,,,,,22,,4,,,,,,,,,15,,,,,,,9,10,,,,12.25,,,83.75,,,,,,,,,,,,,,,,,,,,,,,,,,,,,,4,0,15,0,10,35,0,0,0,12.25,83.75,10,35,0
ombc_39,2003,U4,omb,ctr,ombc_39,omb_hu,0,-12.31343284,na,na,na,na,na,na,na,na,na,na,na,na,na,na,na,na,na,na,na,na,na,na,na,na,na,na,na,na,na,na,na,na,na,na,na,na,na,na,na,na,na,na,,28,,,71,,,,,,0.025,,,,,,,,,,,,,,,,,,,,,,,,0,0,0,0,0,0,0,0,0,28,71.025,0,0,0
ombc_40,2003,U4,omb,ctr,ombc_40,omb_hu,0,-12.31343284,0,82,,14,,,,,,,,,,,,,,,,,30,,2,,,,,,,,,25,,,,,,,15,11,,,,11.5,,,86.25,,,,,,,,,,,,,,,,,,,,,,,,,,,,,,2,0,25,0,11,59,0,0,0,11.5,86.25,11,59,0
ombf_01,2003,Z1,omb,fst,ombf_1,,42,-15,na,na,na,na,na,na,na,na,na,na,na,na,na,na,na,na,na,na,na,na,na,na,na,na,na,na,na,na,na,na,na,na,na,na,na,na,na,na,na,na,na,na,,,,,,,,,,,,0.25,,,,,,,,,,,,1.75,9.5,,,,,36.75,,,,,0,0,0,0,0,0,48,0,0,0.25,0,0,0,0
ombf_02,2003,Z1,omb,fst,ombf_2,,42,-15,0,32.5,,,,,,,,,,,,,,,,,,,0.5,,2,,10,,,,,,,20,,,,,,,0.5,,,,,,,,,,,,,,,21.5,,,,,,,,,,,,,0.25,,,,,3,,,5.25,,2,0,20,0,0,11,8.5,0,0,21.5,0,0,11,0
ombf_03,2003,Z1,omb,fst,ombf_3,,42,-15,na,na,na,na,na,na,na,na,na,na,na,na,na,na,na,na,na,na,na,na,na,na,na,na,na,na,na,na,na,na,na,na,na,na,na,na,na,na,na,na,na,na,0.75,,,,,,,,,,,,,,,,,,,,,,,0.275,,,,,,16.25,,,,,0,0,0,0,0,0,16.525,0,0,0.75,0,0,0,0
ombf_04,2003,Z1,omb,fst,ombf_4,,42,-15,0,76,,,,,,,,,,,,,,,,,,,13,,3,,,,,,,,,35,,,,,,,1,25,,,,,,,,,,,,,,,,,,,,,,,,,,,,,,,,67.5,,,,,3,0,35,0,25,14,67.5,0,0,0,0,25,14,0
ombf_05,2003,Z1,omb,fst,ombf_5,,42,-15,na,na,na,na,na,na,na,na,na,na,na,na,na,na,na,na,na,na,na,na,na,na,na,na,na,na,na,na,na,na,na,na,na,na,na,na,na,na,na,na,na,na,,,,,,,,,,,,,,,,,,,,,,,,12.5,9.5,,,,,40.25,,,,,0,0,0,0,0,0,62.25,0,0,0,0,0,0,0
ombf_06,2003,Z2,omb,fst,ombf_6,,42,-15,0,73,,1,,,,,,,,,,,,,,,,,20,,2,,,,,,,,,10,,,,,,,,40,,,,,,,87.5,,,,,,,,,,,,,,,,,,,,,,,,,,,,,,2,0,10,0,40,21,0,0,0,0,87.5,40,21,0
ombf_07,2003,Z2,omb,fst,ombf_7,,42,-15,na,na,na,na,na,na,na,na,na,na,na,na,na,na,na,na,na,na,na,na,na,na,na,na,na,na,na,na,na,na,na,na,na,na,na,na,na,na,na,na,na,na,,,,,,,,,,,,14.125,,,,,,,,,,,,,0.5,,,,,37.5,,,,,0,0,0,0,0,0,38,0,0,14.125,0,0,0,0
ombf_08,2003,Z2,omb,fst,ombf_8,,42,-15,0,91,,4,,,,,,,,,,,,,,,,,25,,2,,,,,,,0.1,,35,,,,,,,6,25,,,,,,,,,,,,,,0.025,,,,,,,,,,,,1.525,6.5,,,,,50,,,,,2,0,35,0,25,35.1,58.025,0,0,0.025,0,25,35,0.1
ombf_09,2003,Z2,omb,fst,ombf_9,,42,-15,na,na,na,na,na,na,na,na,na,na,na,na,na,na,na,na,na,na,na,na,na,na,na,na,na,na,na,na,na,na,na,na,na,na,na,na,na,na,na,na,na,na,,,,,,,,,,,,,,,,,,,,,,,,1.525,13.875,,,,,59.25,,,0.5,,0,0,0,0,0,0,75.15,0,0,0,0,0,0,0
ombf_10,2003,Z2,omb,fst,ombf_10,,42,-15,0,2,,,,,,,,,,,,,,,,,,,2,,,,,,,,,,,,,,,,,,,,,,20.75,,,,2.25,,,,,,,,,,,,,,,,,,,7,3.25,,,,,35.25,,,1.5,,0,0,0,0,0,2,47,0,0,20.75,2.25,0,2,0
ombf_11,2003,AA1,omb,fst,ombf_11,,42,-15,na,na,na,na,na,na,na,na,na,na,na,na,na,na,na,na,na,na,na,na,na,na,na,na,na,na,na,na,na,na,na,na,na,na,na,na,na,na,na,na,na,na,,,,,,,,,,,,,,,,,,,,,,,,,,,,,,76.25,,,,,0,0,0,0,0,0,76.25,0,0,0,0,0,0,0
ombf_12,2003,AA1,omb,fst,ombf_12,,42,-15,0,10,,,,,,,,,,,,,,,,,,,,,8,,,,,,,,,,,,,,,,8.5,2,,,18,,,,34.75,38.75,,,,,,,,,,,,,,,,,,,0.5,,,,,0.25,,,,,8,0,0,0,2,8.5,0.75,0,0,56.75,34.75,2,8.5,0
ombf_13,2003,AA1,omb,fst,ombf_13,,42,-15,na,na,na,na,na,na,na,na,na,na,na,na,na,na,na,na,na,na,na,na,na,na,na,na,na,na,na,na,na,na,na,na,na,na,na,na,na,na,na,na,na,na,74.25,,,,,,,,,,,,,,,,,,,0.025,,,,,2.75,,,,,3.25,,,,,0,0,0,0,0,0,6.025,0,0,74.25,0,0,0,0
ombf_14,2003,AA1,omb,fst,ombf_14,,42,-15,0,9,,,,,,,,,,,,,,,,,,,,,8,,,,,,,,,1,,,,,,,1,,na,,26.25,,,,15.25,,,,,,,,,,,,,,,0.025,,,,0.125,0.25,,,,,31.25,,,,,8,0,1,0,0,1,31.65,0,0,26.25,15.25,0,1,0
ombf_15,2003,AA1,omb,fst,ombf_15,,42,-15,na,na,na,na,na,na,na,na,na,na,na,na,na,na,na,na,na,na,na,na,na,na,na,na,na,na,na,na,na,na,na,na,na,na,na,na,na,na,na,na,na,na,,,,,,,,,,,,,,,,,,,,,,,,,,,,,,84.25,,,,,0,0,0,0,0,0,84.25,0,0,0,0,0,0,0
ombf_16,2003,AA2,omb,fst,ombf_16,,42,-15,1,15,,,,,,,,,,,,,,,,,,,,,10,,,,,,,1,,,,,,,,,11,5,,,19,,,,53.5,,,,,,,,,,,,,,,9.375,,,,,3.5,,,,,0.45,,,,,10,0,0,0,5,12,13.325,0,0,19,53.5,5,11,1
ombf_17,2003,AA2,omb,fst,ombf_17,,42,-15,na,na,na,na,na,na,na,na,na,na,na,na,na,na,na,na,na,na,na,na,na,na,na,na,na,na,na,na,na,na,na,na,na,na,na,na,na,na,na,na,na,na,,9.5,,,2,,,,,,,,,,,,,,,55.75,,,,,,,,,,2.325,0.025,,,,0,0,0,0,0,0,58.1,0,0,9.5,2,0,0,0
ombf_18,2003,AA2,omb,fst,ombf_18,,42,-15,1,10,,1,,,,,,,,,,,,,,,,,1,,3,,,,,,,1,,5,,,,,,,4,,,,,,,,,,,,,,,0.025,,,,,,,,3.75,,,,,2.25,,,,,61.25,,na,,,3,0,5,0,0,7,67.25,0,0,0.025,0,0,6,1
ombf_19,2003,AA2,omb,fst,ombf_19,,42,-15,na,na,na,na,na,na,na,na,na,na,na,na,na,na,na,na,na,na,na,na,na,na,na,na,na,na,na,na,na,na,na,na,na,na,na,na,na,na,na,na,na,na,,,,,,,,,,,,,,,,,,,,0.5,,,,0.025,27.5,,,,,52.5,0.025,,,,0,0,0,0,0,0,80.55,0,0,0,0,0,0,0
ombf_20,2003,AA2,omb,fst,ombf_20,,42,-15,0,35,,,,,,,,,,,,,,,,,,,15,,15,,,,,,,,,3,,,,,,,8,2,,,,,,,,,,,,,,,,,,,,,,,,,,,,,,,,77.5,,,0.95,,15,0,3,0,2,23,78.45,0,0,0,0,2,23,0
ombd_01,2003,V1,omb,wldd,ombd_1,omb_hl,3,-21.23913043,na,na,na,na,na,na,na,na,na,na,na,na,na,na,na,na,na,na,na,na,na,na,na,na,na,na,na,na,na,na,na,na,na,na,na,na,na,na,na,na,na,na,,33.75,,,58.75,,,,,,,,,,,,,,,,,,,,,,,,,,,,,,0,0,0,0,0,0,0,0,0,33.75,58.75,0,0,0
ombd_02,2003,V1,omb,wldd,ombd_2,omb_hu,3,-21.23913043,0,8.7,,7,,,,,,,,,,,,,,,,,,,0.5,,,,,,,,,1,,0.2,,,,,4,,,,,31.25,,,66.75,,,,,,,,,,,,,,,,,,,,,,,,,,,,1.75,,0.5,0,1.2,0,0,11,1.75,0,0,31.25,66.75,0,11,0
ombd_03,2003,V1,omb,wldd,ombd_3,omb_hl,3,-21.23913043,na,na,na,na,na,na,na,na,na,na,na,na,na,na,na,na,na,na,na,na,na,na,na,na,na,na,na,na,na,na,na,na,na,na,na,na,na,na,na,na,na,na,,11.5,,,84.25,,,,,,1.25,,,,,,,,,,,,,,,,,,,,,,,,0,0,0,0,0,0,0,0,0,11.5,85.5,0,0,0
ombd_04,2003,V1,omb,wldd,ombd_4,omb_hl,3,-21.23913043,0,58,,40,,,,,,,,,,,,1,,,,,15,,2,,,,,,,,,,,,,,,,1,,,,,8.5,,,80.5,,,,,,8.25,,,,,,,,,,,,,,,,,,,,,,,,2,1,0,0,0,56,0,0,0,8.5,88.75,0,56,0
ombd_05,2003,V1,omb,wldd,ombd_5,omb_hu,3,-21.23913043,na,na,na,na,na,na,na,na,na,na,na,na,na,na,na,na,na,na,na,na,na,na,na,na,na,na,na,na,na,na,na,na,na,na,na,na,na,na,na,na,na,na,,4.25,,,90.25,,,,,,,,,,,,,,,,,,,0.25,,0.025,,,1,,,,,,0,0,0,0,0,0,0.25,1.025,0,4.25,90.25,0,0,0
ombd_06,2003,V2,omb,wldd,ombd_6,omb_hl,3,-21.23913043,0,44,,30,,,,,,,,,,,,1,,,,,3,,3,,,,,,,,,7,,,,,,,5,,,,,17.5,,,9.25,0.75,,,,,70,,,,,,,,,,,,,,,,,,0.125,,,,,,3,1,7,0,0,38,0,0.125,0,18.25,79.25,0,38,0
ombd_07,2003,V2,omb,wldd,ombd_7,omb_hl,3,-21.23913043,na,na,na,na,na,na,na,na,na,na,na,na,na,na,na,na,na,na,na,na,na,na,na,na,na,na,na,na,na,na,na,na,na,na,na,na,na,na,na,na,na,na,,32,,,21,,,,,,39.25,,,,,,,,,,,,,,,,,,0.875,,,,,,0,0,0,0,0,0,0,0.875,0,32,60.25,0,0,0
ombd_08,2003,V2,omb,wldd,ombd_8,omb_hu,3,-21.23913043,0,68,,15,,,,,,,,,,,,,,,,,25,,4,,,,,,,,,20,,,,,,,3.5,4,,,,30.75,,,,,,,,,,,,,,,,,,,,,,,,,,,,,,,,,4,0,20,0,4,43.5,0,0,0,30.75,0,4,43.5,0
ombd_09,2003,V2,omb,wldd,ombd_9,omb_hu,3,-21.23913043,na,na,na,na,na,na,na,na,na,na,na,na,na,na,na,na,na,na,na,na,na,na,na,na,na,na,na,na,na,na,na,na,na,na,na,na,na,na,na,na,na,na,,3,,,,,,,,,,,,,,,,,,,,,,,,,,,,,,,,,0,0,0,0,0,0,0,0,0,3,0,0,0,0
ombd_10,2003,V2,omb,wldd,ombd_10,omb_ll,3,-21.23913043,0,19.5,,12,,,,,,,,,,,,,,,,,,,7,,,,,,,,,,,0.5,,,,,4,,,,,35.5,,14.5,,0.25,4.95,,,,0.75,,,,,,,,,,,,,,,,,,,,,,,,7,0,0.5,0,0,16,0,0,19.45,35.75,0.75,0,16,0
ombd_11,2003,W1,omb,wldd,ombd_11,omb_hu,3,-21.23913043,na,na,na,na,na,na,na,na,na,na,na,na,na,na,na,na,na,na,na,na,na,na,na,na,na,na,na,na,na,na,na,na,na,na,na,na,na,na,na,na,na,na,,19,,,79,,,,,,,,,,,,,,,,,,,,,,,,,,,,,,0,0,0,0,0,0,0,0,0,19,79,0,0,0
ombd_12,2003,W1,omb,wldd,ombd_12,omb_hu,3,-21.23913043,0,11,,4,,,,,,,,,2,,,,,,,,,,1,,,,,,,,,2,,2,,,,,,,,,,9.5,,,80.25,,,,,,,,,,,,,,,,,,,,,,,,1.3,,,,0.025,,1,2,4,0,0,4,0.025,1.3,0,9.5,80.25,0,4,0
ombd_13,2003,W1,omb,wldd,ombd_13,omb_hu,3,-21.23913043,na,na,na,na,na,na,na,na,na,na,na,na,na,na,na,na,na,na,na,na,na,na,na,na,na,na,na,na,na,na,na,na,na,na,na,na,na,na,na,na,na,na,,4.25,,,81.25,,,,,,7.75,,,,,,,,,,,,,,,,,,3.75,,,,,,0,0,0,0,0,0,0,3.75,0,4.25,89,0,0,0
ombd_14,2003,W1,omb,wldd,ombd_14,omb_ll,3,-21.23913043,0,56.1,,12,,,,,,,,,,,,0.1,,,,,15,,4,,,,,,,,,25,,,,,,,3,,,,,5.25,,,,,,,,,0.75,,,,,,,,,,,,,,,,,,,,,,,,4,0.1,25,0,0,30,0,0,0,5.25,0.75,0,30,0
ombd_15,2003,W1,omb,wldd,ombd_15,omb_ll,3,-21.23913043,na,na,na,na,na,na,na,na,na,na,na,na,na,na,na,na,na,na,na,na,na,na,na,na,na,na,na,na,na,na,na,na,na,na,na,na,na,na,na,na,na,na,,6,,0.25,1,,,,,,0.025,,,,,,,,,,,,,,,,,,0.125,,,,,,0,0,0,0,0,0,0,0.125,0.25,6,1.025,0,0,0
ombd_16,2003,W2,omb,wldd,ombd_16,omb_hu,3,-21.23913043,0,17,,8,,,,,,,,,,,,,,,,,,,7,,,,,,,,,,,,,,,,3,2,,,,25.5,,,50,,,,,,,,,,,,,,,,,,,,,,,,0.875,,,,,,7,0,0,0,2,11,0,0.875,0,25.5,50,2,11,0
ombd_17,2003,W2,omb,wldd,ombd_17,omb_ll,3,-21.23913043,na,na,na,na,na,na,na,na,na,na,na,na,na,na,na,na,na,na,na,na,na,na,na,na,na,na,na,na,na,na,na,na,na,na,na,na,na,na,na,na,na,na,,4.75,,,,,,,,,1.75,,,,,,,,,,,,,,,,,,,,,,,,0,0,0,0,0,0,0,0,0,4.75,1.75,0,0,0
ombd_18,2003,W2,omb,wldd,ombd_18,omb_ho,3,-21.23913043,0,21.5,,10,,,,,,,,,,,,,,,0.1,,0.5,,5,,,,,,,,,6,,,,,,,1.5,,,,,7.5,,0.5,,,,,,,,,,,,,,,,,,,,,,,,,,,,,,,5,0,6.1,0,0,12,0,0,0.5,7.5,0,0,12,0
ombd_19,2003,W2,omb,wldd,ombd_19,omb_hl,3,-21.23913043,na,na,na,na,na,na,na,na,na,na,na,na,na,na,na,na,na,na,na,na,na,na,na,na,na,na,na,na,na,na,na,na,na,na,na,na,na,na,na,na,na,na,,19.5,,,54.5,1.5,,,,,18.75,,,,,,,,,,,,,,,,,,,,,,,,0,0,0,0,0,0,0,0,0,21,73.25,0,0,0
ombd_20,2003,W2,omb,wldd,ombd_20,omb_hl,3,-21.23913043,0,6.3,,6,,,,,,,,,,,,,,,,,,,0.1,,,,,,,,,,,0.2,,,,,1,,,,,8,,,61.25,2.75,,,,,19,,,,,,,,,,,,,,,,,,,,,,,,0.1,0,0.2,0,0,7,0,0,0,10.75,80.25,0,7,0
ombd_21,2003,X1,omb,wldd,ombd_21,omb_hu,3,-21.23913043,na,na,na,na,na,na,na,na,na,na,na,na,na,na,na,na,na,na,na,na,na,na,na,na,na,na,na,na,na,na,na,na,na,na,na,na,na,na,na,na,na,na,,46.25,,,40.5,2.5,,,,,,,,,,,,,,,,,,,,,,,1.25,,,,,,0,0,0,0,0,0,0,1.25,0,48.75,40.5,0,0,0
ombd_22,2003,X1,omb,wldd,ombd_22,omb_hu,3,-21.23913043,0,48.5,,18,,,,,,,,,,,,0.5,,,,,2,,1,,,,,,,,,10,,,,,,,5,17,,,,13.5,,,83.5,,,,,,,,,,,,,,,,,,,,,,,,,,,,,,1,0.5,10,0,17,25,0,0,0,13.5,83.5,17,25,0
ombd_23,2003,X1,omb,wldd,ombd_23,omb_hl,3,-21.23913043,na,na,na,na,na,na,na,na,na,na,na,na,na,na,na,na,na,na,na,na,na,na,na,na,na,na,na,na,na,na,na,na,na,na,na,na,na,na,na,na,na,na,,18.75,,,46.25,4,,,,,23,,,,,,,,,,,,,,,,,,0.025,,,,,,0,0,0,0,0,0,0,0.025,0,22.75,69.25,0,0,0
ombd_24,2003,X1,omb,wldd,ombd_24,omb_hl,3,-21.23913043,0,57,,20,,,,,,,,,,,,,,,,,7,,5,,,,,,,,,25,,,,,,,7,,,,,30,,,1.5,1,,,,,7.375,,,,,,,,,,,,,,,0.25,,,,,,,,,5,0,25,0,0,34,0,0.25,0,31,8.875,0,34,0
ombd_25,2003,X1,omb,wldd,ombd_25,omb_hu,3,-21.23913043,na,na,na,na,na,na,na,na,na,na,na,na,na,na,na,na,na,na,na,na,na,na,na,na,na,na,na,na,na,na,na,na,na,na,na,na,na,na,na,na,na,na,,24.75,,,5.75,,0.25,,,,11.5,,,,,,,,,,,,,,,,,,,,,,,,0,0,0,0,0,0,0,0,0.25,24.75,17.25,0,0,0
ombd_26,2003,X2,omb,wldd,ombd_26,omb_hl,3,-21.23913043,0,28,,10,,,,,,,,,,,,,,,,,,,17,,,,,,,0.1,,1,,,,,,,20,,,,,25,,,41.75,25,,,,,0.125,,,,,,,,,,,,,,,,,,,,,,,,17,0,1,0,0,30.1,0,0,0,50,41.875,0,30,0.1
ombd_27,2003,X2,omb,wldd,ombd_27,omb_hl,3,-21.23913043,na,na,na,na,na,na,na,na,na,na,na,na,na,na,na,na,na,na,na,na,na,na,na,na,na,na,na,na,na,na,na,na,na,na,na,na,na,na,na,na,na,na,,22.5,,,18.75,0.75,,,,,35,,,,,,,,,,,,,,,,,,,,,,,,0,0,0,0,0,0,0,0,0,23.25,53.75,0,0,0
ombd_28,2003,X2,omb,wldd,ombd_28,omb_ll,3,-21.23913043,1,25.3,,10,,,,,,,,,,,,,,,0.1,,0.3,,10,,,,,,,1,,5,,,,,,,2,,,,,9.25,,,80.25,5,,,,,,,,,,,,,,,,,,,,,,,,,,,5.25,,10,0,5.1,0,0,13.3,5.25,0,0,14.25,80.25,0,12.3,1
ombd_29,2003,X2,omb,wldd,ombd_29,omb_ho,3,-21.23913043,na,na,na,na,na,na,na,na,na,na,na,na,na,na,na,na,na,na,na,na,na,na,na,na,na,na,na,na,na,na,na,na,na,na,na,na,na,na,na,na,na,na,,11,,,72.5,,0.25,,,,4,,,,,,,,,,,,,,,,,,,,,,2.75,,0,0,0,0,0,0,2.75,0,0.25,11,76.5,0,0,0
ombd_30,2003,X2,omb,wldd,ombd_30,omb_hl,3,-21.23913043,0,38.1,,12,,,,,,,,,,,,0.1,,,,,1,,,,,,,,,,,15,,,,,,,0.5,10,,,,14.75,,,66.5,12.5,,,,,,,,,,,,,,,,,,,,,,,,,,,,,0,0.1,15,0,10,13.5,0,0,0,27.25,66.5,10,13.5,0
ombd_31,2003,Y1,omb,wldd,ombd_31,omb_hl,3,-21.23913043,na,na,na,na,na,na,na,na,na,na,na,na,na,na,na,na,na,na,na,na,na,na,na,na,na,na,na,na,na,na,na,na,na,na,na,na,na,na,na,na,na,na,,13,,,17,1.45,,,,,59.25,,,,,,,,,,,,,,,,,,0.375,,,,,,0,0,0,0,0,0,0,0.375,0,14.45,76.25,0,0,0
ombd_32,2003,Y1,omb,wldd,ombd_32,omb_hl,3,-21.23913043,0,70,,20,,,,,,,,,,,,,,,,,10,,10,,,,,,,,,15,,,,,,,2,15,,,,7,,,84,0.75,,,,,7,,,,,,,,,,,,,,,,,,,,,,,,10,0,15,0,15,32,0,0,0,7.75,91,15,32,0
ombd_33,2003,Y1,omb,wldd,ombd_33,omb_hl,3,-21.23913043,na,na,na,na,na,na,na,na,na,na,na,na,na,na,na,na,na,na,na,na,na,na,na,na,na,na,na,na,na,na,na,na,na,na,na,na,na,na,na,na,na,na,,33,,,8.75,10,,,,,30.75,,,,,,,,,,,,,,,,,,0.25,,,,,,0,0,0,0,0,0,0,0.25,0,43,39.5,0,0,0
ombd_34,2003,Y1,omb,wldd,ombd_34,omb_hl,3,-21.23913043,0,36,,10,,,,,,,,,,,,,,,1,,2,,4,,,,,,,,,20,,,,,,,2,,,,,40.25,,,14.25,3.75,,,,,34,,,,,,,,,,,,,,,,,,1,,,,,,4,0,21,0,0,14,0,1,0,44,48.25,0,14,0
ombd_35,2003,Y1,omb,wldd,ombd_35,omb_hl,3,-21.23913043,na,na,na,na,na,na,na,na,na,na,na,na,na,na,na,na,na,na,na,na,na,na,na,na,na,na,na,na,na,na,na,na,na,na,na,na,na,na,na,na,na,na,,21,,,16.5,3.5,,,,,52.25,,,,,,,,,,,,,,,,,,0.4,,,,,,0,0,0,0,0,0,0,0.4,0,24.5,68.75,0,0,0
ombd_36,2003,Y2,omb,wldd,ombd_36,omb_hu,3,-21.23913043,1,23,,12,,,,,,,,,,,,,,,,,,,6,,,,,,,1,,5,,,,,,,7.5,,,,,7.25,,,87.25,,,,,,,,,,,,,,,,,,,,,,,,0.775,,,,,,6,0,5,0,0,20.5,0,0.775,0,7.25,87.25,0,19.5,1
ombd_37,2003,Y2,omb,wldd,ombd_37,omb_hu,3,-21.23913043,na,na,na,na,na,na,na,na,na,na,na,na,na,na,na,na,na,na,na,na,na,na,na,na,na,na,na,na,na,na,na,na,na,na,na,na,na,na,na,na,na,na,,3.5,,,76,,,,,,,,,,,,,,,,,,,,,,,,0.525,,,,,,0,0,0,0,0,0,0,0.525,0,3.5,76,0,0,0
ombd_38,2003,Y2,omb,wldd,ombd_38,omb_hu,3,-21.23913043,0,52,,5,,,,,,,,,,,,,,,0.5,,17,,10,,,,,,,,,3,,,,,,,5,17,,,,28.25,,,72.25,0.125,,,,,,,,,,,,,,,,,,,,,,,,,,,,,10,0,3.5,0,17,27,0,0,0,28.375,72.25,17,27,0
ombd_39,2003,Y2,omb,wldd,ombd_39,omb_hu,3,-21.23913043,na,na,na,na,na,na,na,na,na,na,na,na,na,na,na,na,na,na,na,na,na,na,na,na,na,na,na,na,na,na,na,na,na,na,na,na,na,na,na,na,na,na,,5,,,93.5,,,,,,0.25,,,,,,,,,,,,,,,,,,0.05,,,,,,0,0,0,0,0,0,0,0.05,0,5,93.75,0,0,0
ombd_40,2003,Y2,omb,wldd,ombd_40,omb_ho,3,-21.23913043,0,34,,17,,,,,,,,,,,,,,,,,3,,4,,,,,,,,,9,,,,,,,4,1,,,,89,,0.125,0.5,1.5,,,,,,,,,,,,,,,,,,,,4.025,,,,,,,,,4,0,9,0,1,24,0,4.025,0.125,90.5,0.5,1,24,0
mesc_01,2009,I1,mes,ctr,mesc_1,min_hl,0,-5,na,na,na,na,na,na,na,na,na,na,na,na,na,na,na,na,na,na,na,na,na,na,na,na,na,na,na,na,na,na,na,na,na,na,na,na,na,na,na,na,na,na,53.75,,,,,,,,,,,,,,,,,,,,,,,,,,,,,,,,,,0,0,0,0,0,0,0,0,0,53.75,0,0,0,0
mesc_02,2009,I1,mes,ctr,mesc_2,min_hl,0,-5,0,44.6,,10,,,,,,,,0.1,,,,0.5,,,,,22,,9,,,,,3,,,,,,,,,,,11,,,,41.25,,,,,,,,,,,,,,,,,,,,,,0.15,,,,,,,,,,,,9,0.6,3,0,0,43,0,0.15,0,41.25,0,0,43,0
mesc_03,2009,I1,mes,ctr,mesc_3,mes_l,0,-5,na,na,na,na,na,na,na,na,na,na,na,na,na,na,na,na,na,na,na,na,na,na,na,na,na,na,na,na,na,na,na,na,na,na,na,na,na,na,na,na,na,na,9.75,,,,,,,,,,,,,,,,,,,,,,,,,,,,,,,,,,0,0,0,0,0,0,0,0,0,9.75,0,0,0,0
mesc_04,2009,I1,mes,ctr,mesc_4,mes_l,0,-5,0,21,,3,,,,,,,,7,,,,,,,1.5,,,,,,,,,8,,,3,,,,,,,,3,,,,7.25,,,,,,,,,,,,,,,,,,,0.75,,,,,,,,,,,,,4.25,,0,7,12.5,0,0,6,5,0,0,7.25,0,0,6,0
mesc_05,2009,I1,mes,ctr,mesc_5,mes_l,0,-5,na,na,na,na,na,na,na,na,na,na,na,na,na,na,na,na,na,na,na,na,na,na,na,na,na,na,na,na,na,na,na,na,na,na,na,na,na,na,na,na,na,na,0.25,,,,,,,,,,,,,,0.125,,,,,,,,,,,,,,,,,,,,0,0,0,0,0,0,0,0,0.125,0.25,0,0,0,0
mesc_06,2009,I2,mes,ctr,mesc_6,oli_l,0,-5,0,15.01,,3,,,,,,,,2,,,,,,,,,10,0.01,,,,,,,,,,,,,,,,,2,,,,22.5,,,,,18.25,,,,,,,,,,,,,,,,,,,,,,,,,,,,,0,2.01,0,0,0,15,0,0,0,40.75,0,0,15,0
mesc_07,2009,I2,mes,ctr,mesc_7,oli_l,0,-5,na,na,na,na,na,na,na,na,na,na,na,na,na,na,na,na,na,na,na,na,na,na,na,na,na,na,na,na,na,na,na,na,na,na,na,na,na,na,na,na,na,na,36.25,,,,,28,,,,,,,,,,,,,,,,,,,,0.025,,,,,,,,,0,0,0,0,0,0,0,0.025,0,64.25,0,0,0,0
mesc_08,2009,I2,mes,ctr,mesc_8,oli_l,0,-5,1,6.21,,6,3,,,,,,,0.01,,,,,0.1,,,,,0.1,,,,,,,,1,,,,,,,,,15,,,,11.375,,,,,7.875,,,,,,,,,,,,,,0.75,,,,,,,,,,,,,,,0,0.21,0,0,3,22,0.75,0,0,19.25,0,3,21,1
mesc_09,2009,I2,mes,ctr,mesc_9,mes_ho,0,-5,na,na,na,na,na,na,na,na,na,na,na,na,na,na,na,na,na,na,na,na,na,na,na,na,na,na,na,na,na,na,na,na,na,na,na,na,na,na,na,na,na,na,,,,,,,,,,,,,,,,,,,,,,,,,,,,,,,,,,,0,0,0,0,0,0,0,0,0,0,0,0,0,0
mesc_10,2009,I2,mes,ctr,mesc_10,oli_l,0,-5,0,3.6,,2,,,,,,,,1,,,,,,,,,,0.5,,,,,,,,,,,,,0.1,,,,1,,,,,,,,,1.75,,,,,,,,,,,,,,5,,,,,,,,,,0.25,,,,,0.1,1.5,0,0,0,3,5.25,0,0,1.75,0,0,3,0
mesc_11,2009,J1,mes,ctr,mesc_11,min_hl,0,-5,na,na,na,na,na,na,na,na,na,na,na,na,na,na,na,na,na,na,na,na,na,na,na,na,na,na,na,na,na,na,na,na,na,na,na,na,na,na,na,na,na,na,21.25,,,,,,,,,,,,,,,,,,,,,,,,,,,,,,,,,,0,0,0,0,0,0,0,0,0,21.25,0,0,0,0
mesc_12,2009,J1,mes,ctr,mesc_12,mes_ho,0,-5,0,5.1,,0.1,,,,,,,,3,,,,,2,,,,,,,,,,,,,,,,,,,,,,1,,,,50.5,,,,,,,,,,,,,,,,,,,,,,,,,,,,,,,,,,0,5,0,0,0,1.1,0,0,0,50.5,0,0,1.1,0
mesc_13,2009,J1,mes,ctr,mesc_13,min_hl,0,-5,na,na,na,na,na,na,na,na,na,na,na,na,na,na,na,na,na,na,na,na,na,na,na,na,na,na,na,na,na,na,na,na,na,na,na,na,na,na,na,na,na,na,0.75,,,,,,,,,,,,,,,,,,,,,,,,,,,,,6.5,,,1.75,,0,0,0,0,0,0,8.25,0,0,0.75,0,0,0,0
mesc_14,2009,J1,mes,ctr,mesc_14,mes_l,0,-5,0,15,,3,,,,,,,,5,,,,,,,,,,,,,,,,6,,,1,,,,,,,,1,,,,4.25,,,,,,,,,,,,,,,,,,,,,,,,,,,,,,,,,,0,5,7,0,0,4,0,0,0,4.25,0,0,4,0
mesc_15,2009,J1,mes,ctr,mesc_15,oli_l,0,-5,na,na,na,na,na,na,na,na,na,na,na,na,na,na,na,na,na,na,na,na,na,na,na,na,na,na,na,na,na,na,na,na,na,na,na,na,na,na,na,na,na,na,5,,,,,73.75,,,,,,,,,,,,,,,,,,,,,,,,,,,,,0,0,0,0,0,0,0,0,0,78.75,0,0,0,0
mesc_16,2009,J2,mes,ctr,mesc_16,mes_l,0,-5,0,8.1,,2,0.1,,,,,,,2,,,,,0.1,,,,,,,,,,,1,,,,,,,3,,,,1,,,,72.75,,,,,,,,,,,,,,,,,,,0.5,,,,,,,,,,,,,,,3,2.1,1,0,0.1,3,0.5,0,0,72.75,0,0.1,3,0
mesc_17,2009,J2,mes,ctr,mesc_17,oli_l,0,-5,na,na,na,na,na,na,na,na,na,na,na,na,na,na,na,na,na,na,na,na,na,na,na,na,na,na,na,na,na,na,na,na,na,na,na,na,na,na,na,na,na,na,8,,,,,20.5,,,,,,,,,,,,,,0.25,,,0.025,,,,,,,0.025,,,,,0,0,0,0,0,0,0.275,0.025,0,28.5,0,0,0,0
mesc_18,2009,J2,mes,ctr,mesc_18,min_hl,0,-5,0,10,,5,,,,,,,,4,,,,,,,0.1,,,,,,,,,,,,,,,,1,,,,1.5,,,,,,,,,,,,,,,,,,,,,,,,,,,,,,,,,,,,,,1,4,0.1,0,0,6.5,0,0,0,0,0,0,6.5,0
mesc_19,2009,J2,mes,ctr,mesc_19,mes_ho,0,-5,na,na,na,na,na,na,na,na,na,na,na,na,na,na,na,na,na,na,na,na,na,na,na,na,na,na,na,na,na,na,na,na,na,na,na,na,na,na,na,na,na,na,,,,,,,,,,,,,,,,,,,,,,,,,,,,,,,,,,,0,0,0,0,0,0,0,0,0,0,0,0,0,0
mesc_20,2009,J2,mes,ctr,mesc_20,mes_ho,0,-5,0,8.5,,1,0.5,,,,,,,7,,,,,,,,,0.5,,,,,,,,,,,,,,,,,,,,,,,,,,,,,,,,,,,,,,,,,,,,,,,,0.275,,,,,,,,0,7,0,0,0.5,1.5,0,0.275,0,0,0,0.5,1.5,0
mesc_21,2009,K,mes,ctr,mesc_21,mes_l,0,-5,na,na,na,na,na,na,na,na,na,na,na,na,na,na,na,na,na,na,na,na,na,na,na,na,na,na,na,na,na,na,na,na,na,na,na,na,na,na,na,na,na,na,8.75,,,,,,,,,,,,,,,,,,,,,,,,,,0.15,,,,,,,,0,0,0,0,0,0,0,0.15,0,8.75,0,0,0,0
mesc_22,2009,K,mes,ctr,mesc_22,mes_l,0,-5,0,9.5,,0.5,,,,,,,,7,,,,,2,,,,,,,,,,,,,,,,,,,,0.5,,0.5,,,,4.5,,,,,,,,,,,,,,,,,,,,,,,,,,,,,,,,,,0,9,0.5,0,0,1,0,0,0,4.5,0,0,1,0
mesc_23,2009,K,mes,ctr,mesc_23,mes_ho,0,-5,na,na,na,na,na,na,na,na,na,na,na,na,na,na,na,na,na,na,na,na,na,na,na,na,na,na,na,na,na,na,na,na,na,na,na,na,na,na,na,na,na,na,,,,,,,,,,1.875,,,,,,,,,,,,,,,,,6.25,,,,,,,,0,0,0,0,0,0,0,6.25,0,1.875,0,0,0,0
mesc_24,2009,K,mes,ctr,mesc_24,mes_ho,0,-5,0,23.5,,15,,,,,,,,5,,,,,0.5,,,,,,,,,,,2,,,1,,,,,,,,1.5,,,,0.25,,,,,,,,,0.25,,,,,,,,,,,,,,,,0.125,,,,,,,,,0,5.5,3,0,0,16.5,0,0.125,0,0.5,0,0,16.5,0
mesc_25,2009,K,mes,ctr,mesc_25,omb_hu,0,-5,na,na,na,na,na,na,na,na,na,na,na,na,na,na,na,na,na,na,na,na,na,na,na,na,na,na,na,na,na,na,na,na,na,na,na,na,na,na,na,na,na,na,4,,,,66,,,,,,,,,,,,,,,0.75,,,,,,,,,,,,,,,0,0,0,0,0,0,0.75,0,0,4,66,0,0,0
mesc_26,2009,L,mes,ctr,mesc_26,mes_l,0,-5,0,8,,0.5,5,,,,,,,1.5,,,,,1,,,,,,,,,,,,,,5,,,,,,,,1,,,,5.75,,,,,,,,,,,,,,,,,,,,,,,,,,0.025,,,,,,,,0,2.5,5,0,5,1.5,0,0.025,0,5.75,0,5,1.5,0
mesc_27,2009,L,mes,ctr,mesc_27,min_hl,0,-5,na,na,na,na,na,na,na,na,na,na,na,na,na,na,na,na,na,na,na,na,na,na,na,na,na,na,na,na,na,na,na,na,na,na,na,na,na,na,na,na,na,na,9,,,,,,,,,,,,,,,,,,,,,,,,,,,,,,,,,,0,0,0,0,0,0,0,0,0,9,0,0,0,0
mesc_28,2009,L,mes,ctr,mesc_28,mes_ho,0,-5,0,7,,2,,,,,,,,2,,,,,3,,,,,,,,,,,,,,,,,,,,,,3,,,,,,,,,,,,,,,,,,,,,,,,,,,,,,13.75,,,,,,,,0,5,0,0,0,5,0,13.75,0,0,0,0,5,0
mesc_29,2009,L,mes,ctr,mesc_29,mes_ho,0,-5,na,na,na,na,na,na,na,na,na,na,na,na,na,na,na,na,na,na,na,na,na,na,na,na,na,na,na,na,na,na,na,na,na,na,na,na,na,na,na,na,na,na,0.5,,,,,,,,,1.5,,,,,,,,,,,,,,,,,4,0.5,,,,,,,0,0,0,0,0,0,0,4.5,0,2,0,0,0,0
mesc_30,2009,L,mes,ctr,mesc_30,min_hl,0,-5,0,5.11,,,2,,,,,,,5,,,,,0.1,,,,,0.01,,,,,,,,,,,,,,,,,1,,,,6.5,,,,,,,,,,,,,,,,,,,0.25,,,,,,,,,,1.75,,,,,0,5.11,0,0,2,1,2,0,0,6.5,0,2,1,0
mesc_31,2009,M1,mes,ctr,mesc_31,oli_l,0,-5,na,na,na,na,na,na,na,na,na,na,na,na,na,na,na,na,na,na,na,na,na,na,na,na,na,na,na,na,na,na,na,na,na,na,na,na,na,na,na,na,na,na,3.75,,,,,27,,,,,,,,,,,,,,2,,,,,,,,,,,,,,,0,0,0,0,0,0,2,0,0,30.75,0,0,0,0
mesc_32,2009,M1,mes,ctr,mesc_32,omb_hu,0,-5,0,6.1,,,3,,,,,,,5,,,,,0.1,,,,1,,,,,,,,,,,,,,,,,,0.01,,,,4,,,,14.5,15.75,,,,,,,,,,,,,,,,,,,,0.025,,,,,,,16.25,,0,5.1,0,0,3,1.01,16.25,0.025,0,19.75,14.5,3,1.01,0
mesc_33,2009,M1,mes,ctr,mesc_33,omb_hu,0,-5,na,na,na,na,na,na,na,na,na,na,na,na,na,na,na,na,na,na,na,na,na,na,na,na,na,na,na,na,na,na,na,na,na,na,na,na,na,na,na,na,na,na,5,,,,5.75,18,,,,,,,,,,,,,,,,,,,,,,,,,,,10,,0,0,0,0,0,0,10,0,0,23,5.75,0,0,0
mesc_34,2009,M1,mes,ctr,mesc_34,min_hl,0,-5,2,12,,3,3,,,,,,,1,,,,,,,,,2,,,,,,,6,,2,,,,,,,,,1,,,,22.75,,,,,1,,,,,,,,,,,,,,2.25,,,,,,,,,,0.275,,,,,0,1,6,0,3,8,2.525,0,0,23.75,0,3,6,2
mesc_35,2009,M1,mes,ctr,mesc_35,mes_l,0,-5,na,na,na,na,na,na,na,na,na,na,na,na,na,na,na,na,na,na,na,na,na,na,na,na,na,na,na,na,na,na,na,na,na,na,na,na,na,na,na,na,na,na,3.75,,,,,,,,,,,,,,,,,,,0.5,,,,,,0.4,,,,,,,,,0,0,0,0,0,0,0.5,0.4,0,3.75,0,0,0,0
mesc_36,2009,M2,mes,ctr,mesc_36,mes_ho,0,-5,0,7,,1,10,,,,,,,5,,,,,1,,,,,,,,,,,,,0.01,,,,,,,,,0.5,,,,10.5,,,,,,,,,,,,,,,,5,,,,,,,,,2.5,,,,,,,,,0,6,0,0,10,1.51,0,2.5,0,15.5,0,10,1.5,0.01
mesc_37,2009,M2,mes,ctr,mesc_37,mes_l,0,-5,na,na,na,na,na,na,na,na,na,na,na,na,na,na,na,na,na,na,na,na,na,na,na,na,na,na,na,na,na,na,na,na,na,na,na,na,na,na,na,na,na,na,3.25,,,,,,,,,,,,,,,,0.75,,,,,,,,,0.125,,,,,,,,,0,0,0,0,0,0,0,0.125,0,4,0,0,0,0
mesc_38,2009,M2,mes,ctr,mesc_38,mes_ho,0,-5,0,10.5,,1,,,,,,,,1.5,,,,,5,,,,,,,,,,,,,,3,,,,,,,,1,,,,0.25,,,,,,,,,,,,,,,,,,,,,,,,,1.625,9.025,,,,,,,,0,6.5,3,0,0,2,0,10.65,0,0.25,0,0,2,0
mesc_39,2009,M2,mes,ctr,mesc_39,min_hl,0,-5,na,na,na,na,na,na,na,na,na,na,na,na,na,na,na,na,na,na,na,na,na,na,na,na,na,na,na,na,na,na,na,na,na,na,na,na,na,na,na,na,na,na,10.75,,,,,,,,,,,,,,,,,,,0.25,,,,,,,,,,17,,,0.75,,0,0,0,0,0,0,18,0,0,10.75,0,0,0,0
mesc_40,2009,M2,mes,ctr,mesc_40,min_hl,0,-5,0,4.5,,1,,,,,,,,3,,,,,0.5,,,,,,,,,,,,,,,,,,,,,,0.5,,,,21.75,,,,70.75,5.25,,,,,,,,,,,,,,1,,,,,,,,,2.875,,,,,,0,3.5,0,0,0,1.5,1,2.875,0,27,70.75,0,1.5,0
mesf_01,2009,R1,mes,fst,mesf_1,,48,-47.625,na,na,na,na,na,na,na,na,na,na,na,na,na,na,na,na,na,na,na,na,na,na,na,na,na,na,na,na,na,na,na,na,na,na,na,na,na,na,na,na,na,na,3.75,,,,,1.75,,,,,,,,,,,,,,,,,,,,,,,,,,66.25,,,0,0,0,0,0,0,66.25,0,0,5.5,0,0,0,0
mesf_02,2009,R1,mes,fst,mesf_2,,48,-47.625,0,5,,,,,,,,,,,,,,,,,,,,,,,,,,,,0.5,,,,,,,,,15,,5,,1.75,,,,,0.25,,,,,,,,,,,,,,0.25,,,,,,,,,,6.25,,0.25,9.75,,0,0,0,0,0,20.5,16.5,0,0,2,0,0,20,0.5
mesf_03,2009,R1,mes,fst,mesf_3,,48,-47.625,na,na,na,na,na,na,na,na,na,na,na,na,na,na,na,na,na,na,na,na,na,na,na,na,na,na,na,na,na,na,na,na,na,na,na,na,na,na,na,na,na,na,2.5,,,,,,,,,,,,,,,,,,,2.75,,,,,,,,,,,,9.25,1,,0,0,0,0,0,0,13,0,0,2.5,0,0,0,0
mesf_04,2009,R1,mes,fst,mesf_4,,48,-47.625,0,5.5,,,,,,,,,,,,,,,,,,,5,,0.5,,,,,,,,,,,,,,,,,,,,15.75,,,,,8,,,,,,,,,,,,,,,,,,,,,,,,0.25,,3.5,1,,0.5,0,0,0,0,5,4.75,0,0,23.75,0,0,5,0
mesf_05,2009,R1,mes,fst,mesf_5,,48,-47.625,na,na,na,na,na,na,na,na,na,na,na,na,na,na,na,na,na,na,na,na,na,na,na,na,na,na,na,na,na,na,na,na,na,na,na,na,na,na,na,na,na,na,15.75,,,,,,,,,,,55.5,,,,,,,,,,,,,,,,,,0.125,,8.75,0.75,,0,0,0,0,0,0,9.625,0,0,71.25,0,0,0,0
mesf_06,2009,R2,mes,fst,mesf_6,,48,-47.625,0,2.5,,,,,,2,,,,,,,,,,,,,,,0.5,,,,,,,,,,,,,,,,,,,,1,,,,,,,,,,,,,,,,,,,2.25,,,,,0.25,,,,,0.25,,23.5,1,,0.5,2,0,0,0,0,27.25,0,0,1,0,0,0,0
mesf_07,2009,R2,mes,fst,mesf_7,,48,-47.625,na,na,na,na,na,na,na,na,na,na,na,na,na,na,na,na,na,na,na,na,na,na,na,na,na,na,na,na,na,na,na,na,na,na,na,na,na,na,na,na,na,na,0.5,,1.25,,,,,,,,,1.25,,,,,,,,,,,,,,,,,,45,,4.25,,,0,0,0,0,0,0,49.25,0,0,1.75,1.25,0,0,0
mesf_08,2009,R2,mes,fst,mesf_8,,48,-47.625,0,2,,,,,,,,,,,,,,,,,,,,,1,,,,,,,,,,,,,,,,,,1,,1.25,,,,,,,,,,,16,,,,,,,,,,,,,1.75,,,,,1.75,,11.5,,,1,0,0,0,0,1,15,0,0,17.25,0,0,1,0
mesf_09,2009,R2,mes,fst,mesf_9,,48,-47.625,na,na,na,na,na,na,na,na,na,na,na,na,na,na,na,na,na,na,na,na,na,na,na,na,na,na,na,na,na,na,na,na,na,na,na,na,na,na,na,na,na,na,0.5,,,,,27.5,,,,,,52,,,,,,,,,,,,,,,,,,,,3.25,,,0,0,0,0,0,0,3.25,0,0,80,0,0,0,0
mesf_10,2009,R2,mes,fst,mesf_10,,48,-47.625,2,8.1,,,,2,,0.1,,,,,,,,,,,,,,,,,,,,,,,,,,,,,,,,,8,,,,,,,,,,,,,,,,,,,,,1.5,,,,,1.25,,,,,1.375,,,,,0,0.1,0,0,2,8,4.125,0,0,0,0,0,8,2
mesf_11,2009,S1,mes,fst,mesf_11,,48,-47.625,na,na,na,na,na,na,na,na,na,na,na,na,na,na,na,na,na,na,na,na,na,na,na,na,na,na,na,na,na,na,na,na,na,na,na,na,na,na,na,na,na,na,17.5,,,,,18.25,,,,,,31.75,,,,,,,,,,,,,,,,,,0.5,,,2.75,,0,0,0,0,0,0,3.25,0,0,67.5,0,0,0,0
mesf_12,2009,S1,mes,fst,mesf_12,,48,-47.625,5,16.5,,,,,,,,,,,,,,,,,,5,,,,,,,,,5,,,,,,,,,11,1,,0.5,,13.25,,,,,0.75,,,,,,19.725,,,,,,,,0.25,,,,,1.75,,,,,0.025,,7.75,1.25,,0,0,5,0,11,6.5,11.025,0,0,33.725,0,11,1.5,5
mesf_13,2009,S1,mes,fst,mesf_13,,48,-47.625,na,na,na,na,na,na,na,na,na,na,na,na,na,na,na,na,na,na,na,na,na,na,na,na,na,na,na,na,na,na,na,na,na,na,na,na,na,na,na,na,na,na,1.25,,,,,,,,,,,0.375,,,,,,,,,,,,,,,,,,22.25,,21.25,0.75,,0,0,0,0,0,0,44.25,0,0,1.625,0,0,0,0
mesf_14,2009,S1,mes,fst,mesf_14,,48,-47.625,0,2,,,,,,,0.5,,,,,,,0.5,,,,,,,1,,,,,,,,,,,,,,,,1,,,,0.75,,,,,,,,,,,3,,,,,,,,,,,,,16.375,,,,,5.5,,,,,1,1,0,0,0,1,21.875,0,0,3.75,0,0,1,0
mesf_15,2009,S1,mes,fst,mesf_15,,48,-47.625,na,na,na,na,na,na,na,na,na,na,na,na,na,na,na,na,na,na,na,na,na,na,na,na,na,na,na,na,na,na,na,na,na,na,na,na,na,na,na,na,na,na,7.25,,,,,,,,,,,7,,,,,,,,,,,,,,,,,,1.5,,,1,,0,0,0,0,0,0,2.5,0,0,14.25,0,0,0,0
mesf_16,2009,S2,mes,fst,mesf_16,,48,-47.625,0,2.5,,,,,,,,,,,,,,2,,,,,,,0.5,,,,,,,,,,,,,,,,,,,,7.75,,,,5,0.5,,,,,,1.125,,,,,,,,,,,,,1.775,,,,,0.75,,,0.5,,0.5,2,0,0,0,0,3.025,0,0,9.375,5,0,0,0
mesf_17,2009,S2,mes,fst,mesf_17,,48,-47.625,na,na,na,na,na,na,na,na,na,na,na,na,na,na,na,na,na,na,na,na,na,na,na,na,na,na,na,na,na,na,na,na,na,na,na,na,na,na,na,na,na,na,,,,,,,,,,,,0.675,,,,,,,,,,,,,18.5,,,,,3.125,,,,,0,0,0,0,0,0,21.625,0,0,0.675,0,0,0,0
mesf_18,2009,S2,mes,fst,mesf_18,,48,-47.625,0,8.2,,0.1,,,,,3,,,,,,,0.1,,,,,,,3,,,,,,,,,,,,,,,,,,2,,,,,,,,,,,,,8.25,,,,,,,,,,,,,5,,,,,1.25,,,,,3,3.1,0,0,0,2.1,6.25,0,0,8.25,0,0,2.1,0
mesf_19,2009,S2,mes,fst,mesf_19,,48,-47.625,na,na,na,na,na,na,na,na,na,na,na,na,na,na,na,na,na,na,na,na,na,na,na,na,na,na,na,na,na,na,na,na,na,na,na,na,na,na,na,na,na,na,,,,,,,,,,,,60,,,,,,,,,,,,,0.5,,,,,,,,,,0,0,0,0,0,0,0.5,0,0,60,0,0,0,0
mesf_20,2009,S2,mes,fst,mesf_20,,48,-47.625,0,7,,,,,,,,,,,,,,,,,,,,,,,,,,,,,,,,,,,,,0.1,,7,,,,3.75,,,0.75,,,,,,21.75,,,,,,,,1.25,,,,,,,,,,,,,,,0,0,0,0,0,7.1,1.25,0,0,22.5,3.75,0,7.1,0
mesd_01,2009,N1,mes,wldd,mesd_1,mes_ho,9,-20.28571429,na,na,na,na,na,na,na,na,na,na,na,na,na,na,na,na,na,na,na,na,na,na,na,na,na,na,na,na,na,na,na,na,na,na,na,na,na,na,na,na,na,na,1.25,,,,,,,,,,,,,,,,,,,,,,,,,,,,,1,,,2,,0,0,0,0,0,0,3,0,0,1.25,0,0,0,0
mesd_02,2009,N1,mes,wldd,mesd_2,mes_ho,9,-20.28571429,1.5,12,,,30,,,,,,,10,,,,,2,,,,,,,,,,,,1,0.5,,,,,,,,,20,,,,1.25,,,,,1,,,,,,,,,,,,,,,,,,,,,,,,1.375,,,3.75,,0,12,0,0,30,21.5,5.125,0,0,2.25,0,30,20,1.5
mesd_03,2009,N1,mes,wldd,mesd_3,min_hl,9,-20.28571429,na,na,na,na,na,na,na,na,na,na,na,na,na,na,na,na,na,na,na,na,na,na,na,na,na,na,na,na,na,na,na,na,na,na,na,na,na,na,na,na,na,na,,,,,,,,,,,,,,,,,,,,,,,,,,,,,,0.55,,,0.75,,0,0,0,0,0,0,1.3,0,0,0,0,0,0,0
mesd_04,2009,N1,mes,wldd,mesd_4,mes_l,9,-20.28571429,0,15,,7,10,,,,,,,,,,,,,,,,4,,4,,,,,,,,,,,,,,,,5,,,,,,,,,,,,,,,,,,,,,,,,,,,,,,,,,0.25,,,,,4,0,0,0,10,16,0.25,0,0,0,0,10,16,0
mesd_05,2009,N1,mes,wldd,mesd_5,mes_ho,9,-20.28571429,na,na,na,na,na,na,na,na,na,na,na,na,na,na,na,na,na,na,na,na,na,na,na,na,na,na,na,na,na,na,na,na,na,na,na,na,na,na,na,na,na,na,3.5,,,,,,,,,,,,,,,,,,,,,,,,,,,,,0.025,,,,,0,0,0,0,0,0,0.025,0,0,3.5,0,0,0,0
mesd_06,2009,N2,mes,wldd,mesd_6,oli_l,9,-20.28571429,23,2.03,,,7,20,,,,,0.01,0.01,,,,,,,,,,,0.01,,,,2,,,,,,3,,,,,,7,,,,,,,,,,,,,,,,,,,,,,,,,,,,,,,,,,,,,,0.01,0.02,2,0,30,7,0,0,0,0,0,10,7,20
mesd_07,2009,N2,mes,wldd,mesd_7,omb_hu,9,-20.28571429,na,na,na,na,na,na,na,na,na,na,na,na,na,na,na,na,na,na,na,na,na,na,na,na,na,na,na,na,na,na,na,na,na,na,na,na,na,na,na,na,na,na,,,,,,,,,,,,,,,,,,,,3,,,,,,,,,,,,,,,0,0,0,0,0,0,3,0,0,0,0,0,0,0
mesd_08,2009,N2,mes,wldd,mesd_8,min_hl,9,-20.28571429,0,11.01,,,7,,,,0.01,,,,,,,,,,,,10,,,,,,,,,,,,,,,,,,25,,,1,2,,,,,,,,,,,,,,,,,,,3,,,,,0.025,,,,,0.275,,,,,0,0.01,1,0,7,35,3.3,0,0,2,0,7,35,0
mesd_09,2009,N2,mes,wldd,mesd_9,mes_l,9,-20.28571429,na,na,na,na,na,na,na,na,na,na,na,na,na,na,na,na,na,na,na,na,na,na,na,na,na,na,na,na,na,na,na,na,na,na,na,na,na,na,na,na,na,na,2.5,,,,,,,,,,,,,,,,,,,2.5,,,,,,,,,,,,,,,0,0,0,0,0,0,2.5,0,0,2.5,0,0,0,0
mesd_10,2009,N2,mes,wldd,mesd_10,oli_l,9,-20.28571429,2,14.02,,,15,,,,,,,0.01,,,,,,,,,7,,0.01,,,,,,,2,,,,,,,,,5,7,,,,,,,,,,,,,,,,,,,,,,,,,,,,,,,,,,,,,0.01,0.01,0,0,22,14,0,0,0,0,0,22,12,2
mesd_11,2009,O1,mes,wldd,mesd_11,min_hl,9,-20.28571429,na,na,na,na,na,na,na,na,na,na,na,na,na,na,na,na,na,na,na,na,na,na,na,na,na,na,na,na,na,na,na,na,na,na,na,na,na,na,na,na,na,na,,,,,,,,,,,,,,,,,,,,0.25,,,0.25,,,,,,,6,,,,,0,0,0,0,0,0,6.25,0.25,0,0,0,0,0,0
mesd_12,2009,O1,mes,wldd,mesd_12,mes_ho,9,-20.28571429,90,2,,,,90,,,,,,,,,,,2,,,,,,,,,,,,,,,,,,,,,,0.5,,,,,,,,,,,,,,,,,,,,,,,,,,,,,,,,,,,,,,0,2,0,0,90,0.5,0,0,0,0,0,0,0.5,90
mesd_13,2009,O1,mes,wldd,mesd_13,oli_l,9,-20.28571429,na,na,na,na,na,na,na,na,na,na,na,na,na,na,na,na,na,na,na,na,na,na,na,na,na,na,na,na,na,na,na,na,na,na,na,na,na,na,na,na,na,na,0.25,,,,,,,,,,,,,,,,,,,0.25,,,,,,,,,,,,,,,0,0,0,0,0,0,0.25,0,0,0.25,0,0,0,0
mesd_14,2009,O1,mes,wldd,mesd_14,mes_ho,9,-20.28571429,20,9.5,,,10,20,,,,,,0.5,,,,,,,,,3,,,,,,1,,,,5,,,,,,,,3,,,,,,,,,,,,,,,,,,,,,,,,,,,,,,,,,,,,,,0,0.5,6,0,30,6,0,0,0,0,0,10,6,20
mesd_15,2009,O1,mes,wldd,mesd_15,mes_l,9,-20.28571429,na,na,na,na,na,na,na,na,na,na,na,na,na,na,na,na,na,na,na,na,na,na,na,na,na,na,na,na,na,na,na,na,na,na,na,na,na,na,na,na,na,na,4.75,,,,,,,,,,,,,,,,0.75,,,1.75,,,,,,,,,,1.5,,,,,0,0,0,0,0,0,3.25,0,0,5.5,0,0,0,0
mesd_16,2009,O2,mes,wldd,mesd_16,mes_l,9,-20.28571429,0,5.1,,,20,,,,,,2,0.1,,,,,,,,,,,,,,,2,,,,,,,,,,,,10,,,1,0.75,,,,,,,,,,,,,,,,,,,,,,,,,,,,,1.3,,,,,0,2.1,3,0,20,10,1.3,0,0,0.75,0,20,10,0
mesd_17,2009,O2,mes,wldd,mesd_17,mes_l,9,-20.28571429,na,na,na,na,na,na,na,na,na,na,na,na,na,na,na,na,na,na,na,na,na,na,na,na,na,na,na,na,na,na,na,na,na,na,na,na,na,na,na,na,na,na,1.525,,,,,,,,,,,,,,,,,,,,,,,,,,,,,,,,,,0,0,0,0,0,0,0,0,0,1.525,0,0,0,0
mesd_18,2009,O2,mes,wldd,mesd_18,mes_l,9,-20.28571429,5,6.11,,,7,,,,,,,0.1,,,,,,,,,5,,0.01,,,,,,,5,,,,,,1,,,2,,,,11.5,,,,,,,,,,,,,,,,,,,,,,,,,,,,,,,,,,0.01,0.1,1,0,7,12,0,0,0,11.5,0,7,7,5
mesd_19,2009,O2,mes,wldd,mesd_19,mes_l,9,-20.28571429,na,na,na,na,na,na,na,na,na,na,na,na,na,na,na,na,na,na,na,na,na,na,na,na,na,na,na,na,na,na,na,na,na,na,na,na,na,na,na,na,na,na,28,,,,,,,,,,,0.75,,,,,,,,2.5,,,,,,0.5,,,,,,,,,0,0,0,0,0,0,2.5,0.5,0,28.75,0,0,0,0
mesd_20,2009,O2,mes,wldd,mesd_20,mes_ho,9,-20.28571429,1,5.1,,,5,,,,,,,0.1,,,,,,,,,5,,,,,,,,,1,,,,,,,,,0.1,,,,1.5,,,,,,,,,,,,,,,,,,,,,,,,,4,,,,,,0.25,,,0,0.1,0,0,5,6.1,0.25,4,0,1.5,0,5,5.1,1
mesd_21,2009,P1,mes,wldd,mesd_21,oli_l,9,-20.28571429,na,na,na,na,na,na,na,na,na,na,na,na,na,na,na,na,na,na,na,na,na,na,na,na,na,na,na,na,na,na,na,na,na,na,na,na,na,na,na,na,na,na,1,,,,,0.5,,,,,,0.375,,,,,,,,,,,,,,,,,,,,,,,0,0,0,0,0,0,0,0,0,1.875,0,0,0,0
mesd_22,2009,P1,mes,wldd,mesd_22,mes_ho,9,-20.28571429,0,14,,,3,,7,,,,,6,,,,,,,,,,,,,,,,,,,,,,,,1,,,3,,,,26.25,,,,,,,,,,,,,,,,,,,,,,,,,,,,,,,,,,0,6,1,7,3,3,0,0,0,26.25,0,3,3,0
mesd_23,2009,P1,mes,wldd,mesd_23,oli_l,9,-20.28571429,na,na,na,na,na,na,na,na,na,na,na,na,na,na,na,na,na,na,na,na,na,na,na,na,na,na,na,na,na,na,na,na,na,na,na,na,na,na,na,na,na,na,18.5,,,,,5.25,,,,,,,,,,,,,,,,,,,,,,,,,,,,,0,0,0,0,0,0,0,0,0,23.75,0,0,0,0
mesd_24,2009,P1,mes,wldd,mesd_24,mes_l,9,-20.28571429,15.5,0.5,,,1,15,,,,,,,,,,,,,0.1,,,,,,,,,,,0.5,,,,,,,,,1,0.5,,,,,,,,,,,,,,,,,,,,,,,,,,,,,,,,,,,,,0,0,0.1,0,16.5,1.5,0,0,0,0,0,1.5,1,15.5
mesd_25,2009,P1,mes,wldd,mesd_25,mes_ho,9,-20.28571429,na,na,na,na,na,na,na,na,na,na,na,na,na,na,na,na,na,na,na,na,na,na,na,na,na,na,na,na,na,na,na,na,na,na,na,na,na,na,na,na,na,na,,,,,,,,,,,,,,,,,,,,,0.025,,,,,,,,,,,,,,0,0,0,0,0,0,0.025,0,0,0,0,0,0,0
mesd_26,2009,P2,mes,wldd,mesd_26,mes_l,9,-20.28571429,4.1,10,,,7,0.1,,,,,,,,,,,,,,,,,,,,,,,,4,10,,,,,,,,5,,,,1.275,,,,,,,,,,,0.025,,,,,,,,,,,,,,,,,,0.25,,,,,0,0,10,0,7.1,9,0.25,0,0,1.3,0,7,5,4.1
mesd_27,2009,P2,mes,wldd,mesd_27,mes_l,9,-20.28571429,na,na,na,na,na,na,na,na,na,na,na,na,na,na,na,na,na,na,na,na,na,na,na,na,na,na,na,na,na,na,na,na,na,na,na,na,na,na,na,na,na,na,8.25,,,,,,,,,,,0.025,,,,,,,,,,,,,,,,,,,,,,,0,0,0,0,0,0,0,0,0,8.275,0,0,0,0
mesd_28,2009,P2,mes,wldd,mesd_28,mes_l,9,-20.28571429,0,13,,,2,,,,,,1,2,,,,,,,0.1,,10,,,,,,,,,,,,,,,,,,2,,,,2.25,,,,,,,,,,,,,,,,,,,,,,,,,,,,,,,,,,0,3,0.1,0,2,12,0,0,0,2.25,0,2,12,0
mesd_29,2009,P2,mes,wldd,mesd_29,min_hl,9,-20.28571429,na,na,na,na,na,na,na,na,na,na,na,na,na,na,na,na,na,na,na,na,na,na,na,na,na,na,na,na,na,na,na,na,na,na,na,na,na,na,na,na,na,na,1.25,,,,,1.25,,,,,,3.75,,,,,,,,0.5,,,,,,,,,,,,,,,0,0,0,0,0,0,0.5,0,0,6.25,0,0,0,0
mesd_30,2009,P2,mes,wldd,mesd_30,min_hl,9,-20.28571429,50,7,,,0.5,,7,,,,,,,,,,,,,,,,,,,,,,,,,,50,,,,,,3,,,,4.75,,,,,,,,,,,,,,,,,,,0.25,,,,,,,,,,,,,,,0,0,0,7,50.5,3,0.25,0,0,4.75,0,50.5,3,0
mesd_31,2009,Q1,mes,wldd,mesd_31,oli_l,9,-20.28571429,na,na,na,na,na,na,na,na,na,na,na,na,na,na,na,na,na,na,na,na,na,na,na,na,na,na,na,na,na,na,na,na,na,na,na,na,na,na,na,na,na,na,19.25,,,,,29.5,,,,,,,,,,,1.25,,,10.5,,,,,,0.5,,,,,,,,,0,0,0,0,0,0,10.5,0.5,0,50,0,0,0,0
mesd_32,2009,Q1,mes,wldd,mesd_32,oli_l,9,-20.28571429,0,13.5,,,1,,0.5,,,,,3,,,,,,,,,,,,,,,,,,,2,,,,,7,,,2,,,1,35,,,,,25,,,,,,,,,,,,,,,,,,,,0.125,,,,,,,,,0,3,10,0.5,1,2,0,0.125,0,60,0,1,2,0
mesd_33,2009,Q1,mes,wldd,mesd_33,oli_l,9,-20.28571429,na,na,na,na,na,na,na,na,na,na,na,na,na,na,na,na,na,na,na,na,na,na,na,na,na,na,na,na,na,na,na,na,na,na,na,na,na,na,na,na,na,na,2,,,,,11.25,,,,,,,,,,,,,,1,,,,,,,,,,,,,,,0,0,0,0,0,0,1,0,0,13.25,0,0,0,0
mesd_34,2009,Q1,mes,wldd,mesd_34,oli_l,9,-20.28571429,9,1,,,20,,,,,,,1,,,,,,,,,,,,,,,,,,9,,,,,,,,,3,,,,16.25,,,,,,,,,,,,,,,,,,,39.25,,,,,,,,,,,,,,,0,1,0,0,20,12,39.25,0,0,16.25,0,20,3,9
mesd_35,2009,Q1,mes,wldd,mesd_35,mes_ho,9,-20.28571429,na,na,na,na,na,na,na,na,na,na,na,na,na,na,na,na,na,na,na,na,na,na,na,na,na,na,na,na,na,na,na,na,na,na,na,na,na,na,na,na,na,na,,,,,,,,,,,,,,,,,,,,,0.025,,,,,,,,,,,,,,0,0,0,0,0,0,0.025,0,0,0,0,0,0,0
mesd_36,2009,Q2,mes,wldd,mesd_36,mes_l,9,-20.28571429,0,18.5,,3,15,,,,,,,0.5,,,,,,,,,3,,,,,,,,,,5,,,,,,,,3,,,7,,,,,,,,,,,,,,,,,,,,,,,,,,,,,,,,,,,0,0.5,12,0,15,9,0,0,0,0,0,15,9,0
mesd_37,2009,Q2,mes,wldd,mesd_37,min_hl,9,-20.28571429,na,na,na,na,na,na,na,na,na,na,na,na,na,na,na,na,na,na,na,na,na,na,na,na,na,na,na,na,na,na,na,na,na,na,na,na,na,na,na,na,na,na,,,,,,,,,,,,,,,,,,,,,0.025,,,,,,,,,,,,,,0,0,0,0,0,0,0.025,0,0,0,0,0,0,0
mesd_38,2009,Q2,mes,wldd,mesd_38,mes_l,9,-20.28571429,15.5,15,,,5,15,10,,,,,2,,,,,,,,,,,,,,,,,,0.5,3,,,,,,,,1,,,,8.75,,,,,,,,,,,,,,,,,,,,,,,,,,,,,,,,,,0,2,3,10,20,1.5,0,0,0,8.75,0,5,1,15.5
mesd_39,2009,Q2,mes,wldd,mesd_39,min_hl,9,-20.28571429,na,na,na,na,na,na,na,na,na,na,na,na,na,na,na,na,na,na,na,na,na,na,na,na,na,na,na,na,na,na,na,na,na,na,na,na,na,na,na,na,na,na,0.5,,,,,,,,,,,,,,,,,,,,,,,,,,,,,5.25,,,,,0,0,0,0,0,0,5.25,0,0,0.5,0,0,0,0
mesd_40,2009,Q2,mes,wldd,mesd_40,min_hl,9,-20.28571429,12,4,,,5,,1,,,,,3,,,,,,,,,,,,,,,,,,,,,12,,,,,,2,,,,0.375,,,,,,,,,,,,,,,,,,,0.25,,,,,,,,,,0.05,,,,,0,3,0,1,17,2,0.3,0,0,0.375,0,17,2,0
olic_01,2009,A1,oli,ctr,olic_1,oli_l,0,-21.83333333,na,na,na,na,na,na,na,na,na,na,na,na,na,na,na,na,na,na,na,na,na,na,na,na,na,na,na,na,na,na,na,na,na,na,na,na,na,na,na,na,na,na,8,,,,,89,,,,,,,,,,,,,,1,,,,,,,,,,,,,,,0,0,0,0,0,0,1,0,0,97,0,0,0,0
olic_02,2009,A1,oli,ctr,olic_2,oli_l,0,-21.83333333,0,18.3,,12,17,,,,,,,5,,,,,1,,,,,,0.3,,,,,,,,,,,,,,,,3,,,,78,,,,,,,,,,,,,,,,,,,,,,,,,,,,,,,,,,0.3,6,0,0,17,15,0,0,0,78,0,17,15,0
olic_03,2009,A1,oli,ctr,olic_3,oli_l,0,-21.83333333,na,na,na,na,na,na,na,na,na,na,na,na,na,na,na,na,na,na,na,na,na,na,na,na,na,na,na,na,na,na,na,na,na,na,na,na,na,na,na,na,na,na,73.25,,,,,0.5,,,,,,,,,,,,,,1,,,,,,,,,,,,,,,0,0,0,0,0,0,1,0,0,73.75,0,0,0,0
olic_04,2009,A1,oli,ctr,olic_4,oli_l,0,-21.83333333,0,10,,7,3,,,,,,,2,,,,,1,,,,,,,,,,,,,,,,,,,,,,12,,,,8.5,,,,,84.5,,,,,,,,,,,,,,0.25,,,,,,,,,,,,,,,0,3,0,0,3,19,0.25,0,0,93,0,3,19,0
olic_05,2009,A1,oli,ctr,olic_5,oli_l,0,-21.83333333,na,na,na,na,na,na,na,na,na,na,na,na,na,na,na,na,na,na,na,na,na,na,na,na,na,na,na,na,na,na,na,na,na,na,na,na,na,na,na,na,na,na,20.75,,,,,22.25,,,53.25,,,,,,,,,,,,,,,,,,,,,,,,,,0,0,0,0,0,0,0,0,0,96.25,0,0,0,0
olic_06,2009,A2,oli,ctr,olic_6,oli_l,0,-21.83333333,0,5.5,,4,3,,,,,,,1,,,,,,,1,,,,,,,,,,,,,,,,0.5,,,,2,,,,20.25,,,,,46.5,,,7.5,,,,,,,,,,,,,,,,,,,,,,,,3.25,,0.5,1,1,0,3,6,3.25,0,0,74.25,0,3,6,0
olic_07,2009,A2,oli,ctr,olic_7,oli_l,0,-21.83333333,na,na,na,na,na,na,na,na,na,na,na,na,na,na,na,na,na,na,na,na,na,na,na,na,na,na,na,na,na,na,na,na,na,na,na,na,na,na,na,na,na,na,47.25,,,,,13.75,,,22.5,,,,,,,,,,,,,,,,,,,,,,,,,,0,0,0,0,0,0,0,0,0,83.5,0,0,0,0
olic_08,2009,A2,oli,ctr,olic_8,oli_l,0,-21.83333333,0,37.5,,2,4,,,,,,,1.5,,,,,,,,,14,,,,,,,,,,,,,,,,,,3,20,,,22.25,,,,,,,,72,,,,,,,,,,,,,,,,,,,,,,,,,,0,1.5,0,0,24,19,0,0,0,94.25,0,24,19,0
olic_09,2009,A2,oli,ctr,olic_9,oli_l,0,-21.83333333,na,na,na,na,na,na,na,na,na,na,na,na,na,na,na,na,na,na,na,na,na,na,na,na,na,na,na,na,na,na,na,na,na,na,na,na,na,na,na,na,na,na,57.75,,,,,,,,25,,,,,,,,,,,,,,,,,,,,,,,,,,0,0,0,0,0,0,0,0,0,82.75,0,0,0,0
olic_10,2009,A2,oli,ctr,olic_10,oli_l,0,-21.83333333,0,10.5,,4,4,,,,,,,5,,,,,0.5,,,,1,,,,,,,,,,,,,,,,,,3,,,,37,,,,,10.75,,,31.25,,,,,,,,,,,,,,,,,,,,,,,,12.5,,0,5.5,0,0,4,8,12.5,0,0,79,0,4,8,0
olic_11,2009,A3,oli,ctr,olic_11,oli_l,0,-21.83333333,na,na,na,na,na,na,na,na,na,na,na,na,na,na,na,na,na,na,na,na,na,na,na,na,na,na,na,na,na,na,na,na,na,na,na,na,na,na,na,na,na,na,38.75,,,,,,,,,,,,,,,,,,,0.25,,,,,,,,,,,,,,,0,0,0,0,0,0,0.25,0,0,38.75,0,0,0,0
olic_12,2009,A3,oli,ctr,olic_12,oli_l,0,-21.83333333,7,14,,12,10,,,,,,,2,,,,,,,,,,,,,,,,,,7,,,,,,,,,4,,,,36.25,,,,,41.25,,,12.5,,,,,,,,,,,0.75,,,,,,,,,,,,,,,0,2,0,0,10,23,0.75,0,0,90,0,10,16,7
olic_13,2009,A3,oli,ctr,olic_13,oli_l,0,-21.83333333,na,na,na,na,na,na,na,na,na,na,na,na,na,na,na,na,na,na,na,na,na,na,na,na,na,na,na,na,na,na,na,na,na,na,na,na,na,na,na,na,na,na,24.75,,,,,15.25,,,,,,,,,,,,,,,,,,,,,,,,,,,,,0,0,0,0,0,0,0,0,0,40,0,0,0,0
olic_14,2009,A3,oli,ctr,olic_14,oli_l,0,-21.83333333,0,13.1,,7,5,,,,,,,0.1,,,,,2,,,,,,4,,,,,,,,,,,,,,,,10,,,,48.25,,,,,9.5,,,20.5,,,,,,,,,,,0.5,,,,,,,,,,,,,,,4,2.1,0,0,5,17,0.5,0,0,78.25,0,5,17,0
olic_15,2009,A3,oli,ctr,olic_15,oli_l,0,-21.83333333,na,na,na,na,na,na,na,na,na,na,na,na,na,na,na,na,na,na,na,na,na,na,na,na,na,na,na,na,na,na,na,na,na,na,na,na,na,na,na,na,na,na,10.75,,,,,79.5,,,4.25,,,,,,,,,,,,,,,,,,,,,,,,,,0,0,0,0,0,0,0,0,0,94.5,0,0,0,0
olic_16,2009,A4,oli,ctr,olic_16,oli_l,0,-21.83333333,3,12.5,,10,6,3,,,,,,,,,,,1.5,,,,,,1,,,,,,,,,,,,,,,,5,,,,11.75,,,,,1.25,,,81.25,,,,,,,,,,,,,,,,,,,,,,,,,,1,1.5,0,0,9,15,0,0,0,94.25,0,6,15,3
olic_17,2009,A4,oli,ctr,olic_17,oli_l,0,-21.83333333,na,na,na,na,na,na,na,na,na,na,na,na,na,na,na,na,na,na,na,na,na,na,na,na,na,na,na,na,na,na,na,na,na,na,na,na,na,na,na,na,na,na,9.25,,,,,5.25,,,79.5,,,,,,,,,,,,,,,,,,,,,,,,,,0,0,0,0,0,0,0,0,0,94,0,0,0,0
olic_18,2009,A4,oli,ctr,olic_18,oli_l,0,-21.83333333,5,7.51,,2,6,,,,,,,5,,,,,,,0.1,,,,0.5,,,,,,,5,,,,,0.01,,,,0.1,,,,14,,,,,,,,74.75,,,,,,,,,,,,,,,,,,,,,,,,,,0.51,5,0.1,0,6,7.1,0,0,0,88.75,0,6,2.1,5
olic_19,2009,A4,oli,ctr,olic_19,oli_l,0,-21.83333333,na,na,na,na,na,na,na,na,na,na,na,na,na,na,na,na,na,na,na,na,na,na,na,na,na,na,na,na,na,na,na,na,na,na,na,na,na,na,na,na,na,na,15.5,,,,,,,,70,,,,,,,,,,,,,,,,,,,,,,,,,,0,0,0,0,0,0,0,0,0,85.5,0,0,0,0
olic_20,2009,A4,oli,ctr,olic_20,oli_l,0,-21.83333333,0,5.2,,3,3,,,,,,,2,,,,,,,0.5,,,,0.1,,,,,,,,,,,,0.1,,,,1,,,,18,,,,,,,,79.25,,,,,,,,,,,,,,,,,,,,,,,,,,0.2,2,0.5,0,3,4,0,0,0,97.25,0,3,4,0
olic_21,2009,B1,oli,ctr,olic_21,oli_l,0,-21.83333333,na,na,na,na,na,na,na,na,na,na,na,na,na,na,na,na,na,na,na,na,na,na,na,na,na,na,na,na,na,na,na,na,na,na,na,na,na,na,na,na,na,na,32,,,,,32.5,,,23,,,,,,,,,,,,,,,,,,,,,,,,,,0,0,0,0,0,0,0,0,0,87.5,0,0,0,0
olic_22,2009,B1,oli,ctr,olic_22,oli_l,0,-21.83333333,0,5.5,,2,1,,,,,,,0.5,,,,,3,,,,,,,,,,,,,,,,,,,,,,1,,,,8.5,,,,,,,,87.5,,,,,,,,,,,,,,,,,,,,,,,,,,0,3.5,0,0,1,3,0,0,0,96,0,1,3,0
olic_23,2009,B1,oli,ctr,olic_23,oli_l,0,-21.83333333,na,na,na,na,na,na,na,na,na,na,na,na,na,na,na,na,na,na,na,na,na,na,na,na,na,na,na,na,na,na,na,na,na,na,na,na,na,na,na,na,na,na,9.25,,,,,,,,88.25,,,,,,,,,,,,,,,,,,,,,,,,,,0,0,0,0,0,0,0,0,0,97.5,0,0,0,0
olic_24,2009,B1,oli,ctr,olic_24,oli_l,0,-21.83333333,0,12,,10,2,,,,,,,0.5,,,,,1.5,,0.01,,,,,,,,,,,,,,,,,,,,0.1,,,,47,,,,,,,,23,,,,,,,,,,,0.25,,,,,,,,,,,,,,,0,2,0.01,0,2,10.1,0.25,0,0,70,0,2,10.1,0
olic_25,2009,B1,oli,ctr,olic_25,oli_l,0,-21.83333333,na,na,na,na,na,na,na,na,na,na,na,na,na,na,na,na,na,na,na,na,na,na,na,na,na,na,na,na,na,na,na,na,na,na,na,na,na,na,na,na,na,na,53,,,,,15.5,,,0.25,,,,,,,,,,,1.25,,,,,,,,,,,,,1.25,,0,0,0,0,0,0,2.5,0,0,68.75,0,0,0,0
olic_26,2009,B2,oli,ctr,olic_26,oli_l,0,-21.83333333,0,3,,2,11,,,,,,,1,,,,,,,,,,,,,,,,,,,,,,,,,,,2,,,,40.75,,,,,,,,30,,,0.5,,,,,,,,,,,,,,,,,,,,,,,0,1,0,0,11,4,0,0,0,71.25,0,11,4,0
olic_27,2009,B2,oli,ctr,olic_27,oli_l,0,-21.83333333,na,na,na,na,na,na,na,na,na,na,na,na,na,na,na,na,na,na,na,na,na,na,na,na,na,na,na,na,na,na,na,na,na,na,na,na,na,na,na,na,na,na,54.5,,,,,5.75,,,,,,11.25,,,,,,,,0.5,,,,,,,,,,,,,1,,0,0,0,0,0,0,1.5,0,0,71.5,0,0,0,0
olic_28,2009,B2,oli,ctr,olic_28,oli_l,0,-21.83333333,0,13.01,,6,8,,,,,,,7,,,,,,,,,,,0.01,,,,,,,,,,,,,,,,10,,,,38.25,,,,,21.75,,,15.5,,,4.5,,,,,,,,,,,,,,,,,,,,,,,0.01,7,0,0,8,16,0,0,0,80,0,8,16,0
olic_29,2009,B2,oli,ctr,olic_29,oli_l,0,-21.83333333,na,na,na,na,na,na,na,na,na,na,na,na,na,na,na,na,na,na,na,na,na,na,na,na,na,na,na,na,na,na,na,na,na,na,na,na,na,na,na,na,na,na,56.25,,,,,,,,,,,,,,,,,,,,,,,,,,,,,,,,,,0,0,0,0,0,0,0,0,0,56.25,0,0,0,0
olic_30,2009,B2,oli,ctr,olic_30,oli_l,0,-21.83333333,0,8.5,,7,10,,,,,,,1.5,,,,,,,,,,,,,,,,,,,,,,,,,,,1.5,,,,27.75,,,,,,,,27.5,,,,,,,,,,,2,,,,,,,,,,,,,,,0,1.5,0,0,10,8.5,2,0,0,55.25,0,10,8.5,0
olic_31,2009,B3,oli,ctr,olic_31,oli_l,0,-21.83333333,na,na,na,na,na,na,na,na,na,na,na,na,na,na,na,na,na,na,na,na,na,na,na,na,na,na,na,na,na,na,na,na,na,na,na,na,na,na,na,na,na,na,38.25,,,,,2.25,,,33,,,,,,,,,,,,,,,,,,,,,,,,,,0,0,0,0,0,0,0,0,0,73.5,0,0,0,0
olic_32,2009,B3,oli,ctr,olic_32,min_hl,0,-21.83333333,0,6.5,,5,12,,,,,,,1.5,,,,,,,,,,,,,,,,,,,,,,,,,,,4,,,,18.25,,,,,,,,,,,,,,,,,,,6,,,,,,,,,,,,,,,0,1.5,0,0,12,9,6,0,0,18.25,0,12,9,0
olic_33,2009,B3,oli,ctr,olic_33,oli_l,0,-21.83333333,na,na,na,na,na,na,na,na,na,na,na,na,na,na,na,na,na,na,na,na,na,na,na,na,na,na,na,na,na,na,na,na,na,na,na,na,na,na,na,na,na,na,79.25,,,,,,,,,,,,,,,,,,,,,,,,,,,,,,,,,,0,0,0,0,0,0,0,0,0,79.25,0,0,0,0
olic_34,2009,B3,oli,ctr,olic_34,oli_l,0,-21.83333333,0,6.01,,2,2,,,,,,,1,,,,,0.01,,,,,,3,,,,,,,,,,,,,,,,1,,,,8.25,,,,,,,,89.75,,,,,,,,,,,,,,,,,,,,,,,,,,3,1.01,0,0,2,3,0,0,0,98,0,2,3,0
olic_35,2009,B3,oli,ctr,olic_35,oli_l,0,-21.83333333,na,na,na,na,na,na,na,na,na,na,na,na,na,na,na,na,na,na,na,na,na,na,na,na,na,na,na,na,na,na,na,na,na,na,na,na,na,na,na,na,na,na,36.5,,,,,33.5,,,9.5,,,,,,,,,,,,,,,,,,,,,,,,,,0,0,0,0,0,0,0,0,0,79.5,0,0,0,0
olic_36,2009,B4,oli,ctr,olic_36,oli_l,0,-21.83333333,0,10.2,,10,5,,,,,,,0.1,,,,,,,,,,,0.1,,,,,,,,,,,,,,,,0.5,,,,29.25,,,,,,,,28.5,,,,,,,,,,,,,,,,,,,,,,,,,,0.1,0.1,0,0,5,10.5,0,0,0,57.75,0,5,10.5,0
olic_37,2009,B4,oli,ctr,olic_37,oli_l,0,-21.83333333,na,na,na,na,na,na,na,na,na,na,na,na,na,na,na,na,na,na,na,na,na,na,na,na,na,na,na,na,na,na,na,na,na,na,na,na,na,na,na,na,na,na,1.75,,,,,,,,77.25,,,,,,,,,,,,,,,,,,,,,,,,,,0,0,0,0,0,0,0,0,0,79,0,0,0,0
olic_38,2009,B4,oli,ctr,olic_38,oli_l,0,-21.83333333,0,4.1,,0.1,15,,,,,,,1,,,,,,,0.1,,,,3,,,,,,,,,,,,,,,,0.1,,,,8,,,,,4.25,,,67.75,,,,,,,,,,,,,,,,,,,,,,,,,,3,1,0.1,0,15,0.2,0,0,0,80,0,15,0.2,0
olic_39,2009,B4,oli,ctr,olic_39,oli_l,0,-21.83333333,na,na,na,na,na,na,na,na,na,na,na,na,na,na,na,na,na,na,na,na,na,na,na,na,na,na,na,na,na,na,na,na,na,na,na,na,na,na,na,na,na,na,18.25,,,,,5.25,,,70.25,,,,,,,,,,,0.25,,,,,,,,,,,,,,,0,0,0,0,0,0,0.25,0,0,93.75,0,0,0,0
olic_40,2009,B4,oli,ctr,olic_40,min_hl,0,-21.83333333,0,4.3,,3,3,,,,,,,1,,,,,0.1,,2,,,,0.2,,,,,,,,,,,,,,,,1,,,,49.5,,,,,11.75,,,,,,,,,,,,,,,,,,,,,,,,,,,,,0.2,1.1,2,0,3,4,0,0,0,61.25,0,3,4,0
olif_01,2009,G1,oli,fst,olif_1,,48,-43.61111111,na,na,na,na,na,na,na,na,na,na,na,na,na,na,na,na,na,na,na,na,na,na,na,na,na,na,na,na,na,na,na,na,na,na,na,na,na,na,na,na,na,na,,,,,,,,,,,,,,,,,,,,,,,,,1.75,1,,,,,,,1,,0,0,0,0,0,0,2.75,1,0,0,0,0,0,0
olif_02,2009,G1,oli,fst,olif_2,,48,-43.61111111,35,4.5,,3,3,,,,,,,,,,,,,,,,,,1.5,,,,,,,35,,,,,,,,,5,,,,,,,,,,,,,,,,,,,,,,,,,,,,,,,,,0.75,,14.5,,,1.5,0,0,0,3,43,15.25,0,0,0,0,3,8,35
olif_03,2009,G1,oli,fst,olif_3,,48,-43.61111111,na,na,na,na,na,na,na,na,na,na,na,na,na,na,na,na,na,na,na,na,na,na,na,na,na,na,na,na,na,na,na,na,na,na,na,na,na,na,na,na,na,na,,,,,,,,,,,,,,,,,,,,,,,,,0.025,,,,,16.5,,,,,0,0,0,0,0,0,16.525,0,0,0,0,0,0,0
olif_04,2009,G1,oli,fst,olif_4,,48,-43.61111111,0,14,,,,,,,,,,,,,,,,,,,,,6,,,,,,0.5,,,,,,,8,,,,,,,,,,,,,,,,,,,,,,,,,,,,,,,5.5,,,,,14,,1.5,,,6,0,8,0,0,0.5,21,0,0,0,0,0,0,0.5
olif_05,2009,G1,oli,fst,olif_5,,48,-43.61111111,na,na,na,na,na,na,na,na,na,na,na,na,na,na,na,na,na,na,na,na,na,na,na,na,na,na,na,na,na,na,na,na,na,na,na,na,na,na,na,na,na,na,,,,,,,,,,,,,,,,,,,,,,,,,9.5,,,,,4.625,,1.25,,,0,0,0,0,0,0,15.375,0,0,0,0,0,0,0
olif_06,2009,G2,oli,fst,olif_6,,48,-43.61111111,0,4,,,,,,,,,,,,,,,,,,,,,1,,,,,,,,,,,,,3,,,,,,,,,,,,,,,,,,,,,,,,,,,,,,,0.5,,,,,3.025,,,,,1,0,3,0,0,0,3.525,0,0,0,0,0,0,0
olif_07,2009,G2,oli,fst,olif_7,,48,-43.61111111,na,na,na,na,na,na,na,na,na,na,na,na,na,na,na,na,na,na,na,na,na,na,na,na,na,na,na,na,na,na,na,na,na,na,na,na,na,na,na,na,na,na,,,,,,,,,,,,,,,,,,,,,,,,,6.25,,,,,13.5,,,,,0,0,0,0,0,0,19.75,0,0,0,0,0,0,0
olif_08,2009,G2,oli,fst,olif_8,,48,-43.61111111,0,35,,,,,,,,,,,,,,,,,,,,,25,,,,,,,,,,,,,10,,,,,,,,,,,,,,,,,,,,,,,,,,,,,,,,,,,,5.5,,,,,25,0,10,0,0,0,5.5,0,0,0,0,0,0,0
olif_09,2009,G2,oli,fst,olif_9,,48,-43.61111111,na,na,na,na,na,na,na,na,na,na,na,na,na,na,na,na,na,na,na,na,na,na,na,na,na,na,na,na,na,na,na,na,na,na,na,na,na,na,na,na,na,na,,,,,,,,,,,,,,,,,,,,,,,,,,,,,,19.25,,,,,0,0,0,0,0,0,19.25,0,0,0,0,0,0,0
olif_10,2009,G2,oli,fst,olif_10,,48,-43.61111111,0,5.1,,,,,,,,,,,,,,,,,,,,,0.1,,,,,,,,,,,,,1,,,,4,,,,,,,,,,,,,,,,,,,,,,,,,,,1,,,,,10,,,,,0.1,0,1,0,4,0,11,0,0,0,0,4,0,0
olif_11,2009,H1,oli,fst,olif_11,,48,-43.61111111,na,na,na,na,na,na,na,na,na,na,na,na,na,na,na,na,na,na,na,na,na,na,na,na,na,na,na,na,na,na,na,na,na,na,na,na,na,na,na,na,na,na,0.75,,,,,,,,,,,,,,,,,,,,,,,,,,,,,4.025,,1.25,,,0,0,0,0,0,0,5.275,0,0,0.75,0,0,0,0
olif_12,2009,H1,oli,fst,olif_12,,48,-43.61111111,5,6.1,,,,,,,,,,,,,,,,,,,,,0.1,,,,,,5,,,,,,,,,,,,6,,7,,,,,,,,,,,,,,,,,,,0.75,,,,,3.25,,,,,0.5,,0.5,,,0.1,0,0,0,0,11,5,0,0,7,0,0,6,5
olif_13,2009,H1,oli,fst,olif_13,,48,-43.61111111,na,na,na,na,na,na,na,na,na,na,na,na,na,na,na,na,na,na,na,na,na,na,na,na,na,na,na,na,na,na,na,na,na,na,na,na,na,na,na,na,na,na,1,,,,,,,,,,,0.75,,,,,,,,0.25,,,,,3.75,,,,,2.25,,1.5,,,0,0,0,0,0,0,7.75,0,0,1.75,0,0,0,0
olif_14,2009,H1,oli,fst,olif_14,,48,-43.61111111,0,6,,,,,,na,,,na,,,,,,,,,,,,,,,,,,,,,,,,,,,,5,,6,,,,,,,,,,,,,,,,,,,,,0.25,,,,,10.5,,,,,0.025,,,,,0,0,0,0,0,11,10.775,0,0,0,0,0,11,0
olif_15,2009,H1,oli,fst,olif_15,,48,-43.61111111,na,na,na,na,na,na,na,na,na,na,na,na,na,na,na,na,na,na,na,na,na,na,na,na,na,na,na,na,na,na,na,na,na,na,na,na,na,na,na,na,na,na,,,,,,,,,,,,,,,,,,,,,,,,,54.5,,,,,,,,,,0,0,0,0,0,0,54.5,0,0,0,0,0,0,0
olif_16,2009,H2,oli,fst,olif_16,,48,-43.61111111,0,27,,,,,,,,,,,,,,,,,,,,,27,,,,,,,,,,,,,,,,,,,,,,,,,,,,,,,,,,,,,,,,,,,,9.25,,,,,3,,,,,27,0,0,0,0,0,12.25,0,0,0,0,0,0,0
olif_17,2009,H2,oli,fst,olif_17,,48,-43.61111111,na,na,na,na,na,na,na,na,na,na,na,na,na,na,na,na,na,na,na,na,na,na,na,na,na,na,na,na,na,na,na,na,na,na,na,na,na,na,na,na,na,na,,,,,,,,,,,,,,,,,,,,2.5,,,,,34.75,,,,,3.75,,,,,0,0,0,0,0,0,41,0,0,0,0,0,0,0
olif_18,2009,H2,oli,fst,olif_18,,48,-43.61111111,0,3,,,,,,,,,,,,,,,,,,,,,3,,,,,,,,,,,,,,,,,,,,,,,,,,,,,,,,,,,,,,,,,,,,72.25,,,,,5,,,,,3,0,0,0,0,0,77.25,0,0,0,0,0,0,0
olif_19,2009,H2,oli,fst,olif_19,,48,-43.61111111,na,na,na,na,na,na,na,na,na,na,na,na,na,na,na,na,na,na,na,na,na,na,na,na,na,na,na,na,na,na,na,na,na,na,na,na,na,na,na,na,na,na,,,,,,,,,,,,,,,,,,,,,,,,,7.5,,,,,7.25,,,,,0,0,0,0,0,0,14.75,0,0,0,0,0,0,0
olif_20,2009,H2,oli,fst,olif_20,,48,-43.61111111,0,6,,,,,,,,,,,,,,,,,,,,,6,,,,,,,,,,,,,,,,,,,,,,,,,,,,,,,,,,,,,,,,,,,,2.75,,,,,4.375,,,,,6,0,0,0,0,0,7.125,0,0,0,0,0,0,0
olid_01,2009,C1,oli,wldd,olid_1,oli_l,8,-25.66666667,na,na,na,na,na,na,na,na,na,na,na,na,na,na,na,na,na,na,na,na,na,na,na,na,na,na,na,na,na,na,na,na,na,na,na,na,na,na,na,na,na,na,24.25,,,,,17.75,,,,,,,,,,,,,,0.5,,,,,,,,,,,,,,,0,0,0,0,0,0,0.5,0,0,42,0,0,0,0
olid_02,2009,C1,oli,wldd,olid_2,oli_l,8,-25.66666667,0,45,,3,7,,,,,,,40,,,,,,,,,,,2,,,,,,,0.5,,,,,,,,,6,,,,14.75,,,,,,,,,,,,,,,,,,,12.75,,,,,,,,,,,,,,,2,40,0,0,7,9.5,12.75,0,0,14.75,0,7,9,0.5
olid_03,2009,C1,oli,wldd,olid_3,oli_l,8,-25.66666667,na,na,na,na,na,na,na,na,na,na,na,na,na,na,na,na,na,na,na,na,na,na,na,na,na,na,na,na,na,na,na,na,na,na,na,na,na,na,na,na,na,na,9.75,,,,,,,,,,,,,,,,,,,3.5,,,,,,,,,,0.3,,,,,0,0,0,0,0,0,3.8,0,0,9.75,0,0,0,0
olid_04,2009,C1,oli,wldd,olid_4,oli_l,8,-25.66666667,0,6,,2,20,,,,,,,,,,,,,,,,,,4,,,,,,,,,,,,,,,,10,,,,34.75,,,,,9,,,,,,,,,,,,,,,,,,,,,,,,,,,,,4,0,0,0,20,12,0,0,0,43.75,0,20,12,0
olid_05,2009,C1,oli,wldd,olid_5,oli_l,8,-25.66666667,na,na,na,na,na,na,na,na,na,na,na,na,na,na,na,na,na,na,na,na,na,na,na,na,na,na,na,na,na,na,na,na,na,na,na,na,na,na,na,na,na,na,4.75,,,,,,,,,,,,,,,,,,,2,,,,,,,,,,,,,,,0,0,0,0,0,0,2,0,0,4.75,0,0,0,0
olid_06,2009,C2,oli,wldd,olid_6,oli_l,8,-25.66666667,5,4.01,,2,25,,,,,,,0.01,,,,,1,,,,,,1,,,,,,,5,,,,,,,,,3,,,,54.75,,,,,,,,,,,,,,,,,,,0.5,,,,,,,,,,,,,,,1,1.01,0,0,25,10,0.5,0,0,54.75,0,25,5,5
olid_07,2009,C2,oli,wldd,olid_7,oli_l,8,-25.66666667,na,na,na,na,na,na,na,na,na,na,na,na,na,na,na,na,na,na,na,na,na,na,na,na,na,na,na,na,na,na,na,na,na,na,na,na,na,na,na,na,na,na,27.75,,,,,5.25,,,,,,,,,,,,,,,,,,,,,,,,,,,,,0,0,0,0,0,0,0,0,0,33,0,0,0,0
olid_08,2009,C2,oli,wldd,olid_8,oli_l,8,-25.66666667,0,6,,,12,,,,,,,,,,,,,,,,,,6,,,,,,,,,,,,,,,,5,,,,34,,,,,11.75,,,,,,,,,,,,,,0.25,,,,,,,,,,,,,,,6,0,0,0,12,5,0.25,0,0,45.75,0,12,5,0
olid_09,2009,C2,oli,wldd,olid_9,oli_l,8,-25.66666667,na,na,na,na,na,na,na,na,na,na,na,na,na,na,na,na,na,na,na,na,na,na,na,na,na,na,na,na,na,na,na,na,na,na,na,na,na,na,na,na,na,na,9.25,,,,,16.25,,,,,,,,,,,,,,5.5,,,,,,,,,,,,,55,,0,0,0,0,0,0,60.5,0,0,25.5,0,0,0,0
olid_10,2009,C2,oli,wldd,olid_10,oli_l,8,-25.66666667,0,21,,,12,,,,,,,,,,,,1,,,,,,20,,,,,,,,,,,,,,,,3,,,,30,,,,,,,,,,,,,,,,,,,0.75,,,,,,,,,,,,,,,20,1,0,0,12,3,0.75,0,0,30,0,12,3,0
olid_11,2009,D1,oli,wldd,olid_11,oli_l,8,-25.66666667,na,na,na,na,na,na,na,na,na,na,na,na,na,na,na,na,na,na,na,na,na,na,na,na,na,na,na,na,na,na,na,na,na,na,na,na,na,na,na,na,na,na,38.5,,,,,0.75,,,9.5,,,,,,,,,,,,,,,,,,,,,,,,,,0,0,0,0,0,0,0,0,0,48.75,0,0,0,0
olid_12,2009,D1,oli,wldd,olid_12,oli_l,8,-25.66666667,0,15,,,7,,,,,,,,,,,,,,,,,,15,,,,,,,,,,,,,,,,4,,,,22.75,,,,,,,,,,,,,,,,,,,,,,,,,,,,,0.15,,,,,15,0,0,0,7,4,0.15,0,0,22.75,0,7,4,0
olid_13,2009,D1,oli,wldd,olid_13,oli_l,8,-25.66666667,na,na,na,na,na,na,na,na,na,na,na,na,na,na,na,na,na,na,na,na,na,na,na,na,na,na,na,na,na,na,na,na,na,na,na,na,na,na,na,na,na,na,0.25,,,,,,,,,,,,,,,,,,,5.5,,,,,,,,,,,,,,,0,0,0,0,0,0,5.5,0,0,0.25,0,0,0,0
olid_14,2009,D1,oli,wldd,olid_14,oli_l,8,-25.66666667,0,3.6,,3,17,,,,,,,,,,,,,,,,,,0.5,,,,,,,,,,,,0.1,,,,25,,,,0.75,,,,,,,,,,,,,,,,,,,,,,,,,,,,,,,,,,0.6,0,0,0,17,28,0,0,0,0.75,0,17,28,0
olid_15,2009,D1,oli,wldd,olid_15,oli_l,8,-25.66666667,na,na,na,na,na,na,na,na,na,na,na,na,na,na,na,na,na,na,na,na,na,na,na,na,na,na,na,na,na,na,na,na,na,na,na,na,na,na,na,na,na,na,21.75,,,,,,,,,,,,,,,,,,,,,,,,,,,,,,,,,,0,0,0,0,0,0,0,0,0,21.75,0,0,0,0
olid_16,2009,D2,oli,wldd,olid_16,oli_l,8,-25.66666667,2,2,,1,5,,,,,,,,,,,,,,,,,,1,,,,,,,2,,,,,,,,,10,,,,4,,,,,,,,,,,,,,,,,,,,,,,,,,,,,,,,,,1,0,0,0,5,13,0,0,0,4,0,5,11,2
olid_17,2009,D2,oli,wldd,olid_17,oli_l,8,-25.66666667,na,na,na,na,na,na,na,na,na,na,na,na,na,na,na,na,na,na,na,na,na,na,na,na,na,na,na,na,na,na,na,na,na,na,na,na,na,na,na,na,na,na,38.25,,,,,1.25,,,,,,,,,,,,,,,,,,,,,,,,,,,,,0,0,0,0,0,0,0,0,0,39.5,0,0,0,0
olid_18,2009,D2,oli,wldd,olid_18,oli_l,8,-25.66666667,7,6,,4,12,,,,,,,,,,,,,,,,,,2,,,,,,,7,,,,,,,,,5,,,,5.025,,,,,,,,,,,,,,,,,,,,,,,,,,,,,0.375,,,,,2,0,0,0,12,16,0.375,0,0,5.025,0,12,9,7
olid_19,2009,D2,oli,wldd,olid_19,oli_l,8,-25.66666667,na,na,na,na,na,na,na,na,na,na,na,na,na,na,na,na,na,na,na,na,na,na,na,na,na,na,na,na,na,na,na,na,na,na,na,na,na,na,na,na,na,na,15,,,,,,,,,,,,,,,,,,,,,,,,,,,,,,,,,,0,0,0,0,0,0,0,0,0,15,0,0,0,0
olid_20,2009,D2,oli,wldd,olid_20,oli_l,8,-25.66666667,0,5,,2,7,,,,,,,,,,,,,,,,,,3,,,,,,,,,,,,,,,,10,,,,6.75,,,,,,,,,,,,,,,,,,,0.25,,,,,,,,,,,,,7.5,,3,0,0,0,7,12,7.75,0,0,6.75,0,7,12,0
olid_21,2009,E1,oli,wldd,olid_21,oli_l,8,-25.66666667,na,na,na,na,na,na,na,na,na,na,na,na,na,na,na,na,na,na,na,na,na,na,na,na,na,na,na,na,na,na,na,na,na,na,na,na,na,na,na,na,na,na,6.25,,,,,,,,,,,,,,,,,,,0.25,,,,,,,,,,,,,,,0,0,0,0,0,0,0.25,0,0,6.25,0,0,0,0
olid_22,2009,E1,oli,wldd,olid_22,oli_l,8,-25.66666667,1.5,2.5,,2.5,7,,,,,,,,,,,,,,,,,,,,,,,,,1.5,,,,,,,,,0.1,,,,5.75,,,,,1,,,,,,,,,,,,,,2.5,,,,,,,,,,,,,,,0,0,0,0,7,4.1,2.5,0,0,6.75,0,7,2.6,1.5
olid_23,2009,E1,oli,wldd,olid_23,oli_l,8,-25.66666667,na,na,na,na,na,na,na,na,na,na,na,na,na,na,na,na,na,na,na,na,na,na,na,na,na,na,na,na,na,na,na,na,na,na,na,na,na,na,na,na,na,na,28,,,,,0.75,,,,,,,,,,,,,,0.5,,,,,,,,,,7.5,,,2,,0,0,0,0,0,0,10,0,0,28.75,0,0,0,0
olid_24,2009,E1,oli,wldd,olid_24,oli_l,8,-25.66666667,0,44.5,,1.5,5,,,,,,,,,,,,,,,,5,,30,,,,,,,,,,,,,,,,10,8,,,4.75,,,,,23.25,,,,,,,,,,,,,,,,,,,,,,,,,,,4.75,,30,0,0,0,13,16.5,4.75,0,0,28,0,13,16.5,0
olid_25,2009,E1,oli,wldd,olid_25,oli_l,8,-25.66666667,na,na,na,na,na,na,na,na,na,na,na,na,na,na,na,na,na,na,na,na,na,na,na,na,na,na,na,na,na,na,na,na,na,na,na,na,na,na,na,na,na,na,,,,,,24.5,,,,,,,,,,,,,,6.25,,,,,,,,,,,,,4.25,,0,0,0,0,0,0,10.5,0,0,24.5,0,0,0,0
olid_26,2009,E2,oli,wldd,olid_26,oli_l,8,-25.66666667,0,13.01,,10,12,,,,,,,0.01,,,,,,,,,,,3,,,,,,,,,,,,,,,,25,,,,24.5,,,,,,,,,,,,,,,,,,,21.75,,,,,,,,,,,,,,,3,0.01,0,0,12,35,21.75,0,0,24.5,0,12,35,0
olid_27,2009,E2,oli,wldd,olid_27,oli_l,8,-25.66666667,na,na,na,na,na,na,na,na,na,na,na,na,na,na,na,na,na,na,na,na,na,na,na,na,na,na,na,na,na,na,na,na,na,na,na,na,na,na,na,na,na,na,17,,,,,48,,,,,,,,,,,,,,,,,,,,,,,,,,,0.25,,0,0,0,0,0,0,0.25,0,0,65,0,0,0,0
olid_28,2009,E2,oli,wldd,olid_28,oli_l,8,-25.66666667,0,4.5,,4,12,,,,,,,0.5,,,,,,,,,,,,,,,,,,,,,,,,,,,4,,,,8.25,,,,,1.75,,,,,,,,,,,,,,,,,,,,,,,,,,,11.5,,0,0.5,0,0,12,8,11.5,0,0,10,0,12,8,0
olid_29,2009,E2,oli,wldd,olid_29,oli_l,8,-25.66666667,na,na,na,na,na,na,na,na,na,na,na,na,na,na,na,na,na,na,na,na,na,na,na,na,na,na,na,na,na,na,na,na,na,na,na,na,na,na,na,na,na,na,6,,,,,,,,,,,,,,,,,,,1.5,,,,,,,,,,,,,,,0,0,0,0,0,0,1.5,0,0,6,0,0,0,0
olid_30,2009,E2,oli,wldd,olid_30,oli_l,8,-25.66666667,0,5.51,,1,15,,,,,,,,,,,,1,,,,,,3.5,,,,,,,,,,,,0.01,,,,1,,,,27.125,,,,,26.75,,,,,,,,,,,,,,,,,,,,,,,,,,,,,3.51,1,0,0,15,2,0,0,0,53.875,0,15,2,0
olid_31,2009,F1,oli,wldd,olid_31,oli_l,8,-25.66666667,na,na,na,na,na,na,na,na,na,na,na,na,na,na,na,na,na,na,na,na,na,na,na,na,na,na,na,na,na,na,na,na,na,na,na,na,na,na,na,na,na,na,45.5,,,,,0.5,,,0.5,,,,,,,,,,,,,,,0.025,,,,,,0.15,,,1,,0,0,0,0,0,0,1.175,0,0,46.5,0,0,0,0
olid_32,2009,F1,oli,wldd,olid_32,oli_l,8,-25.66666667,1,23,,18,30,,,,,,,,,,,,2,,,,,,3,,,,,,,1,,,,,,,,,12,,,,42.75,,,,,,,,4.75,,,,,,,,,,,0.5,,,,,,,,,,0.05,,,,,3,2,0,0,30,31,0.55,0,0,47.5,0,30,30,1
olid_33,2009,F1,oli,wldd,olid_33,oli_l,8,-25.66666667,na,na,na,na,na,na,na,na,na,na,na,na,na,na,na,na,na,na,na,na,na,na,na,na,na,na,na,na,na,na,na,na,na,na,na,na,na,na,na,na,na,na,24,,,,,,,,14.75,,,,,,,,,,,,,,,,,,,,,0.025,,,4.5,,0,0,0,0,0,0,4.525,0,0,38.75,0,0,0,0
olid_34,2009,F1,oli,wldd,olid_34,oli_l,8,-25.66666667,2,7.1,,5,25,,,,,,,,,,,,,,,,,,0.1,,,,,,,2,,,,,2,,,,2,,,,8.5,,,,,,,,18.25,,,,,,,,,,,,,,,,,,,,,,,,,,2.1,0,0,0,25,9,0,0,0,26.75,0,25,7,2
olid_35,2009,F1,oli,wldd,olid_35,oli_l,8,-25.66666667,na,na,na,na,na,na,na,na,na,na,na,na,na,na,na,na,na,na,na,na,na,na,na,na,na,na,na,na,na,na,na,na,na,na,na,na,na,na,na,na,na,na,11.75,,,,,,,,,,,,,,,,,,,,,,,,,,,,,,,,,,0,0,0,0,0,0,0,0,0,11.75,0,0,0,0
olid_36,2009,F2,oli,wldd,olid_36,oli_l,8,-25.66666667,2,4.61,,3,13,,,,,,,0.1,,,,,,,,,,,0.01,,,,,,,2,,,,,1.5,,,,22,,,,11.25,,,,,,,,,,,,,,,,,,,3,,,,,,,,,,,,,,,1.51,0.1,0,0,13,27,3,0,0,11.25,0,13,25,2
olid_37,2009,F2,oli,wldd,olid_37,oli_l,8,-25.66666667,na,na,na,na,na,na,na,na,na,na,na,na,na,na,na,na,na,na,na,na,na,na,na,na,na,na,na,na,na,na,na,na,na,na,na,na,na,na,na,na,na,na,34.875,,,,,,,,21.25,,,,,,,,,,,,,,,,,,,,,,,,,,0,0,0,0,0,0,0,0,0,56.125,0,0,0,0
olid_38,2009,F2,oli,wldd,olid_38,oli_l,8,-25.66666667,0,5.1,,5,18,,,,,,,,,,,,,,,,,,0.1,,,,,,,,,,,,,,,,5,,,,25.775,,,,,,,,,,,,,,,,,,,3.75,,,,,,,,,,,,,,,0.1,0,0,0,18,10,3.75,0,0,25.775,0,18,10,0
olid_39,2009,F2,oli,wldd,olid_39,oli_l,8,-25.66666667,na,na,na,na,na,na,na,na,na,na,na,na,na,na,na,na,na,na,na,na,na,na,na,na,na,na,na,na,na,na,na,na,na,na,na,na,na,na,na,na,na,na,,,,,,3,,,,,,,,,,,,,,,,,,,,,,,,,,,,,0,0,0,0,0,0,0,0,0,3,0,0,0,0
olid_40,2009,F2,oli,wldd,olid_40,oli_l,8,-25.66666667,12,9.5,,7,13,12,,,,,,1.5,,,,,,,,,,,1,,,,,,,,,,,,,,,,4,,,,41.25,,,,,10,,,,,,,,,,,,,,,,,,,,,,,,,,,,,1,1.5,0,0,25,11,0,0,0,51.25,0,13,11,12
ombc_01,2009,T1,omb,ctr,ombc_1,omb_hu,0,-12.77272727,na,na,na,na,na,na,na,na,na,na,na,na,na,na,na,na,na,na,na,na,na,na,na,na,na,na,na,na,na,na,na,na,na,na,na,na,na,na,na,na,na,na,,29,,,69.25,,,,,,,,,,,,,,,,,,,,,,,,0.25,1.4,,,9.75,,0,0,0,0,0,0,11.15,0.25,0,29,69.25,0,0,0
ombc_02,2009,T1,omb,ctr,ombc_2,omb_hu,0,-12.77272727,0,39,,6,,,,,,,,,,,,,,,,,3,,2,,,,,,,,,28,,,,,,,1.5,,,,,52.5,,,42.5,,,,,,,,,,,,,,,,,,,,,,,,,,,,2.25,,2,0,28,0,0,10.5,2.25,0,0,52.5,42.5,0,10.5,0
ombc_03,2009,T1,omb,ctr,ombc_3,omb_hu,0,-12.77272727,na,na,na,na,na,na,na,na,na,na,na,na,na,na,na,na,na,na,na,na,na,na,na,na,na,na,na,na,na,na,na,na,na,na,na,na,na,na,na,na,na,na,,82.25,,,0.25,,,,,,,,,,,,,,,,,,,,,,,,,,,,,,0,0,0,0,0,0,0,0,0,82.25,0.25,0,0,0
ombc_04,2009,T1,omb,ctr,ombc_4,omb_hu,0,-12.77272727,0,53,,3,,,,,,,,,,,,,,,,,35,,1,,,,,,,,,4,,,,,,,9,10,,,,25.75,,,62.5,,,,,,,,,,,,,,,,,,,,,,,,3.25,0.125,,,4.75,,1,0,4,0,10,47,4.875,3.25,0,25.75,62.5,10,47,0
ombc_05,2009,T1,omb,ctr,ombc_5,omb_hu,0,-12.77272727,na,na,na,na,na,na,na,na,na,na,na,na,na,na,na,na,na,na,na,na,na,na,na,na,na,na,na,na,na,na,na,na,na,na,na,na,na,na,na,na,na,na,,2,,,90.25,,,,,,,,,,,,,,,,,,,,,,,,,,,,10.25,,0,0,0,0,0,0,10.25,0,0,2,90.25,0,0,0
ombc_06,2009,T2,omb,ctr,ombc_6,min_hl,0,-12.77272727,0,30,,4,,,,,,,,,,,,,,,0.1,,16,,2,,,,,,,,,7,,,,,,,5,1,,,40,,,,41.25,,,,,,,,,,,,,,,11.75,,,,,,,,,,,,,9.25,,2,0,7.1,0,1,25,21,0,0,40,41.25,1,25,0
ombc_07,2009,T2,omb,ctr,ombc_7,min_hl,0,-12.77272727,na,na,na,na,na,na,na,na,na,na,na,na,na,na,na,na,na,na,na,na,na,na,na,na,na,na,na,na,na,na,na,na,na,na,na,na,na,na,na,na,na,na,81.5,,,,3.25,,,,,,,,,,,,,,,0.25,,,,,,,,,,0.15,,,3.75,,0,0,0,0,0,0,4.15,0,0,81.5,3.25,0,0,0
ombc_08,2009,T2,omb,ctr,ombc_8,omb_hu,0,-12.77272727,0,51.5,,7,,,,,,,,,,,,,,,,,27,,0.5,,,,,,,,,15,,,,,,,5,2,,,,3.5,,,95.5,,,,,,,,,,,,,,,,,,,,,,,,,,,,,,0.5,0,15,0,2,39,0,0,0,3.5,95.5,2,39,0
ombc_09,2009,T2,omb,ctr,ombc_9,omb_ll,0,-12.77272727,na,na,na,na,na,na,na,na,na,na,na,na,na,na,na,na,na,na,na,na,na,na,na,na,na,na,na,na,na,na,na,na,na,na,na,na,na,na,na,na,na,na,,46.75,,12.25,2.5,31.25,,,,,,,,,,,,,,,,,,,,,,,,,,,,,0,0,0,0,0,0,0,0,12.25,78,2.5,0,0,0
ombc_10,2009,T2,omb,ctr,ombc_10,omb_ll,0,-12.77272727,0,30.5,,3,,,,,,,,,,,,,,,2.5,,22.5,,,,,,,,,,,5,,,,,,,,,,,,69.75,,2,8.75,10.75,,,,,,,,,,,,,,,,,,,,,,,1.025,,,,0.25,,0,0,7.5,0,0,25.5,0.25,1.025,2,80.5,8.75,0,25.5,0
ombc_11,2009,T3,omb,ctr,ombc_11,omb_ho,0,-12.77272727,na,na,na,na,na,na,na,na,na,na,na,na,na,na,na,na,na,na,na,na,na,na,na,na,na,na,na,na,na,na,na,na,na,na,na,na,na,na,na,na,na,na,,,,93.5,,,,,,,,,,,,,,,,,,,,,,1.3,,,,,,,,,0,0,0,0,0,0,0,1.3,93.5,0,0,0,0,0
ombc_12,2009,T3,omb,ctr,ombc_12,omb_ho,0,-12.77272727,0,25,,3,,,,,,,,,,,,,,,1,,8,,10,,,,,,,,,2,,,,,,,2,2,,,,,,97.25,,,2,,,,,,,,,,,,,,,,,,,,,,,,,,,,10,0,3,0,2,13,0,0,99.25,0,0,2,13,0
ombc_13,2009,T3,omb,ctr,ombc_13,omb_ho,0,-12.77272727,na,na,na,na,na,na,na,na,na,na,na,na,na,na,na,na,na,na,na,na,na,na,na,na,na,na,na,na,na,na,na,na,na,na,na,na,na,na,na,na,na,na,,22.75,,68.25,,8,,,,,,,,,,,,,,,,,,,,1.5,,,,,,,,,0,0,0,0,0,0,0,1.5,68.25,30.75,0,0,0,0
ombc_14,2009,T3,omb,ctr,ombc_14,omb_ho,0,-12.77272727,0,4,,,,,,,,,,,,,,,,,,,,,,,,,,,,,,,,4,,,,,,,,,,24.75,,72.75,,1.75,,,,,1,,,,,,,,,,,,,,,,,,,,,,,,0,0,4,0,0,0,0,0,72.75,26.5,1,0,0,0
ombc_15,2009,T3,omb,ctr,ombc_15,omb_ho,0,-12.77272727,na,na,na,na,na,na,na,na,na,na,na,na,na,na,na,na,na,na,na,na,na,na,na,na,na,na,na,na,na,na,na,na,na,na,na,na,na,na,na,na,na,na,,0.75,,98,,,,,,,,,,,,,,,,,,,,,,,,,,,,,,,0,0,0,0,0,0,0,0,98,0.75,0,0,0,0
ombc_16,2009,T4,omb,ctr,ombc_16,omb_ho,0,-12.77272727,0,9,,6,,,,,,,,,,,,,,,,,,,,,,,,,,,,,,3,,,,,0.5,,,,,12.75,,85,,,,,,,,,,,,,,,,,,,,,,,,,,,,,,,0,0,3,0,0,6.5,0,0,85,12.75,0,0,6.5,0
ombc_17,2009,T4,omb,ctr,ombc_17,omb_hl,0,-12.77272727,na,na,na,na,na,na,na,na,na,na,na,na,na,na,na,na,na,na,na,na,na,na,na,na,na,na,na,na,na,na,na,na,na,na,na,na,na,na,na,na,na,na,,38,,,22.25,0.25,,,,,2,,,,,,,,,,,,,,,,,,0.25,,,,,,0,0,0,0,0,0,0,0.25,0,38.25,24.25,0,0,0
ombc_18,2009,T4,omb,ctr,ombc_18,omb_hu,0,-12.77272727,0,7,,2,,,,,,,,,,,,,,,,,,,4,,,,,,,,,1,,,,,,,0.5,,,,,44.25,,,19,,,,,,,,,,,,,,,,,,,,,,,,4.375,,,,2.5,,4,0,1,0,0,2.5,2.5,4.375,0,44.25,19,0,2.5,0
ombc_19,2009,T4,omb,ctr,ombc_19,omb_hu,0,-12.77272727,na,na,na,na,na,na,na,na,na,na,na,na,na,na,na,na,na,na,na,na,na,na,na,na,na,na,na,na,na,na,na,na,na,na,na,na,na,na,na,na,na,na,,4.25,,,93.75,,,,,,,,,,,,,,,,,,,,,,,,,,,,,,0,0,0,0,0,0,0,0,0,4.25,93.75,0,0,0
ombc_20,2009,T4,omb,ctr,ombc_20,omb_hu,0,-12.77272727,0,14,,2,,,,,,,,,,,,,,,0.5,,4,,3,,,,,,,,,,,,,,,,5,5,,,,,,,100,,,,,,,,,,,,,,,,,,,,,,,,,,,,,,3,0,0.5,0,5,11,0,0,0,0,100,5,11,0
ombc_21,2009,U1,omb,ctr,ombc_21,omb_hu,0,-12.77272727,na,na,na,na,na,na,na,na,na,na,na,na,na,na,na,na,na,na,na,na,na,na,na,na,na,na,na,na,na,na,na,na,na,na,na,na,na,na,na,na,na,na,,0.5,,,99.25,,,,,,,,,,,,,,,,,,,,,,,,0.025,,,,,,0,0,0,0,0,0,0,0.025,0,0.5,99.25,0,0,0
ombc_22,2009,U1,omb,ctr,ombc_22,omb_hu,0,-12.77272727,0,17,,1,,,,,,,,,,,,,,,0.1,,5,,1,,,,,,,,,4,,,,,,,1.5,6,,,,,,,99.5,,,,,,,,,,,,,,,,,,,,,,,,,,,,,,1,0,4.1,0,6,7.5,0,0,0,0,99.5,6,7.5,0
ombc_23,2009,U1,omb,ctr,ombc_23,omb_hl,0,-12.77272727,na,na,na,na,na,na,na,na,na,na,na,na,na,na,na,na,na,na,na,na,na,na,na,na,na,na,na,na,na,na,na,na,na,na,na,na,na,na,na,na,na,na,,7,,,77.75,,,,,,14.5,,,,,,,,,,,,,,,,,,,,,,,,0,0,0,0,0,0,0,0,0,7,92.25,0,0,0
ombc_24,2009,U1,omb,ctr,ombc_24,omb_hl,0,-12.77272727,0,17,,3,,,,,,,,,,,,,,,3,,3,,1,,,,,,,,,10,,,,,,,1,,,,,12.75,,0.5,84.5,0.5,,,,,0.75,,,,,,,,,,,,,,,,,,,,,,,,1,0,13,0,0,7,0,0,0.5,13.25,85.25,0,7,0
ombc_25,2009,U1,omb,ctr,ombc_25,omb_ho,0,-12.77272727,na,na,na,na,na,na,na,na,na,na,na,na,na,na,na,na,na,na,na,na,na,na,na,na,na,na,na,na,na,na,na,na,na,na,na,na,na,na,na,na,na,na,,72.75,,8.75,,0.5,,,,,14,,,,,,,,,,,,,,,11.75,,,,,,,,,0,0,0,0,0,0,0,11.75,8.75,73.25,14,0,0,0
ombc_26,2009,U2,omb,ctr,ombc_26,omb_ho,0,-12.77272727,0,11,,3,,,,,,,,,,,,,,,1,,,,3,,,,,,,,,5,,,,,,,1,,,,,54.625,,28.5,,,,,,,,,,,,,,,,,,,,,,3,,,,,,,,,3,0,6,0,0,4,0,3,28.5,54.625,0,0,4,0
ombc_27,2009,U2,omb,ctr,ombc_27,omb_hu,0,-12.77272727,na,na,na,na,na,na,na,na,na,na,na,na,na,na,na,na,na,na,na,na,na,na,na,na,na,na,na,na,na,na,na,na,na,na,na,na,na,na,na,na,na,na,,51,,,48.25,,,,,,,,,,,,,,,,,,,,,,,,2.775,,,,,,0,0,0,0,0,0,0,2.775,0,51,48.25,0,0,0
ombc_28,2009,U2,omb,ctr,ombc_28,omb_hl,0,-12.77272727,0,3.5,,1,,,,,,,,,,,,,,,1,,,,2,,,,,,,,,,,0.5,,,,,0.5,,,,,16.25,,,83.75,,,,,,,,,,,,,,,,,,,,,,,,0.3,,,,,,2,0,1.5,0,0,1.5,0,0.3,0,16.25,83.75,0,1.5,0
ombc_29,2009,U2,omb,ctr,ombc_29,omb_hu,0,-12.77272727,na,na,na,na,na,na,na,na,na,na,na,na,na,na,na,na,na,na,na,na,na,na,na,na,na,na,na,na,na,na,na,na,na,na,na,na,na,na,na,na,na,na,,7.375,,,93.25,,,,,,,,,,,,,,,,,,,,,,,,0.875,,,,,,0,0,0,0,0,0,0,0.875,0,7.375,93.25,0,0,0
ombc_30,2009,U2,omb,ctr,ombc_30,omb_ll,0,-12.77272727,0,24.5,,10,,,,,,,,,,,,,,,1,,1,,1,,,,,,,0.5,,12.5,,,,,,,0.5,,,,,95,,,,,,,,,,,,,,,,,,,,,,,,,,,,,,,,,1,0,13.5,0,0,12,0,0,0,95,0,0,11.5,0.5
ombc_31,2009,U3,omb,ctr,ombc_31,omb_ll,0,-12.77272727,na,na,na,na,na,na,na,na,na,na,na,na,na,na,na,na,na,na,na,na,na,na,na,na,na,na,na,na,na,na,na,na,na,na,na,na,na,na,na,na,na,na,,92,,,2.25,2,,,,,2.5,,,,,,,,,,,,,,,,,,,,,,,,0,0,0,0,0,0,0,0,0,94,4.75,0,0,0
ombc_32,2009,U3,omb,ctr,ombc_32,omb_ho,0,-12.77272727,0,8,,2,,,,,,,,,,,,,,,,,,,4,,,,,,,,,2,,,,,,,0.5,,,,,,,4.5,,,85.5,,,,,,,,,,,,,,,,,,,,,,,,,,,,4,0,2,0,0,2.5,0,0,90,0,0,0,2.5,0
ombc_33,2009,U3,omb,ctr,ombc_33,omb_ll,0,-12.77272727,na,na,na,na,na,na,na,na,na,na,na,na,na,na,na,na,na,na,na,na,na,na,na,na,na,na,na,na,na,na,na,na,na,na,na,na,na,na,na,na,na,na,,68.75,,3.75,,21.75,,,,,4,,,,,,,,,,,,,,,,,,,,,,,,0,0,0,0,0,0,0,0,3.75,90.5,4,0,0,0
ombc_34,2009,U3,omb,ctr,ombc_34,omb_hu,0,-12.77272727,0,3,,,,,,,,,,,,,,,,,,,,,3,,,,,,,,,,,,,,,,1,,,,,1,,,99.75,,,,,,,,,,,,,,,,,,,,,,,,,,,,,,3,0,0,0,0,1,0,0,0,1,99.75,0,1,0
ombc_35,2009,U3,omb,ctr,ombc_35,omb_hl,0,-12.77272727,na,na,na,na,na,na,na,na,na,na,na,na,na,na,na,na,na,na,na,na,na,na,na,na,na,na,na,na,na,na,na,na,na,na,na,na,na,na,na,na,na,na,,6.5,,,86.5,,,,,,5,,,,,,,,,,,,,,,,,,,,,,,,0,0,0,0,0,0,0,0,0,6.5,91.5,0,0,0
ombc_36,2009,U4,omb,ctr,ombc_36,omb_hu,0,-12.77272727,0,24.5,,6,,,,,,,,,,,,,,,1,,,,0.5,,,,,,,,,10,,,,,,,3,8,,,,19,,,51.75,,,,,,,,,,,,,,,,,,,,,,,,2.4,3.25,,,,,0.5,0,11,0,8,9,3.25,2.4,0,19,51.75,8,9,0
ombc_37,2009,U4,omb,ctr,ombc_37,omb_hu,0,-12.77272727,na,na,na,na,na,na,na,na,na,na,na,na,na,na,na,na,na,na,na,na,na,na,na,na,na,na,na,na,na,na,na,na,na,na,na,na,na,na,na,na,na,na,,16.75,,,78.25,,,,,,,,,,,,,,,,,,,,,,,,,,,,,,0,0,0,0,0,0,0,0,0,16.75,78.25,0,0,0
ombc_38,2009,U4,omb,ctr,ombc_38,omb_hu,0,-12.77272727,0,52,,2,,,,,,,,,,,,,,,3,,20,,2,,,,,,,,,20,,,,,,,10,8,,,,47.5,,,30,,,,,,,,,,,,,,,,,,,,,,,,,,,,,,2,0,23,0,8,32,0,0,0,47.5,30,8,32,0
ombc_39,2009,U4,omb,ctr,ombc_39,omb_hu,0,-12.77272727,na,na,na,na,na,na,na,na,na,na,na,na,na,na,na,na,na,na,na,na,na,na,na,na,na,na,na,na,na,na,na,na,na,na,na,na,na,na,na,na,na,na,,11.75,,,69.5,,,,,,,,,,,,,,,,,,,,,,,,,,,,,,0,0,0,0,0,0,0,0,0,11.75,69.5,0,0,0
ombc_40,2009,U4,omb,ctr,ombc_40,omb_hu,0,-12.77272727,0,67.5,,7,,,,,,,,,,,,,,,,,30,,0.5,,,,,,,,,25,,,,,,,7,5,,,,5,,,94.5,,,,,,,,,,,,,,,,,,,,,,,,,,,,,,0.5,0,25,0,5,44,0,0,0,5,94.5,5,44,0
ombf_01,2009,Z1,omb,fst,ombf_1,,48,-24.33333333,na,na,na,na,na,na,na,na,na,na,na,na,na,na,na,na,na,na,na,na,na,na,na,na,na,na,na,na,na,na,na,na,na,na,na,na,na,na,na,na,na,na,,,,,,,,,,,,,,,,,,,,,,,,0.625,18.75,,,,,23.75,,,,,0,0,0,0,0,0,43.125,0,0,0,0,0,0,0
ombf_02,2009,Z1,omb,fst,ombf_2,,48,-24.33333333,0,53.1,,,,,,,,,,,,,,,,,,,0.1,,3,,20,,,,,,,30,,,,,,,,,na,,1,,,,,,,,,,,,,,,,,,,,,,,,0.5,,,,,36.75,,,1.25,,3,0,30,0,0,20.1,38.5,0,0,1,0,0,20.1,0
ombf_03,2009,Z1,omb,fst,ombf_3,,48,-24.33333333,na,na,na,na,na,na,na,na,na,na,na,na,na,na,na,na,na,na,na,na,na,na,na,na,na,na,na,na,na,na,na,na,na,na,na,na,na,na,na,na,na,na,1.25,,,,,,,,,,,,,,,,,,,,,,,,1.75,,,,,41.25,,,,,0,0,0,0,0,0,43,0,0,1.25,0,0,0,0
ombf_04,2009,Z1,omb,fst,ombf_4,,48,-24.33333333,0,32,,,,,,,,,,,,,,,,,,,1,,15,,,,,,,,,1,,,,,,,,15,,,,,,,,,,,,,,,,,,,,,,,,,,,,,,,,76.25,,,,,15,0,1,0,15,1,76.25,0,0,0,0,15,1,0
ombf_05,2009,Z1,omb,fst,ombf_5,,48,-24.33333333,na,na,na,na,na,na,na,na,na,na,na,na,na,na,na,na,na,na,na,na,na,na,na,na,na,na,na,na,na,na,na,na,na,na,na,na,na,na,na,na,na,na,,,,,,,,,,,,,,,,,,,,,,,,21.25,1.75,,,,,31.25,,,,,0,0,0,0,0,0,54.25,0,0,0,0,0,0,0
ombf_06,2009,Z2,omb,fst,ombf_6,,48,-24.33333333,0,3.5,,,,,,,,,,,,,,,,,,,,,,,3,,,,,,,,,,,,,,,0.5,,,3,,,,77,,,,,,,,,,,,,,,,,,,,,,,,,,,,,,0,0,0,0,0.5,3,0,0,0,3,77,0.5,3,0
ombf_07,2009,Z2,omb,fst,ombf_7,,48,-24.33333333,na,na,na,na,na,na,na,na,na,na,na,na,na,na,na,na,na,na,na,na,na,na,na,na,na,na,na,na,na,na,na,na,na,na,na,na,na,na,na,na,na,na,2.25,,,,,,,,,,,,,,,,,,,,,,,0.25,1.75,,,,,60,,,,,0,0,0,0,0,0,62,0,0,2.25,0,0,0,0
ombf_08,2009,Z2,omb,fst,ombf_8,,48,-24.33333333,0,9.5,,1,,,,,,,,,,,,,,,,,2,,1,,,,,,,,,0.5,,,,,,,0.5,5,,,,,,,,,,,,,,,,,,,,,,,,,,2.75,3.625,,,,,26,,,,,1,0,0.5,0,5,3.5,32.375,0,0,0,0,5,3.5,0
ombf_09,2009,Z2,omb,fst,ombf_9,,48,-24.33333333,na,na,na,na,na,na,na,na,na,na,na,na,na,na,na,na,na,na,na,na,na,na,na,na,na,na,na,na,na,na,na,na,na,na,na,na,na,na,na,na,na,na,,,,,,,,,,,,,,,,,,,,0.25,,,,0.625,1.25,,,,,30,,,0.5,,0,0,0,0,0,0,32.625,0,0,0,0,0,0,0
ombf_10,2009,Z2,omb,fst,ombf_10,,48,-24.33333333,0,0.5,,,,,,,,,,,,,,,,,,,,,0.5,,,,,,,,,,,,,,,,,,,,15,,,,22.5,,,,,,,,,,,,,,,,,,,2.5,,,,,,12,,,3,,0.5,0,0,0,0,0,17.5,0,0,15,22.5,0,0,0
ombf_11,2009,AA1,omb,fst,ombf_11,,48,-24.33333333,na,na,na,na,na,na,na,na,na,na,na,na,na,na,na,na,na,na,na,na,na,na,na,na,na,na,na,na,na,na,na,na,na,na,na,na,na,na,na,na,na,na,,,,,,,,,,,,,,,,,,,,,,,,,,,,,,67.5,,,,,0,0,0,0,0,0,67.5,0,0,0,0,0,0,0
ombf_12,2009,AA1,omb,fst,ombf_12,,48,-24.33333333,0,14,,,,,,,,,,,,,,,,,,,,,7,,,,,,,,,,,,,,,,5,7,,,0.75,,,,7,40,,,,,,,,,,,,,,,,,,,,,,,,,,,0.25,,7,0,0,0,7,5,0.25,0,0,40.75,7,7,5,0
ombf_13,2009,AA1,omb,fst,ombf_13,,48,-24.33333333,na,na,na,na,na,na,na,na,na,na,na,na,na,na,na,na,na,na,na,na,na,na,na,na,na,na,na,na,na,na,na,na,na,na,na,na,na,na,na,na,na,na,29.25,,,,,,,,,,,,,,,,,,,,,,,,0.75,,,,,2.375,,,,,0,0,0,0,0,0,3.125,0,0,29.25,0,0,0,0
ombf_14,2009,AA1,omb,fst,ombf_14,,48,-24.33333333,1,4.5,,,,na,,,,,,,,,,,,,,,,,4,,,,,,,1,,0.5,,,,,,,1,,,,30,,,,0.75,,,,,,,,,,,,,,,,,,,,0.25,,,,,9,,,,,4,0,0.5,0,0,2,9.25,0,0,30,0.75,0,1,1
ombf_15,2009,AA1,omb,fst,ombf_15,,48,-24.33333333,na,na,na,na,na,na,na,na,na,na,na,na,na,na,na,na,na,na,na,na,na,na,na,na,na,na,na,na,na,na,na,na,na,na,na,na,na,na,na,na,na,na,3.75,,,,,,,,,,,,,,,,,,,,,,,,,,,,,35,,,,,0,0,0,0,0,0,35,0,0,3.75,0,0,0,0
ombf_16,2009,AA2,omb,fst,ombf_16,,48,-24.33333333,0,18,,,,,,,,,,,,,,,,,,,,,8,,,,,,,,,3,,,,,,,7,7,,,3.75,,,,38.25,,,,,,,,,,,,,,,2.75,,,,,1.125,,,,,1.875,,,,,8,0,3,0,7,7,5.75,0,0,3.75,38.25,7,7,0
ombf_17,2009,AA2,omb,fst,ombf_17,,48,-24.33333333,na,na,na,na,na,na,na,na,na,na,na,na,na,na,na,na,na,na,na,na,na,na,na,na,na,na,na,na,na,na,na,na,na,na,na,na,na,na,na,na,na,na,1,,,,,,,,,,,,,,,,,,,12,,,,,,,,,,0.5,,,,,0,0,0,0,0,0,12.5,0,0,1,0,0,0,0
ombf_18,2009,AA2,omb,fst,ombf_18,,48,-24.33333333,0,6,,,,,,,,,,,,,,,,,2,,,,6,,,,,,,,,,,,,,,,10,,,,,,,,,,,,,,,,,,,,,,,4.75,,,,,0.275,,,,,38.75,,,,,6,0,2,0,0,10,43.775,0,0,0,0,0,10,0
ombf_19,2009,AA2,omb,fst,ombf_19,,48,-24.33333333,na,na,na,na,na,na,na,na,na,na,na,na,na,na,na,na,na,na,na,na,na,na,na,na,na,na,na,na,na,na,na,na,na,na,na,na,na,na,na,na,na,na,,,,,,,,,,,,,,,,,,,,0.25,,,,,6.25,,,,,25,,,,,0,0,0,0,0,0,31.5,0,0,0,0,0,0,0
ombf_20,2009,AA2,omb,fst,ombf_20,,48,-24.33333333,0,61,,,2,,,,,,,,,,,,,,,,15,,1,,,,,,,,,25,,,,,,,0.5,20,,,,,,,,,,,,,,,,,,,,,,,,,,,,,,,,51.25,,,0.25,,1,0,25,0,22,15.5,51.5,0,0,0,0,22,15.5,0
ombd_01,2009,V1,omb,wldd,ombd_1,omb_hl,9,-15.44444444,na,na,na,na,na,na,na,na,na,na,na,na,na,na,na,na,na,na,na,na,na,na,na,na,na,na,na,na,na,na,na,na,na,na,na,na,na,na,na,na,na,na,,8.25,,,89.75,,,,,,,,,,,,,,,,,,,,,,,,0.125,,,,,,0,0,0,0,0,0,0,0.125,0,8.25,89.75,0,0,0
ombd_02,2009,V1,omb,wldd,ombd_2,omb_hu,9,-15.44444444,0,15.5,,5,,,,,,,,,,,,,,,,,2,,1,,,,,,,,,6,,1.5,,,,,1.5,,,,,17.5,,,60,,,,,,,,,,,,,,,,,,,,,,,,,,,,7.25,,1,0,7.5,0,0,8.5,7.25,0,0,17.5,60,0,8.5,0
ombd_03,2009,V1,omb,wldd,ombd_3,omb_hl,9,-15.44444444,na,na,na,na,na,na,na,na,na,na,na,na,na,na,na,na,na,na,na,na,na,na,na,na,na,na,na,na,na,na,na,na,na,na,na,na,na,na,na,na,na,na,,2.5,,,87.25,,,,,,,,,,,,,,,,,,,,,,,,,,,,,,0,0,0,0,0,0,0,0,0,2.5,87.25,0,0,0
ombd_04,2009,V1,omb,wldd,ombd_4,omb_hl,9,-15.44444444,0,21.1,,,,,,,,,,,,,,,,,,,20,,0.1,,,,,,,,,1,,,,,,,1,,,,,2.625,,,93.25,,,,,,2.75,,,,,,,,,,,,,,,,,,0.875,,,,,,0.1,0,1,0,0,21,0,0.875,0,2.625,96,0,21,0
ombd_05,2009,V1,omb,wldd,ombd_5,omb_hu,9,-15.44444444,na,na,na,na,na,na,na,na,na,na,na,na,na,na,na,na,na,na,na,na,na,na,na,na,na,na,na,na,na,na,na,na,na,na,na,na,na,na,na,na,na,na,,8.375,,,89.75,,,,,,,,,,,,,,,,,,,,,,,,2.375,,,,,,0,0,0,0,0,0,0,2.375,0,8.375,89.75,0,0,0
ombd_06,2009,V2,omb,wldd,ombd_6,omb_hl,9,-15.44444444,0,27,,20,,,,,,,,,,,,,,,5,,5,,1,,,,,,,0.1,,1,,,,,,,3,,,,,2.75,,,47.75,,,,,,47.5,,,,,,,,,,,,,,,,,,,,,,,,1,0,6,0,0,28.1,0,0,0,2.75,95.25,0,28,0.1
ombd_07,2009,V2,omb,wldd,ombd_7,omb_hl,9,-15.44444444,na,na,na,na,na,na,na,na,na,na,na,na,na,na,na,na,na,na,na,na,na,na,na,na,na,na,na,na,na,na,na,na,na,na,na,na,na,na,na,na,na,na,,28,,,34.5,,,,,,17.5,,,,,,,,,,,,,,,,,,11.25,,,,,,0,0,0,0,0,0,0,11.25,0,28,52,0,0,0
ombd_08,2009,V2,omb,wldd,ombd_8,omb_hu,9,-15.44444444,0,37,,8,,,,,,,,,,,,,,,7,,15,,2,,,,,,,0.1,,10,,,,,,,0.5,2,,,,82.25,,,,,,,,,0.5,,,,,,,,,,,,,,,,,,0.5,,,,,,2,0,17,0,2,23.6,0,0.5,0,82.25,0.5,2,23.5,0.1
ombd_09,2009,V2,omb,wldd,ombd_9,omb_hu,9,-15.44444444,na,na,na,na,na,na,na,na,na,na,na,na,na,na,na,na,na,na,na,na,na,na,na,na,na,na,na,na,na,na,na,na,na,na,na,na,na,na,na,na,na,na,,24.25,,,,,,,,,,,,,,,,,,,,,,,,,,,,,,,,,0,0,0,0,0,0,0,0,0,24.25,0,0,0,0
ombd_10,2009,V2,omb,wldd,ombd_10,omb_ll,9,-15.44444444,0,3,,1,,,,,,,,,,,,,,,,,,,2,,,,,,,,,,,,,,,,1,,,,,20.25,,8.75,,0.5,59.5,,,,0.75,,,,,,,,,,,,,,,2.25,,,,,,,,,2,0,0,0,0,2,0,2.25,68.25,20.75,0.75,0,2,0
ombd_11,2009,W1,omb,wldd,ombd_11,omb_hu,9,-15.44444444,na,na,na,na,na,na,na,na,na,na,na,na,na,na,na,na,na,na,na,na,na,na,na,na,na,na,na,na,na,na,na,na,na,na,na,na,na,na,na,na,na,na,,15.25,,,83,,,,,,,,,,,,,,,,,,,,,,,,,,,,,,0,0,0,0,0,0,0,0,0,15.25,83,0,0,0
ombd_12,2009,W1,omb,wldd,ombd_12,omb_hu,9,-15.44444444,0,0,,,,,,,,,,,,,,,,,,,,,,,,,,,,,,,,,,,,,,,,,,2.75,,,87,,,,,,,,,,,,,,,,,,,,,,,,4,,,,0.25,,0,0,0,0,0,0,0.25,4,0,2.75,87,0,0,0
ombd_13,2009,W1,omb,wldd,ombd_13,omb_hu,9,-15.44444444,na,na,na,na,na,na,na,na,na,na,na,na,na,na,na,na,na,na,na,na,na,na,na,na,na,na,na,na,na,na,na,na,na,na,na,na,na,na,na,na,na,na,,2,,,91.5,,,,,,1.25,,,,,,,,,,,,,,,,,,3.25,,,,,,0,0,0,0,0,0,0,3.25,0,2,92.75,0,0,0
ombd_14,2009,W1,omb,wldd,ombd_14,omb_ll,9,-15.44444444,0,24,,3,,,,,,,,,,,,,,,1,,12,,2,,,,,,,,,7,,,,,,,0.5,,,,,56.5,,,,,,,,,1,,,,,,,,,,,,,0.5,,,,,,,,,,,2,0,8,0,0,15.5,0.5,0,0,56.5,1,0,15.5,0
ombd_15,2009,W1,omb,wldd,ombd_15,omb_ll,9,-15.44444444,na,na,na,na,na,na,na,na,na,na,na,na,na,na,na,na,na,na,na,na,na,na,na,na,na,na,na,na,na,na,na,na,na,na,na,na,na,na,na,na,na,na,,58.75,,,,,,,,,,,,,,,,,,,,,,,,,,,,,,,,,0,0,0,0,0,0,0,0,0,58.75,0,0,0,0
ombd_16,2009,W2,omb,wldd,ombd_16,omb_hu,9,-15.44444444,0,9,,2,,,,,,,,,,,,,,,,,,,4,,,,,,,,,,,,,,,,2,3,,,,44.5,,,46,,,,,,,,,,,,,,,,,,,,,0.25,,,,,,,,,4,0,0,0,3,4,0,0.25,0,44.5,46,3,4,0
ombd_17,2009,W2,omb,wldd,ombd_17,omb_ll,9,-15.44444444,na,na,na,na,na,na,na,na,na,na,na,na,na,na,na,na,na,na,na,na,na,na,na,na,na,na,na,na,na,na,na,na,na,na,na,na,na,na,na,na,na,na,,40.5,,,,,,,,,0.75,,,,,,,,,,,,,,,,,,,,,,,,0,0,0,0,0,0,0,0,0,40.5,0.75,0,0,0
ombd_18,2009,W2,omb,wldd,ombd_18,omb_ho,9,-15.44444444,0,9,,6,,,,,,,,,,,,,,,1,,2,,1,,,,,,,,,,,,,,,,0.1,,,,,68,,,,,,,,,,,,,,,,,,,,,,,,,,,,,,,,,1,0,1,0,0,8.1,0,0,0,68,0,0,8.1,0
ombd_19,2009,W2,omb,wldd,ombd_19,omb_hl,9,-15.44444444,na,na,na,na,na,na,na,na,na,na,na,na,na,na,na,na,na,na,na,na,na,na,na,na,na,na,na,na,na,na,na,na,na,na,na,na,na,na,na,na,na,na,,6.25,,,81,0.75,,,,,13.75,,,,,,,,,,,,,,,,,,,,,,,,0,0,0,0,0,0,0,0,0,7,94.75,0,0,0
ombd_20,2009,W2,omb,wldd,ombd_20,omb_hl,9,-15.44444444,1,6.5,,6,0.1,,,,,,,,,,,,,,1,,,,0.5,,,,,,,1,,,,,,,,,0.5,,,,,4.5,,,83.5,1,,,,,9.5,,,,,,,,,,,,,,,,,,,,,,,,0.5,0,1,0,0.1,7.5,0,0,0,5.5,93,0.1,6.5,1
ombd_21,2009,X1,omb,wldd,ombd_21,omb_hu,9,-15.44444444,na,na,na,na,na,na,na,na,na,na,na,na,na,na,na,na,na,na,na,na,na,na,na,na,na,na,na,na,na,na,na,na,na,na,na,na,na,na,na,na,na,na,,27,,,64.75,1.5,,,,,,,,,,,,,,,,,,,,,,,0.525,,,,,,0,0,0,0,0,0,0,0.525,0,28.5,64.75,0,0,0
ombd_22,2009,X1,omb,wldd,ombd_22,omb_hu,9,-15.44444444,0,17.5,na,,,,,,,,,,,,,,,,5,,2,,2,,,,,,,,,1.5,,,,,,,2,12,,,,4.5,,,94,,,,,,0.25,,,,,,,,,,,,,0.125,,,,,,,,,,,2,0,6.5,0,12,4,0.125,0,0,4.5,94.25,12,4,0
ombd_23,2009,X1,omb,wldd,ombd_23,omb_hl,9,-15.44444444,na,na,na,na,na,na,na,na,na,na,na,na,na,na,na,na,na,na,na,na,na,na,na,na,na,na,na,na,na,na,na,na,na,na,na,na,na,na,na,na,na,na,,18,,,72,1.5,,,,,7.25,,,,,,,,,,,,,,,,,,0.75,,,,,,0,0,0,0,0,0,0,0.75,0,19.5,79.25,0,0,0
ombd_24,2009,X1,omb,wldd,ombd_24,omb_hl,9,-15.44444444,1,25,,6,,,,,,,,,,,,,,,1,,8,,1,,,,,,,1,,10,,,,,,,1,,,,,70.5,,,8.75,0.25,,,,,2.5,,,,,,,,,,,,,,,,,,,,,,,,1,0,11,0,0,16,0,0,0,70.75,11.25,0,15,1
ombd_25,2009,X1,omb,wldd,ombd_25,omb_hu,9,-15.44444444,na,na,na,na,na,na,na,na,na,na,na,na,na,na,na,na,na,na,na,na,na,na,na,na,na,na,na,na,na,na,na,na,na,na,na,na,na,na,na,na,na,na,,86.5,,0.5,,,,,,,3.5,,,,,,,,,,,,,,,,,,,,,,,,0,0,0,0,0,0,0,0,0.5,86.5,3.5,0,0,0
ombd_26,2009,X2,omb,wldd,ombd_26,omb_hl,9,-15.44444444,1,11,,7,,,,,,,,,,,,,,,1,,,,3,,,,,,,1,,1,,,,,,,3,,,,,59.25,,,32.5,2,,,,,,,,,,,,,,,,,,,,,,,,,,,,,3,0,2,0,0,11,0,0,0,61.25,32.5,0,10,1
ombd_27,2009,X2,omb,wldd,ombd_27,omb_hl,9,-15.44444444,na,na,na,na,na,na,na,na,na,na,na,na,na,na,na,na,na,na,na,na,na,na,na,na,na,na,na,na,na,na,na,na,na,na,na,na,na,na,na,na,na,na,,58.25,,,13.75,0.25,,,,,19.5,,,,,,,,,,,,,,,,,,,,,,,,0,0,0,0,0,0,0,0,0,58.5,33.25,0,0,0
ombd_28,2009,X2,omb,wldd,ombd_28,omb_ll,9,-15.44444444,3,7,,3,,,,,,,,,,,,,,,4,,1,,2,,,,,,,3,,1,,,,,,,1,,,,,2,,,87.5,1.25,,,,,,,,,,,,,,,,,,,,,,,,,,,6.25,,2,0,5,0,0,8,6.25,0,0,3.25,87.5,0,5,3
ombd_29,2009,X2,omb,wldd,ombd_29,omb_ho,9,-15.44444444,na,na,na,na,na,na,na,na,na,na,na,na,na,na,na,na,na,na,na,na,na,na,na,na,na,na,na,na,na,na,na,na,na,na,na,na,na,na,na,na,na,na,,2,,,72.75,0.5,,,,,1,,,,,,,,,,,,,,,,,,,,,,2.5,,0,0,0,0,0,0,2.5,0,0,2.5,73.75,0,0,0
ombd_30,2009,X2,omb,wldd,ombd_30,omb_hl,9,-15.44444444,0,18.1,,1,,,,,,,,,,,,,,,2,,,,0.1,,,,,,,,,7,,,,,,,0.1,10,,,,2.5,,,83,3.25,,,,,,,,,,,,,,,,,,,,,,,,,,,,,0.1,0,9,0,10,1.1,0,0,0,5.75,83,10,1.1,0
ombd_31,2009,Y1,omb,wldd,ombd_31,omb_hl,9,-15.44444444,na,na,na,na,na,na,na,na,na,na,na,na,na,na,na,na,na,na,na,na,na,na,na,na,na,na,na,na,na,na,na,na,na,na,na,na,na,na,na,na,na,na,,14,,,47,0.75,,,,,36.25,,,,,,,,,,,,,,,,,,0.75,,,,,,0,0,0,0,0,0,0,0.75,0,14.75,83.25,0,0,0
ombd_32,2009,Y1,omb,wldd,ombd_32,omb_hl,9,-15.44444444,0,33,,6,,,,,,,,,,,,,,,1,,6,,8,,,,,,,,,3,,,,,,,4,10,,,,1.5,,,97.5,0.25,,,,,0.75,,,,,,,,,,,,,,,,,,,,,,,,8,0,4,0,10,16,0,0,0,1.75,98.25,10,16,0
ombd_33,2009,Y1,omb,wldd,ombd_33,omb_hl,9,-15.44444444,na,na,na,na,na,na,na,na,na,na,na,na,na,na,na,na,na,na,na,na,na,na,na,na,na,na,na,na,na,na,na,na,na,na,na,na,na,na,na,na,na,na,,61.5,,,17.5,4,,,,,14,,,,,,,,,,,,,,,,,,,,,,,,0,0,0,0,0,0,0,0,0,65.5,31.5,0,0,0
ombd_34,2009,Y1,omb,wldd,ombd_34,omb_hl,9,-15.44444444,0,9,,3,,,,,,,,,,,,,,,1,,,,1,,,,,,,,,5,,,,,,,0.5,,,,,9.5,,,65.75,1.25,,,,,27,,,,,,,,,,,,,,,,,,0.875,,,,,,1,0,6,0,0,3.5,0,0.875,0,10.75,92.75,0,3.5,0
ombd_35,2009,Y1,omb,wldd,ombd_35,omb_hl,9,-15.44444444,na,na,na,na,na,na,na,na,na,na,na,na,na,na,na,na,na,na,na,na,na,na,na,na,na,na,na,na,na,na,na,na,na,na,na,na,na,na,na,na,na,na,,15,,,63.5,0.75,,,,,20,,,,,,,,,,,,,,,,,,0.375,,,,,,0,0,0,0,0,0,0,0.375,0,15.75,83.5,0,0,0
ombd_36,2009,Y2,omb,wldd,ombd_36,omb_hu,9,-15.44444444,0,9,,6,,,,,,,,,,,,,,,3,,,,2,,,,,,,0.1,,1,,,,,,,2,,,,,4.25,,,64.5,,,,,,,,,,,,,,,,,,,,,,,,18.25,,,,,,2,0,4,0,0,8.1,0,18.25,0,4.25,64.5,0,8,0.1
ombd_37,2009,Y2,omb,wldd,ombd_37,omb_hu,9,-15.44444444,na,na,na,na,na,na,na,na,na,na,na,na,na,na,na,na,na,na,na,na,na,na,na,na,na,na,na,na,na,na,na,na,na,na,na,na,na,na,na,na,na,na,,22.5,,,64.5,,,,,,,,,,,,,,,,,,,,,,,,0.125,,,,,,0,0,0,0,0,0,0,0.125,0,22.5,64.5,0,0,0
ombd_38,2009,Y2,omb,wldd,ombd_38,omb_hu,9,-15.44444444,0,27,,1,,,,,,,,,,,,,,,,,15,,1,,,,,,,,,2,,,,,,,1,8,,,,32,,,60.25,,,,,,0.75,,,,,,,,,,,,,,,,,,,,,,,,1,0,2,0,8,17,0,0,0,32,61,8,17,0
ombd_39,2009,Y2,omb,wldd,ombd_39,omb_hu,9,-15.44444444,na,na,na,na,na,na,na,na,na,na,na,na,na,na,na,na,na,na,na,na,na,na,na,na,na,na,na,na,na,na,na,na,na,na,na,na,na,na,na,na,na,na,,1.5,,,97.25,,,,,,,,,,,,,,,,,,,,,,,,0.275,,,,,,0,0,0,0,0,0,0,0.275,0,1.5,97.25,0,0,0
ombd_40,2009,Y2,omb,wldd,ombd_40,omb_ho,9,-15.44444444,10,21.5,,8,,,,,,,,,,,,,,,2,,8,,0.5,,,,,,,10,,,,,,,,,1,5,,,,89.5,,,3.25,1.25,,,,,,,,,,,,,,,,,,,,,,,,,,,,,0.5,0,2,0,5,27,0,0,0,90.75,3.25,5,17,10
bog_01,2016,AD1,bog,dry,bog_1,omb_hu,0,-19.50859917,0,17,,3,2,,,,,,,,,,,,,,,,6,,1,,,,,,,,,5,,,,,,,2,2,,,17.25,3.5,,,76.25,,,,,,,,,,,,,,,,,,,,,,,,,0.125,,,,,1,0,5,0,4,11,0.125,0,0,20.75,76.25,4,11,0
bog_02,2016,AD1,bog,dry,bog_2,min_hl,0,-19.50859917,0,42,,2,3,,,,,,,,,,,,,,,,20,,1,,1,,,,,,,10,,,,,,,2,8,,,74,,,,,,,,,,,,,,,,,,,,,,,,20,,,,,1,,,,,1,0,10,0,11,25,21,0,0,74,0,11,25,0
bog_03,2016,AD1,bog,dry,bog_3,min_hl,0,-19.50859917,0,45,,1,,,,,,,,,,,,,,,,,15,,1,,1,,,,,,,25,,,,,,,2,2,,,88,,,,,,,,,,,,,,,,,,,,,,,,,,,,,0.25,,,,,1,0,25,0,2,19,0.25,0,0,88,0,2,19,0
bog_04,2016,AD1,bog,dry,bog_4,min_hl,0,-19.50859917,0,9.1,,4,,,,,,,,,,,,,,,,,3,,0.1,,,,,,,0.1,,,,,,,,,1,2,,,23.5,,,,75,,,,,,,,,,,,,,,,,,,,,,,,,,,,,,0.1,0,0,0,2,8.1,0,0,0,23.5,75,2,8,0.1
bog_05,2016,AD1,bog,dry,bog_5,min_hl,0,-19.50859917,0,27.5,,,,,,,,,,,,,,,,,,,17,,3,,7,,,,,,,,,,,,,,1,0.5,,,85.25,,,,6.75,,,,,,,,,,,,,,,,,,,,,,,,,,,,,,3,0,0,0,0.5,25,0,0,0,85.25,6.75,0.5,25,0
bog_06,2016,AD2,bog,dry,bog_6,min_hl,0,-19.50859917,0,27,,,,,,,,,,,,,,,,,,,8,,2,,2,,,,,,,15,,,,,,,1,,,,24.75,,,,28.75,,,,,,,,,,,,,,,,,,,,,,,,,13.25,,,,,2,0,15,0,0,11,13.25,0,0,24.75,28.75,0,11,0
bog_07,2016,AD2,bog,dry,bog_7,min_hl,0,-19.50859917,0,45,,1,,,,,,,,,,,,,,,,,30,,3,,1,,,,,,,7,,,,,,,1,3,,,89.25,,,,0.25,,,,,,,,,,,,,,,,,,,,,,,,,,,,,,3,0,7,0,3,33,0,0,0,89.25,0.25,3,33,0
bog_08,2016,AD2,bog,dry,bog_8,omb_hu,0,-19.50859917,0,28.5,,0.5, ,,,,,,,,,,,,,,,,7,,10,,,,,,,,,8,,,,,,,2,3,,,35,5.75,,,41.5,,,,,,,,,,,,,,,,,,,,,,,,,,,,,,10,0,8,0,3,9.5,0,0,0,40.75,41.5,3,9.5,0
bog_09,2016,AD2,bog,dry,bog_9,omb_hu,0,-19.50859917,0,45.5,,10,,,,,,,,,,,,,,,,,7,,2,,0.5,,,,,,,25,,,,,,,4,1,,,2.25,0.75,,,95.5,,,,,,,,,,,,,,,,,,,,,,,,,,,,,,2,0,25,0,1,21.5,0,0,0,3,95.5,1,21.5,0
bog_10,2016,AD2,bog,dry,bog_10,min_hl,0,-19.50859917,0,38.5,,2,,,,,,,,,,,,,,,,,15,,,,0.5,,,,,,,20,,,,,,,1,1,,,14.75,,,,75.75,,,,,,,,,,,,,,,,,,,,,,,,,,,,,,0,0,20,0,1,18.5,0,0,0,14.75,75.75,1,18.5,0
bog_11,2016,AE1,bog,dry,bog_11,min_hl,0,-19.50859917,0,33.5,,0.5,,,,,,,,,,,,,,,,,20,,3,,,,,,,,,7,,,,,,,0.5,3,,,63.125,,,,23,,,,,,,,,,,,,,,1.275,,,,,,,,,0.175,,,,1.75,,3,0,7,0,3,21,3.025,0.175,0,63.125,23,3,21,0
bog_12,2016,AE1,bog,dry,bog_12,min_hl,0,-19.50859917,0,39.5,,6,,,,,,,,,,,,,,,,,3,,24,,0.5,,,,,,,3,,,,,,,1,3,,,52,,,,15.5,,,,,,,,,,,,,,,,,,,,,,,,,,,,,,24,0,3,0,3,10.5,0,0,0,52,15.5,3,10.5,0
bog_13,2016,AE1,bog,dry,bog_13,min_hl,0,-19.50859917,40,39,,3,,,,,,,,,,,,,,,,,17,,1,,,,,,,40,,15,,,,,,,0.5,3,,,91.5,,,,,,,,,,,,,,,,,,,,,,,,,,,,,,,,,,1,0,15,0,3,60.5,0,0,0,91.5,0,3,20.5,40
bog_14,2016,AE1,bog,dry,bog_14,min_hl,0,-19.50859917,0,41,,5,,,,,,,,,,,,,,,,,25,,,,2,,,,,0.1,,5,,,,,,,2,4,,,9,,,,86.5,,,,,,,,,,,,,,,,,,,,,,,,,,,,,,0,0,5,0,4,34.1,0,0,0,9,86.5,4,34,0.1
bog_15,2016,AE1,bog,dry,bog_15,min_hl,0,-19.50859917,1.5,18,,2,,,,,,,,,,,,,,,,,7,,0.5,,,,,,,1.5,,6,,,,,,,1.5,2.5,,,20.25,,,,77.75,,,,,,,,,,,,,,,,,,,,,,,,,,,,,,0.5,0,6,0,2.5,12,0,0,0,20.25,77.75,2.5,10.5,1.5
bog_16,2016,AE2,bog,dry,bog_16,min_hl,0,-19.50859917,2,24,,2,,,,,,,,,,,,,,,,,15,,1,,1.5,,,,,2,,3,,,,,,,2,1.5,,,26.75,,,,70,,,,,,,,,,,,,,,,,,,,,,,,,,,,,,1,0,3,0,1.5,22.5,0,0,0,26.75,70,1.5,20.5,2
bog_17,2016,AE2,bog,dry,bog_17,min_hl,0,-19.50859917,0,38,,2,,,,,,,,,,,,,,,,,25,,1,,,,,,,,,3,,,,,,,6,7,,,58.75,,,,32.75,,,,,,,,,,,,,,,,,,,,,,,,,,,,,,1,0,3,0,7,33,0,0,0,58.75,32.75,7,33,0
bog_18,2016,AE2,bog,dry,bog_18,min_hl,0,-19.50859917,10,20.5,,0.5,1,,,,,,,,,,,,,,,,6,,2,,12,,,,,10,,,,,,,,,,,,,17.625,,,,,,,,,,,,,,,,,,,,,,,,,,,,,41.25,,,,,2,0,0,0,1,28.5,41.25,0,0,17.625,0,1,18.5,10
bog_19,2016,AE2,bog,dry,bog_19,min_hl,0,-19.50859917,0,39,,1,,,,,,,,,,,,,,,,,1.5,,8,,22,,,,,0.1,,6,,,,,,,0.5,0.5,,,65.25,,,,,,,,,,,,,,,,,,,8,,,,,,,,,,4.5,,,,,8,0,6,0,0.5,25.1,12.5,0,0,65.25,0,0.5,25,0.1
bog_20,2016,AE2,bog,dry,bog_20,min_hl,0,-19.50859917,0,44.5,,2,,,,,,,,,,,,,,,,,30,,0.5,,3,,,,,,,8,,,,,,,0.5,1,,,13,,,,22.5,,,,,,,,,,,,,,,,,,,20,,,,,,,0.75,,,,0.5,0,8,0,1,35.5,20.75,0,0,13,22.5,1,35.5,0
fen_01,2016,AB1,fen,dry,fen_1,min_hl,0,-18.58111111,0,5,,1,3,,,,,,,1,,,,,2,,,,,,1,,,,,,,,,,,,,,,,0.5,,,,87.5,,,,,,,,,,,,,,,,,,,,,,,,,,,,,,,,,,1,3,0,0,3,1.5,0,0,0,87.5,0,3,1.5,0
fen_02,2016,AB1,fen,dry,fen_2,min_hl,0,-18.58111111,0,21,,1,10,,,,,,,16,,,,,,,,,,,4,,,,,,,,,,,,,,,,2,,,,65,,,,,,,,,,,,,,,,,,,,,,,,,,,,,,,,,,4,16,0,0,10,3,0,0,0,65,0,10,3,0
fen_03,2016,AB1,fen,dry,fen_3,min_hl,0,-18.58111111,99,7.1,,0.1,20,,,,,,,,,,,,,,,,,,7,,,,,,99,,,,,,,,,,,,,,71.25,,,,,,,,,,,,,,,,,,,,,,0.025,,,,,,,,,,,,7,0,0,0,20,99.1,0,0.025,0,71.25,0,20,0.1,99
fen_04,2016,AB1,fen,dry,fen_4,min_hl,0,-18.58111111,0,4,,,8,,,,,,,2,,,,,,,,,1,,1,,,,,,,,,,,,,,,,0.5,,,,88.75,,,,,,,,,,,,,,,,,,,,,,,,,,,,,,,,,,1,2,0,0,8,1.5,0,0,0,88.75,0,8,1.5,0
fen_05,2016,AB1,fen,dry,fen_5,min_hl,0,-18.58111111,0,7,,2,4,,,,,,,2,,,,,,,,,2,,1,,,,,,,,,,0.5,,,,,,0.5,,,,86.5,,,,,,,,,,,,,,,,,,,,,,,,,,,,,,,,,,1,2,0,0,4.5,4.5,0,0,0,86.5,0,4.5,4.5,0
fen_06,2016,AB2,fen,dry,fen_6,min_hl,0,-18.58111111,0,14,,1,5,,,,,,,1,,,,,,,,,,,12,,,,,,,,,,,,,,,,7,,,,83.75,,,,,,,,,,,,,,,,,,,,,,,,,,,,,,,,,,12,1,0,0,5,8,0,0,0,83.75,0,5,8,0
fen_07,2016,AB2,fen,dry,fen_7,min_hl,0,-18.58111111,0,11,,,2,,,,,,,1,,,,,,,,,6,,4,,,,,,,,,,,,,,,,1.5,,,,82.5,,,,,,,,,,,,,,,,,,,,,,,,,,,,,,,,,,4,1,0,0,2,7.5,0,0,0,82.5,0,2,7.5,0
fen_08,2016,AB2,fen,dry,fen_8,min_hl,0,-18.58111111,0,14,,,6,,,,,,,2,,,,,,,,,8,,2,,,,,,,,,,,,,,,,0.5,2,,,86.5,,,,,,,,,,,,,,,,,,,,,,,,,,,,,,,,,,2,2,0,0,8,8.5,0,0,0,86.5,0,8,8.5,0
fen_09,2016,AB2,fen,dry,fen_9,min_hl,0,-18.58111111,25,25,,,3,,,,,,,,,,,,,,,,10,,15,,,,,,,,,,25,,,,,,2,,,,16,,,,,,,,,,,,,,,,,,,1,,,,,,,,,,,,,,,15,0,0,0,28,12,1,0,0,16,0,28,12,0
fen_10,2016,AB2,fen,dry,fen_10,min_hl,0,-18.58111111,75.5,4,,,20,,,,,,,1,,,,,,,,,,,3,,,,,,,75,,,0.5,,,,,,2,,,,83.25,,,,,,,,,,,,,,,,,,,0.5,,,,,,,,,,,,,,,3,1,0,0,20.5,77,0.5,0,0,83.25,0,20.5,2,75
fen_11,2016,AC1,fen,dry,fen_11,min_hl,0,-18.58111111,32,15.5,,1,1,,,,,,,,,,,,,,,,7,,7,,,,,,,32,,,,,,,,,0.1,0.5,,,78.5,,,,,,,,,,,,,,,,,,,,,,,,,,,,,,,,,,7,0,0,0,1.5,40.1,0,0,0,78.5,0,1.5,8.1,32
fen_12,2016,AC1,fen,dry,fen_12,min_hl,0,-18.58111111,0,11,,3,4,,,,,,,,,,,,,,,,5,,3,,,,,,,,,,,,,,,,1,,,,85,,,,,,,,,,,,,,,,,,,,,,,,,,,,,,,,,,3,0,0,0,4,9,0,0,0,85,0,4,9,0
fen_13,2016,AC1,fen,dry,fen_13,min_hl,0,-18.58111111,60,5.1,,1,4,,,,,,,0.1,,,,,,,,,1,,3,,,,,,,60,,,,,,,,,1.5,,,,93.25,,,,,,,,,,,,,,,,,,,,,,,,,,,,,,,,3.25,,3,0.1,0,0,4,63.5,3.25,0,0,93.25,0,4,3.5,60
fen_14,2016,AC1,fen,dry,fen_14,min_hl,0,-18.58111111,2,16.5,,,3,,,,,,,0.5,,,,,,,,,1,,15,,,,,,,,,,2,,,,,,1,,,,85.5,,,,,,,,,,,,,,,,,,,,,,,,,,,,,,,,,,15,0.5,0,0,5,2,0,0,0,85.5,0,5,2,0
fen_15,2016,AC1,fen,dry,fen_15,min_hl,0,-18.58111111,3,15,,1.5,7,,,,,,,0.5,,,,,,,,,10,,3,,,,,,,3,,,,,,,,,1,,,,92.5,,,,,,,,,,,,,,,,,,,,,,,,,,,,,,,,,,3,0.5,0,0,7,15.5,0,0,0,92.5,0,7,12.5,3
fen_16,2016,AC2,fen,dry,fen_16,min_hl,0,-18.58111111,87,20.5,,2,4,,,,,,,0.5,,,,,2,,,,8,,8,,,,,,,85,,,2,,,,,,0.5,,,,92.25,,,,,,,,,,,,,,,,,,,,,,,,,,,,,,,,,,8,2.5,0,0,6,95.5,0,0,0,92.25,0,6,10.5,85
fen_17,2016,AC2,fen,dry,fen_17,min_hl,0,-18.58111111,0,22.5,,3,2,,,,,,,0.5,,,,,1,,,,5,,1,,,,,,,,,,,,,,,,1,12,,,80.75,,,,,,,,,,,,,,,,,,,,,,,,,,,,,,,,,,1,1.5,0,0,14,9,0,0,0,80.75,0,14,9,0
fen_18,2016,AC2,fen,dry,fen_18,min_hl,0,-18.58111111,0,18.5,,2,6,,,,,,,1,,,,,,,,,15,,0.5,,,,,,,,,,,,,,,,0.5,,,,88.25,,,,,,,,,,,,,,,,,,,,,,,,,,,,,,,,,,0.5,1,0,0,6,17.5,0,0,0,88.25,0,6,17.5,0
fen_19,2016,AC2,fen,dry,fen_19,min_hl,0,-18.58111111,0,10.5,,,5,,,,,,,5,,,,,0.5,,,,,,5,,,,,,,,,,,,,,,,1.5,,,,78.5,,,,8,,,,,,,,,,,,,,,0.125,,,0.375,,,,,,,,,,0.5,,5,5.5,0,0,5,1.5,0.625,0.375,0,78.5,8,5,1.5,0
fen_20,2016,AC2,fen,dry,fen_20,min_hl,0,-18.58111111,12,11,,,,,,,,,,,,,,,1,,,,7,,3,,,,,,,,,,12,,,,,,0.5,,,,72,,,,,,,,,,,,,,,,,,,,,,,,,,,,,,,,,,3,1,0,0,12,7.5,0,0,0,72,0,12,7.5,0
mesc_01,2016,I1,mes,ctr,mesc_1,min_hl,0,-14.40891316,0,19,,3,,,,,0.5,,,7,,,,0.5,,,,,,,,,,,,7,,0.1,,,,1,,,,,4,,,,70,,,,,,,,,,,,,,,,,,,,,,,,,,,,,,,,,,0,8,8,0,0,7.1,0,0,0,70,0,0,7,0.1
mesc_02,2016,I1,mes,ctr,mesc_2,min_hl,0,-14.40891316,0,35.2,,18,,,,,0.1,,,7,,,,,2,,,,,,,,,,,7,,0.1,,,,1,,,,,8,,,0.1,23.75,,,,,,,,,,,,,,,,,,,,,,,,,,,,,,,,,,0,9.1,8.1,0,0,26.1,0,0,0,23.75,0,0,26,0.1
mesc_03,2016,I1,mes,ctr,mesc_3,mes_l,0,-14.40891316,0,26,,5,,,1,,0.5,,,9,,,,0.5,1,,,,,,,,,,,,,,2,,,1,,,,,1,,,6,13.525,,,,,,,,,,,,,,,,0.25,,,,,,0.025,,,,,,,,,,,,0,11,9,1,0,6,0,0.025,0,13.775,0,0,6,0
mesc_04,2016,I1,mes,ctr,mesc_4,mes_l,0,-14.40891316,7,18.1,,4,,,,,,,,3,,,,,,,,,10,0.5,,,,,,,,7,,,,0.6,,,,,1,,,,11.25,,,,,,,,0.5,,,,,,,,,,,0.75,,,,,,,,,,,,,3.5,,0,3.5,0.6,0,0,22,4.25,0,0,11.75,0,0,15,7
mesc_05,2016,I1,mes,ctr,mesc_5,mes_l,0,-14.40891316,0,21.6,,1,,,,,,,,4,,,,,,,,,,,,,,,,0.5,,,,,,1,15,,5,,0.5,,,0.1,1.75,,,,,,,,,,,,,,0.125,,0.25,,,,,,0.5,,,,,,,,,,,,15,4,6.6,0,0,1.5,0,0.5,0.125,2,0,0,1.5,0
mesc_06,2016,I2,mes,ctr,mesc_6,oli_l,0,-14.40891316,10,9,,5,2,,,,,,,3,,,,0.5,0.5,,,,,,,,,,,,,10,,,,,,,,,4,,,,77.75,,,,,13.5,,,,,,,,,,,,,,,,,,,,,,,,,,,,,0,4,0,0,2,19,0,0,0,91.25,0,2,9,10
mesc_07,2016,I2,mes,ctr,mesc_7,oli_l,0,-14.40891316,0,14,,0.5,6,,,,,,,6,,,,0.5,6,,,,,,,,,,,,,,,,,1,,,,,4,,,,70.75,,,,,19.25,,,,,,,,,,,,,,0.5,,,,,,,,,,,,,,,0,12.5,1,0,6,4.5,0.5,0,0,90,0,6,4.5,0
mesc_08,2016,I2,mes,ctr,mesc_8,oli_l,0,-14.40891316,0,13.7,,6,3,,,,,,,7,,,,0.1,,,,,,,,,,,,,,,,,,0.5,0.1,,,,3,,,,34,,,,,20.25,,,,,,,,,,,,,,3.25,,,,,,,,,,,,,,,0.1,7.1,0.5,0,3,9,3.25,0,0,54.25,0,3,9,0
mesc_09,2016,I2,mes,ctr,mesc_9,mes_ho,0,-14.40891316,0,5.1,,1,,,,,,,,3,,,,,,,0.1,,,,,,,,,,,,,,,1.1,,,1,,,,,,,,,,,,,,,,,,,,2,,,,,,,,,,,0.125,,,,,,,,,0,3,2.2,0,0,1,0,0.125,2,0,0,0,1,0
mesc_10,2016,I2,mes,ctr,mesc_10,oli_l,0,-14.40891316,0,15.5,,3,,,,,,,,11,,,,,0.5,,,,,,,,,,,,,,,,,1,,,,,2,,,,1,,,,,8.75,,,,,,,,,,,,,,20.75,,,1.5,,,,,,,7,,,,,0,11.5,1,0,0,5,27.75,1.5,0,9.75,0,0,5,0
mesc_11,2016,J1,mes,ctr,mesc_11,min_hl,0,-14.40891316,0,17.5,,6,,,,,,,,8,,,,0.5,,,,,,,,,,,,,,,1,,,2,,,,,3,,,,73.25,,,,,,,,,,,,,,,,,,,4.275,,,,,,,,,,,,,,,0,8.5,3,0,0,9,4.275,0,0,73.25,0,0,9,0
mesc_12,2016,J1,mes,ctr,mesc_12,mes_ho,0,-14.40891316,0,14,,4,,,,,,,,8,,,,,2,,,,,,,,,,,,,,,,,,,,,,3,,,,43.75,,,,,,,,,,,,,,,,,,,,,,,,,,,,,,,,,,0,10,0,0,0,7,0,0,0,43.75,0,0,7,0
mesc_13,2016,J1,mes,ctr,mesc_13,min_hl,0,-14.40891316,10,23.1,,2,,,,,,,,8,,,,,,,,,12,,,,,,,,,10,1,,,,,,,,1,,,0.1,15.5,,,,,,,,,,,,,,,,,,,,,,,,,,,,,33.75,,,1.5,,0,8,1.1,0,0,25,35.25,0,0,15.5,0,0,15,10
mesc_14,2016,J1,mes,ctr,mesc_14,mes_l,0,-14.40891316,0,15.6,,10,3,,,,,,,2,,,,0.5,0.5,,,,,,0.1,,,,,,,,,,,0.5,2,,,,0.5,,,,58,,,,,,,,,,,,,,,,3,0.5,,1.75,,,0.025,,,,,,,0.5,,,,,2.1,3,0.5,0,3,10.5,2.25,0.025,0,61.5,0,3,10.5,0
mesc_15,2016,J1,mes,ctr,mesc_15,oli_l,0,-14.40891316,0,7,,2,3,,,,,,,5,,,,,,,,,,,,,,,,,,0.1,,,,,,,,,2,,,,14,,,,,,,,76,,,,,,,,,,,0.25,,,,,,,,,,,,,,,0,5,0,0,3,4.1,0.25,0,0,90,0,3,4,0.1
mesc_16,2016,J2,mes,ctr,mesc_16,mes_l,0,-14.40891316,0,7.1,,1,,,,,,,,6,,,,0.1,,,,,,,,,,,,,,0.1,,,,,,,,,2,,,,79.75,,,,,,,,,,,,,,,,2.25,,,1.5,,,0.25,,,0.025,,,,,,,,,0,6.1,0,0,0,3.1,1.5,0.275,0,82,0,0,3,0.1
mesc_17,2016,J2,mes,ctr,mesc_17,oli_l,0,-14.40891316,0,12.5,,3,2,,,,,,,8,,,,,0.5,,,,1,,,,,,,,,,,,,,,,,,1,,,,7.5,,,,,50,,,,,,,,,,,,,,1.75,,,0.5,,,,,,,0.25,,,,,0,8.5,0,0,2,5,2,0.5,0,57.5,0,2,5,0
mesc_18,2016,J2,mes,ctr,mesc_18,min_hl,0,-14.40891316,0,15.2,,5,,,,,0.1,,,8,,,,0.1,,,2,,2,,,,,,,,,,,,,,,,,,0.5,,,,,,,,,0.5,,,,,,,,,,,,,,1,,,3.75,,,,,,,,,,,,0,8.2,2,0,0,7.5,1,3.75,0,0.5,0,0,7.5,0
mesc_19,2016,J2,mes,ctr,mesc_19,mes_ho,0,-14.40891316,0,8.1,,2,2,,,,,,,5,,,,0.1,1,,,,,,,,,,,,,,,,,,,,0.5,,0.5,,,,,,,,,,,,,,,,,,,,,,,,,,,,,,,,,,,,,,0,6.1,0.5,0,2,2.5,0,0,0,0,0,2,2.5,0
mesc_20,2016,J2,mes,ctr,mesc_20,mes_ho,0,-14.40891316,0,8.5,,1,0.5,,,,,,,6,,,,,1,,,,0.5,,,,,,,,,,,,,,,,0.5,,0.5,,,,,,,,,,,,,,,,,,,,,,,,,,0.125,,,0.75,1.75,,,,,,,,0,7,0.5,0,0.5,2,0,2.625,0,0,0,0.5,2,0
mesc_21,2016,K,mes,ctr,mesc_21,mes_l,0,-14.40891316,0,25.7,5,2.5,,,,,,,,17,,,,0.2,,,,,,,,,,,,,,,,,,,,,,,2,,,1,36.25,,,,,,,,,,,,,,,,,,,,,,,,,,,,,,,,,,0,17.2,1,5,0,4.5,0,0,0,36.25,0,0,4.5,0
mesc_22,2016,K,mes,ctr,mesc_22,mes_l,0,-14.40891316,0,35.5,,8,,,,,,,,16,,,,,1,,,,,,,,,,,,,,2.5,,,1,,,,,1,,,7,38.875,,,,,,,,,,,,,,,,34,,,,,,0.15,,,,,,,,,,,,0,17,10.5,0,0,9,0,0.15,0,72.875,0,0,9,0
mesc_23,2016,K,mes,ctr,mesc_23,mes_ho,0,-14.40891316,0,14.5,2,,,,,,,,,7,,3,,0.5,,,0.1,,,,,,,,,2,,,,,,,,,0.1,,1,,,,,,,,,,,,,,,,,,2.75,,,,,,,,,,,,,,,,,,,,0,10.5,2.2,2,0,1,0,0,2.75,0,0,0,1,0
mesc_24,2016,K,mes,ctr,mesc_24,mes_ho,0,-14.40891316,5,10.9,,,1,,,,,,,7,,1,,0.2,,,,,0.1,0.1,,,,,,,,5,1,,,,,,,,,,,1.5,4.25,,,,,,,,,,,,,,6,,,,,,,,0.325,,,,,,,,,,,,0,8.3,2.5,0,1,5.1,0,0.325,6,4.25,0,1,0.1,5
mesc_25,2016,K,mes,ctr,mesc_25,omb_hu,0,-14.40891316,0,26,,1.5,2,,,,,,,2,,,,0.5,2.5,,,,18,,,,,,,1.5,,,,,,,,,,,17,,,,15,,,,64.25,,,,,,,,,,,,,,,0.25,,,,,,0.025,,,,,,,,,0,5,1.5,0,2,36.5,0.25,0.025,0,15,64.25,2,36.5,0
mesc_26,2016,L,mes,ctr,mesc_26,mes_l,0,-14.40891316,0,10,,0.7,0.5,,,,,,,7.5,,,,,1,,,,,,,,,,,,,,,,,0.5,,0.3,,,4,,,,20,,,,,,,,,,,,,,,,,,,,,,,,,0.025,,,,,,,,,0,8.5,0.8,0,0.5,4.7,0,0.025,0,20,0,0.5,4.7,0
mesc_27,2016,L,mes,ctr,mesc_27,min_hl,0,-14.40891316,0,20,,5,1,,,,,,,14,,,,,1,,,,,,,,,,,,,,,,,,,,,,4,,,,31.25,,,,,,,,,,,,,,0.5,,0.75,,,0.375,,,0.2,,,,,,,,,,,,0,15,0,0,1,9,0.375,0.2,0.5,32,0,1,9,0
mesc_28,2016,L,mes,ctr,mesc_28,mes_ho,0,-14.40891316,0,9.2,,,2,,,,,,,4,,4,,0.1,,,0.1,,,1,,,,,,,,0.1,,,,,,,,,1,,,0.1,,,,,,,,,,,,,,,,,,,,,,,,,,0.075,,,,,,,,,0,9.1,0.2,0,2,1.1,0,0.075,0,0,0,2,1,0.1
mesc_29,2016,L,mes,ctr,mesc_29,mes_ho,0,-14.40891316,0,22.1,,1,,,,,,,,8.5,,3,,0.1,,,,,,,,,,,,,,,,,,0.5,,,,,1,,,9,0.25,,,,,,,,,,,,,,10.25,,,,,,,,,,,,,,,,,,,,0,11.6,9.5,0,0,2,0,0,10.25,0.25,0,0,2,0
mesc_30,2016,L,mes,ctr,mesc_30,min_hl,0,-14.40891316,0,23.5,,0.5,8,,,,,,,12,,,,,,,,,5,0.5,,,,,,,,,,,,,,,,,,0.5,,5,21.125,,,,,,,,,,,,,,,,,,,0.175,,,,,,,,,,3,,,,,0,12.5,5,0,8.5,5.5,3.175,0,0,21.125,0,8.5,5.5,0
mesc_31,2016,M1,mes,ctr,mesc_31,oli_l,0,-14.40891316,0,8,,1,2,,,,,,,3,,,,,1,,,,,,,,,,,3,,,,,,,,,,,2,,,,5.25,,,,,61.5,,,,,,,,,,,,,,0.9,,,,,,,,,,,,,,,0,4,3,0,2,3,0.9,0,0,66.75,0,2,3,0
mesc_32,2016,M1,mes,ctr,mesc_32,omb_hu,0,-14.40891316,0,40,,2,6,,,,,,,4,,,,,,,,,27,,,,,,,7,,,,,,,,,,,1,,,,,,,,32.5,25.25,,,,,,,,,,,,,,,,,,,,,,,,,,,3.25,,0,4,7,0,6,30,3.25,0,0,25.25,32.5,6,30,0
mesc_33,2016,M1,mes,ctr,mesc_33,omb_hu,0,-14.40891316,3,26,,3,8,,,,,,,,,,,,,,,,18,,,,,,,5,,3,,,,,,,,,0.5,,,,,,,,24,48.5,,,,,,,,,,,,,,,,,,,,,,,,,,,3.25,,0,0,5,0,8,24.5,3.25,0,0,48.5,24,8,21.5,3
mesc_34,2016,M1,mes,ctr,mesc_34,min_hl,0,-14.40891316,0,10.5,,,4,,,,,,,5,,,,,0.5,,,,,,,,,,,5,,,,,,,,,,,0.5,,,,28,,,,,1.5,,,,,,,,,,,0.75,,,2.25,,,0.025,,,,,,,6.5,,,,,0,5.5,5,0,4,0.5,8.75,0.025,0,30.25,0,4,0.5,0
mesc_35,2016,M1,mes,ctr,mesc_35,mes_l,0,-14.40891316,0,12.5,,2,2,,,,,,,8,,,,,0.5,,,,,,,,,,,2,,,,,,,,,,,2,,,,49.75,,,,,,,,,,,,,,,,11.25,,,1.5,,,,,,,,,,,,,,,0,8.5,2,0,2,4,1.5,0,0,61,0,2,4,0
mesc_36,2016,M2,mes,ctr,mesc_36,mes_ho,0,-14.40891316,0,25.5,,1,0.1,,,,,,,7,,,,,1,,,,,,,,,,,,,,4,,,0.5,,,,,1,,,12,34.25,,,,,,,,,,,,,,,,19.5,,,,,,,,,,,,,,,,,,0,8,16.5,0,0.1,2,0,0,0,53.75,0,0.1,2,0
mesc_37,2016,M2,mes,ctr,mesc_37,mes_l,0,-14.40891316,0,14,,0.5,0.5,,,,0.5,,,9,,,,,,,,,,,,,,,,2,,,,,,1,,,,,0.5,,,1,46.25,,,,,,,,,,,,,,,,,,,0.125,,,0.075,,,,,,,,,,,,0,9.5,4,0,0.5,1,0.125,0.075,0,46.25,0,0.5,1,0
mesc_38,2016,M2,mes,ctr,mesc_38,mes_ho,0,-14.40891316,0,26.1,,1,,,,,,,,12,,,,,1,,,,,,,,,,,,,,,,,,12,,,,2,,,0.1,3,,,,,,,,,,,,,,1,,,30,,,,,0.025,,,0.025,7.75,,,,,,,,12,13,0.1,0,0,3,0,7.8,1,33,0,0,3,0
mesc_39,2016,M2,mes,ctr,mesc_39,min_hl,0,-14.40891316,0,9.5,,1,,,,,,,,6,,,,0.5,,,,,2,,,,,,,,,,,,,,,,,,4,,,,37.5,,,,,,,,,,,,,,,,,,,1.25,,,,,,,,,,45,,,1,,0,6.5,0,0,0,7,47.25,0,0,37.5,0,0,7,0
mesc_40,2016,M2,mes,ctr,mesc_40,min_hl,0,-14.40891316,0,28.5,,2,1,,,,,,,5,,,,1,,,,,20,,0.5,,,,,,,,,,,,,,,,15,,,,2.875,,,,,,,,,,,,,,,,,,,1.5,,,,,,,,,0.75,7.5,,,0.75,,0.5,6,0,0,1,37,9.75,0.75,0,2.875,0,1,37,0
mesf_01,2016,R1,mes,fst,mesf_1,,55,-30.72051982,0,1,,,,,,,,,,,,,,,,,,,,,1,,,,,,,,,,,,,,,,,,,,,,,,,,,,,,,,,,,,,,,,,,,,,,,,,0.25,,86.25,,,1,0,0,0,0,0,86.5,0,0,0,0,0,0,0
mesf_02,2016,R1,mes,fst,mesf_2,,55,-30.72051982,0,1,,,,,,,,,,,,,,,,,,,,,1,,,,,,,,,,,,,,,,,,,,13.75,,,,,10.25,,,,,,,,,,,,,,,,,,,,,,,,12.75,,36.5,,,1,0,0,0,0,0,49.25,0,0,24,0,0,0,0
mesf_03,2016,R1,mes,fst,mesf_3,,55,-30.72051982,5,3,,,,5,,,,,,,,,,,,,,,,,3,,,,,,,,,,,,,,,,,,,,6.75,,,,,,,,,,,0.025,,,,,,,,2.875,,,,,,,,,,2,,11,,,3,0,0,0,5,0,15.875,0,0,6.775,0,0,0,5
mesf_04,2016,R1,mes,fst,mesf_4,,55,-30.72051982,5,3,,,,5,,1,,,,,,,,,,,,,,,2,,,,,,,,,,,,,,,,,,,,21.25,,,,,4.25,,,,,,0.5,,,,,,,,,,,,,,,,,,,,7.5,3.75,,2,1,0,0,5,0,11.25,0,0,26,0,0,0,5
mesf_05,2016,R1,mes,fst,mesf_5,,55,-30.72051982,0,2,,,,,,,,,,,,,,,,,,,,,2,,,,,,,0.1,,,,,,,,,,,,,14.75,,,,,,,,,,,,,,,,,,,,,,,,,,,,,3.75,,5,,,2,0,0,0,0,0.1,8.75,0,0,14.75,0,0,0,0.1
mesf_06,2016,R2,mes,fst,mesf_6,,55,-30.72051982,0,2,,,,,,,,,,,,,,,,,,,,,2,,,,,,,,,,,,,,,,,,,,3.5,,,,,0.75,,,,,,,,,,,,,,1,,,,,1,,,,,4,,16.25,3,,2,0,0,0,0,0,25.25,0,0,4.25,0,0,0,0
mesf_07,2016,R2,mes,fst,mesf_7,,55,-30.72051982,0,1,,,,,,1,,,,,,,,,,,,,,,,,,,,,,,,,,,,,,,,,,,13.75,,,,,,,,,,,0.5,,,,,,,,,,,,,,,,,,,,58.75,,,0,1,0,0,0,0,58.75,0,0,14.25,0,0,0,0
mesf_08,2016,R2,mes,fst,mesf_8,,55,-30.72051982,17,0,,,,17,,,,,,,,,,,,,,,,,,,,,,,,,,,,,,,,,,,,,25.75,,,,,,,,,,,21,,,,,,,,,,,,,0.125,,,,,1.375,,14,,,0,0,0,0,17,0,15.5,0,0,46.75,0,0,0,17
mesf_09,2016,R2,mes,fst,mesf_9,,55,-30.72051982,0,18,,,,,,,,,,,,,,,,,,,,,,,,,,,,0.1,,,,,,,,18,0.3,,,,21.25,,,,,46.25,,,,,,16.25,,,,,,,,,,,,,,,,,,,,2.5,0.025,,0,0,0,0,18,0.4,2.525,0,0,83.75,0,18,0.3,0.1
mesf_10,2016,R2,mes,fst,mesf_10,,55,-30.72051982,25,21,,,,,,,,,,,,,,,,,,,,,,,,,,,25,,,,,,,,,20,,,1,,2.75,,,,,,,,,,,,,,,,,,,0.5,,,,,4.25,,,,,12.75,,5.75,,,0,0,0,0,20,26,23.25,0,0,2.75,0,20,1,25
mesf_11,2016,S1,mes,fst,mesf_11,,55,-30.72051982,78,0.5,,,,10,,,,,,,,,,,,,,,,,0.5,,,,,,33,35,,,,,,,,,0.5,,,,10.5,,,,,20,,,,,,48.75,,,,,,,,,,,,,0.5,,,,,1.25,,,9.5,,0.5,0,0,0,10,68.5,11.25,0,0,79.25,0,0,0.5,78
mesf_12,2016,S1,mes,fst,mesf_12,,55,-30.72051982,30,1,,,,5,,,0.5,,,,,,,,,,,,,,0.5,,,,,,,25,,,,,,,,,,,,,52.25,,,,,5,,,,,,,,,,,,,,,,,,,,,,,,0.25,,32.75,,,0.5,0.5,0,0,5,25,33,0,0,57.25,0,0,0,30
mesf_13,2016,S1,mes,fst,mesf_13,,55,-30.72051982,15,0.5,,,,15,,,,,,,,,,,,,,,,0.5,,,,,,,,,,,,,,,,,,,,,2.875,,,,,,,,,,,,,,,,,,,,,,,,,,,,,53.5,,23,1.25,,0,0.5,0,0,15,0,77.75,0,0,2.875,0,0,0,15
mesf_14,2016,S1,mes,fst,mesf_14,,55,-30.72051982,0,7,,,,,,,,,,,,,,,,,,4,,,3,,,,,,,,,,,,,,,,,,,,18.25,,,,,,,,,,,,,,,,,,,,,,,,31.25,,,,,27,,,,,3,0,4,0,0,0,58.25,0,0,18.25,0,0,0,0
mesf_15,2016,S1,mes,fst,mesf_15,,55,-30.72051982,0,34,,,,,,,,,,,,,,,,,,,,,7,,,,,,,,,,,,,,,,,,27,,43.5,,,,,,,,,,,,,,,,,,,,,,,,,,,,,9,,,1.5,,7,0,0,0,0,27,10.5,0,0,43.5,0,0,27,0
mesf_16,2016,S2,mes,fst,mesf_16,,55,-30.72051982,65,16.5,,,,65,,,0.5,,,,,,,,,,,,,,10,,,,,,,,,,,,,,,,,,6,,24.75,,,,,,,,,,,5.25,,,,,,,,0.25,,,,,4.5,,,,,1.5,,,0.75,,10,0.5,0,0,65,6,7,0,0,30,0,0,6,65
mesf_17,2016,S2,mes,fst,mesf_17,,55,-30.72051982,74,4,,,,73,,,,,,,,,,,,,,,,,,,,,,,,1,,,,,,,,,,,4,,,,,,,,,,,,,0.75,,,,,,,,,,,,,20,,,,,48,,,,,0,0,0,0,73,5,68,0,0,0.75,0,0,4,74
mesf_18,2016,S2,mes,fst,mesf_18,,55,-30.72051982,27.1,8.1,,,,27,,,,,,,,,,,,,,,,,0.1,,,,,,,0.1,,,,,,,,,0.3,,8,,,,,,,,,,,,,56.25,,,,,,,,,,,,,7.75,,,,,3.5,,0.125,,,0.1,0,0,0,27,8.4,11.375,0,0,56.25,0,0,8.3,27.1
mesf_19,2016,S2,mes,fst,mesf_19,,55,-30.72051982,2.1,3,,,,2,,,,,,,,,,,,,,,1,,,,,,,,,0.1,,,,,,,,,,,2,,,,,,,,,,,,,59.75,,,,,,,,1.5,,,,,0.125,,,,,,,,,,0,0,0,0,2,3.1,1.625,0,0,59.75,0,0,3,2.1
mesf_20,2016,S2,mes,fst,mesf_20,,55,-30.72051982,66,4,,,,15,,,,,,,,,,,,,,,,,,,,,,,,51,,,,,,,,,0.5,,4,,,,26.75,,,1.5,,,,,,1,,,,,,,,4.75,,,,,3.875,,,,,5.125,1,,,,0,0,0,0,15,55.5,14.75,0,0,2.5,26.75,0,4.5,66
mesd_01,2016,N1,mes,wldd,mesd_1,mes_ho,16,-15.46775854,55,8,,,20,,,,,,,,,,,,,,,,5,,3,,,,,,,55,,,,,,,,,,,,,1.25,,,,,,,,,,,,,,,,,,,,,,,,,,,,,35,,,,,3,0,0,0,20,60,35,0,0,1.25,0,20,5,55
mesd_02,2016,N1,mes,wldd,mesd_2,mes_ho,16,-15.46775854,70,27,,,3,,,,,,,,,,,,,,,,2,,25,,,,,,,70,,,,,,,,,0.7,,,,,,,,,,,,,,,,,,,,,,,,,,,,,,,,,43.75,,,,,25,0,0,0,3,72.7,43.75,0,0,0,0,3,2.7,70
mesd_03,2016,N1,mes,wldd,mesd_3,min_hl,16,-15.46775854,35,2.5,,,40,,,,,,,,,,,,,,,,,,2.5,,,,,,,35,,,,,,,,,,,,,4.5,,,,,,,,,,,,,,,,7.5,,,,,,,,,,,,,5.5,,,8.25,,2.5,0,0,0,40,35,13.75,0,0,12,0,40,0,35
mesd_04,2016,N1,mes,wldd,mesd_4,mes_l,16,-15.46775854,16,5.2,,,,15,,0.1,,,,0.1,,,,,,,,,,,5,,,,,,,,,,1,,,,,,,,,,39,,,,,,,,,,,,,,,,,,,,,,,,,,,,,,,,,,5,0.2,0,0,16,0,0,0,0,39,0,1,0,15
mesd_05,2016,N1,mes,wldd,mesd_5,mes_ho,16,-15.46775854,15,1.6,,,4,,,,,,0.1,,,,,,,,,,,,1,,,,,,,15,0.5,,,,,,,,2,,,,77.5,,,,,,,,,,,,,,,,,,,,,,,,,,,,,,,,,,1,0.1,0.5,0,4,17,0,0,0,77.5,0,4,2,15
mesd_06,2016,N2,mes,wldd,mesd_6,oli_l,16,-15.46775854,11,6,,,5,1,,,0.5,,,,,,,,,,,,2,2,0.5,,,,,,,10,,,,,,,,,1,1,,,9.25,,,,,,,,,,,,,,,,12.5,,,0.625,,,0.05,,,,,,,0.025,,,,,0.5,2.5,0,0,7,13,0.65,0.05,0,21.75,0,6,3,11
mesd_07,2016,N2,mes,wldd,mesd_7,omb_hu,16,-15.46775854,10,12.5,,,18,,,0.5,,,4,,,,,,,,,,3,,,,,,,,,10,,,,,,,,,1.5,5,,,11.75,,,,,,,,,,,,,,,,4.25,,,18.75,,,,,,,,,,1.5,,,,,0,4.5,0,0,23,14.5,20.25,0,0,16,0,23,4.5,10
mesd_08,2016,N2,mes,wldd,mesd_8,min_hl,16,-15.46775854,23,21.5,,,7,,,,,,0.5,,,,,,,,,,6,,7,,,,,,,23,,,,,,,,,0.5,8,,,23.75,,,,,,,,,,,,,,,,,,,0.025,,,,,,,,,,7,,,,,7,0.5,0,0,15,29.5,7.025,0,0,23.75,0,15,6.5,23
mesd_09,2016,N2,mes,wldd,mesd_9,mes_l,16,-15.46775854,50,3.6,,,10,,0.1,,,,1,,,,,,,,,,2,,,,,,,,,50,,,,,,0.5,,,,,,,5.75,,,,,,,,,,,,,,,,,,,15.25,,,,,,,,,,0.75,,,,,0,1,0.5,0.1,10,52,16,0,0,5.75,0,10,2,50
mesd_10,2016,N2,mes,wldd,mesd_10,oli_l,16,-15.46775854,82,5.1,,,,70,,,0.1,,5,,,,,,,,,,,,,,,,,,,12,,,,,,,,,0.5,,,,,,,,,,,,,,,,,,,,,,,,0.025,,,,,,,,,,,,,,0,5.1,0,0,70,12.5,0.025,0,0,0,0,0,0.5,82
mesd_11,2016,O1,mes,wldd,mesd_11,min_hl,16,-15.46775854,35,2.5,,,2,,,,,,2,,,,,,,,,,0.5,,,,,,,,,35,,,,,,,,,1,,,,0.75,,,,,,,,,,,,,,,,,,,,,,,,,,,,,85,,,,,0,2,0,0,2,36.5,85,0,0,0.75,0,2,1.5,35
mesd_12,2016,O1,mes,wldd,mesd_12,mes_ho,16,-15.46775854,95,14,,,,35,,,,,2,,,,,,,,,,,,,,,,,,,60,5,,,,,,,,0.1,,,7,7,,,,,22.5,,,,,,,,,,,29.25,,,,,,,,,,,,,,,,,,0,2,12,0,35,60.1,0,0,0,58.75,0,0,0.1,95
mesd_13,2016,O1,mes,wldd,mesd_13,oli_l,16,-15.46775854,93,4.7,,,3,3,,0.5,0.1,,,,,,,,,0.1,,,,,4,,,,,,,90,,,,,,,,,0.5,,,,9.25,,,,,,,,,,,,,,,,,7,,0.625,,,,,,,,,,1.75,,,,,4,0.6,0.1,0,6,90.5,2.375,0,0,16.25,0,3,0.5,93
mesd_14,2016,O1,mes,wldd,mesd_14,mes_ho,16,-15.46775854,53,4.5,,,5,3,,1,,,0.5,3,,,,,,,,,,,,,,na,,,,50,,,,,,,,,0.5,,,,20.75,,,,,,,,,,,,,,,,29.75,,,,0.5,,0.025,,,,,,,0.25,,,,,0,4.5,0,0,8,50.5,0.75,0.025,0,50.5,0,5,0.5,53
mesd_15,2016,O1,mes,wldd,mesd_15,mes_l,16,-15.46775854,0,6.1,1,,,,2,1,1,,1,,,,,,,,,,0.1,,,,,,,,,,,,,,,,,,0.1,,,,17.5,,,,,,,,,,,,,,,,68.25,,,0.275,,,,,,,,,,0.25,,,,,0,3,0,3,0,0.2,0.525,0,0,85.75,0,0,0.2,0
mesd_16,2016,O2,mes,wldd,mesd_16,mes_l,16,-15.46775854,30,4.5,,,,,2,,,,0.5,1,,,,,,,,,1,,,,,,,,,30,,,,,,,,,0.5,,,,25,,,,,,,,,,,,,,,,,,,,,,,,,,,,,38.75,,,,,0,1.5,0,2,0,31.5,38.75,0,0,25,0,0,1.5,30
mesd_17,2016,O2,mes,wldd,mesd_17,mes_l,16,-15.46775854,20,5,,,,,,,,,5,,,,,,,,,,,,,,,,,,,20,,,,,,,,,,,,,67.25,,,,,,,,,,,,,,,,0.25,,,,,,,,,,,,,,,,,,0,5,0,0,0,20,0,0,0,67.5,0,0,0,20
mesd_18,2016,O2,mes,wldd,mesd_18,mes_l,16,-15.46775854,81,1.5,,,5,,,,,,1,,,,,,,,,,0.5,,,,,,,,,80,,,1,,,,,,0.1,,,,23.25,,,,,,,,,,,,,,,,,,,,,,,,,,,,,,,,1,,0,1,0,0,6,80.6,1,0,0,23.25,0,6,0.6,80
mesd_19,2016,O2,mes,wldd,mesd_19,mes_l,16,-15.46775854,30,2.1,,,2,,,,,,2,,,,,,,,,,,,,,,,,,,30,,,,0.1,,,,,1,,,,75.25,,,,,,,,,,,,,,,,0.75,0.25,,,0.5,,,,,,,,,,,,,,0,2,0.1,0,2,31,0.5,0,0,76.25,0,2,1,30
mesd_20,2016,O2,mes,wldd,mesd_20,mes_ho,16,-15.46775854,0,10,,,,,1,,,,1,2,,1,,,2,1,,,,,,,,,,,,,,,,,,,,,,,,2,40.5,,,,,,,,,,,,,,,,21.75,1.5,,,,,0.125,,,,,,,,,0.25,,,0,6,3,1,0,0,0.25,0.125,0,63.75,0,0,0,0
mesd_21,2016,P1,mes,wldd,mesd_21,oli_l,16,-15.46775854,4,3,,,0.1,,1,,,,2,,,,,,,,,,,,,,,,,,,4,,,,,,,,,0.5,,,,13.25,,,,,16.25,,,,,,,,,,,,,,0.275,,,,,3.5,,,,,1.5,,,,,0,2,0,1,0.1,4.5,5.275,0,0,29.5,0,0.1,0.5,4
mesd_22,2016,P1,mes,wldd,mesd_22,mes_ho,16,-15.46775854,75,1.4,,,4,40,0.2,,0.1,,0.1,1,,,,,,,,,,,,,,,,,,35,,,,,,,,,1,,,,13.25,,,,,,,,,,,,,,,,,,,,,,,,,,,,,,,,,,0,1.2,0,0.2,44,36,0,0,0,13.25,0,4,1,75
mesd_23,2016,P1,mes,wldd,mesd_23,oli_l,16,-15.46775854,50,4,,,,10,,,,,3,1,,,,,,,,,,,,,,,,,,40,,,,,,,,,6,,,,30.75,,,,,12.5,,,,,,,,,,,,,,4.4,,,,,,,,,,,,,,,0,4,0,0,10,46,4.4,0,0,43.25,0,0,6,50
mesd_24,2016,P1,mes,wldd,mesd_24,mes_l,16,-15.46775854,32.5,17.2,12,,,2,,,,,5,,,,,,,,,,,,,,,,,,0.5,30,0.1,,,,,,,,0.1,,,0.1,1.375,,,,,41.375,,,,,,,,,,,,,,1,0.5,,,,,,,,,,,,,,0,5,0.2,12,2,30.6,1.5,0,0,42.75,0,0,0.1,32.5
mesd_25,2016,P1,mes,wldd,mesd_25,mes_ho,16,-15.46775854,60,1,,,,10,,,,,1,,,,,,,,,,,,,,,,,,,10,,,40,,,,,,0.5,,,,,,,,,,,,,,,,,,,,,,,,0.625,,,,0.125,,,,,0.125,,,,,0,1,0,0,50,10.5,0.875,0,0,0,0,40,0.5,20
mesd_26,2016,P2,mes,wldd,mesd_26,mes_l,16,-15.46775854,24,7,,,1,,,,,,2,2,,,,,,,,,,,,,,,,,,24,,,,,,,,,,3,,,10.25,,,,,,,,,,,,,,,,,,,,,,,,,,,,,33.75,,,,,0,4,0,0,4,24,33.75,0,0,10.25,0,4,0,24
mesd_27,2016,P2,mes,wldd,mesd_27,mes_l,16,-15.46775854,125,4,,,,34,,,,,3,1,,,,,,,,,,,,,,,,,,1,,,90,,,,,,,,,,13,,,,,,,,,,,,,,,,2.5,,,,,,,,,,,,,,,,,,0,4,0,0,124,1,0,0,0,15.5,0,90,0,35
mesd_28,2016,P2,mes,wldd,mesd_28,mes_l,16,-15.46775854,90,7,,,,,3,,,,2,1,,,,,,0.5,,,,,,,,,,,,,,,90,,,,,,,,,0.5,21.5,,,,,,,,,,,12.5,,,,,,,,,0.25,,,,,,,,,0.25,,,,,0,3,1,3,90,0,0.5,0,0,34,0,90,0,0
mesd_29,2016,P2,mes,wldd,mesd_29,min_hl,16,-15.46775854,1,19.5,,0.5,,1,,,,,1,10,,,,,,1,0.3,,,,,,,,,,,,,,,,,,,,0.5,,,7,49,,,,,19.75,,,,,,1,,,,,,2.5,,4,,,,,,,,,,,,,,,0,11,8.3,0,1,1,4,0,0,72.25,0,0,1,1
mesd_30,2016,P2,mes,wldd,mesd_30,min_hl,16,-15.46775854,0,8,,,0.5,,,,,,1,3,,,,,,2,,,,,,,,,,,,0.1,,,,,,,,,0.5,,,2,19.125,,,,,1.25,,,,,,,,,,,,0.75,,4.25,0.375,,,,,,,,,1.5,,,,,0,4,4,0,0.5,0.6,6.125,0,0,21.125,0,0.5,0.5,0.1
mesd_31,2016,Q1,mes,wldd,mesd_31,oli_l,16,-15.46775854,30,5.3,,,2,,1,,0.1,,0.5,,,,,0.1,,,,,,,0.1,,,,,,,30,0.5,,,,,,,,0.5,,,3,22.75,,,,,39.75,,,,,,,,,,,9.25,,,2.75,,,,,,,,,,,,,,,0.1,0.7,3.5,1,2,30.5,2.75,0,0,71.75,0,2,0.5,30
mesd_32,2016,Q1,mes,wldd,mesd_32,oli_l,16,-15.46775854,14,4.3,,,5,,1,,,,0.5,0.5,,,,,,,,,,,0.3,,,,,,,14,,,,,,1,,,,1,,,40.75,,,,,43.5,,,,,,,,,,,,,,0.275,,,,,,,,,,0.125,,,,,0.3,1,1,1,6,14,0.4,0,0,84.25,0,6,0,14
mesd_33,2016,Q1,mes,wldd,mesd_33,oli_l,16,-15.46775854,38,10,,,8,3,,,,,8,,,,,,,,,,,,2,,,,,,,35,,,,,,,,,,,,,16,,,,,47.25,,,,,,,,,,,,,,0.875,,,0.125,,,,,,,,,,,,2,8,0,0,11,35,0.875,0.125,0,63.25,0,8,0,38
mesd_34,2016,Q1,mes,wldd,mesd_34,oli_l,16,-15.46775854,45,9.7,5,0.5,0.1,,,,,,0.1,,,,,0.1,,,,,0.5,,,,,,,,,45,,,,,,0.5,,,0.1,,,3,64.5,,,,,10,,,,,,,,,,,,,,,,,,,,,,,,,,,,,0,0.2,3.5,5,0.1,46.1,0,0,0,74.5,0,0.1,1.1,45
mesd_35,2016,Q1,mes,wldd,mesd_35,mes_ho,16,-15.46775854,55,1,,,,40,,,,,,1,,,,,,,,,,,,,,,,,,15,,,,,,,,,,,,,,,,,,,,,,,,,,,,,,,,,2,,,,,,,,,0.5,,,,,0,1,0,0,40,15,2.5,0,0,0,0,0,0,55
mesd_36,2016,Q2,mes,wldd,mesd_36,mes_l,16,-15.46775854,25,51,40,,,17,3,,,,,,,,,,,8,,,,,,,,,,,,8,,,,,,,,,,,,,,,,,,,,,,,,,,,,,0.5,,,,10,,,,0.75,,,,,0.275,0.025,,,,0,0,8,43,17,8,11.05,0,0,0.5,0,0,0,25
mesd_37,2016,Q2,mes,wldd,mesd_37,min_hl,16,-15.46775854,138,2.6,,,0.1,,,,,,0.1,,,,,,,,,,,,2,,,,,,3,75,,,60,,,,,,,,,0.5,,,,,,,,,,,,,,,,,,,,,2.125,,,,0.375,,,,,0.375,,,,,2,0.1,0.5,0,60.1,78,2.875,0,0,0,0,60.1,0,78
mesd_38,2016,Q2,mes,wldd,mesd_38,mes_l,16,-15.46775854,22,12.6,,,,5,6,,,,0.5,,,,,,,,,,,,0.1,,,,,,,10,,,7,,,4,,,,,,2,20,,,,,4.5,,,,,,,,,,,5.5,,,,1.65,,,,,,,,,0.25,,,,,0.1,0.5,6,6,12,10,1.9,0,0,30,0,7,0,15
mesd_39,2016,Q2,mes,wldd,mesd_39,min_hl,16,-15.46775854,80,8,,,3,,0.5,,,,,3,,,,,,,,,,,0.5,,,,,,,80,,,,,,4,,,1,,,,0.25,,,,,,,,,,,,,,,,,,,,5,,,,,,,,,3.625,,,,,0.5,3,4,0.5,3,81,8.625,0,0,0.25,0,3,1,80
mesd_40,2016,Q2,mes,wldd,mesd_40,min_hl,16,-15.46775854,100,2.1,,,0.5,,,,,,,2,,,,,,,,,,,,,,,,,100,,0.1,,,,,,,,1,,,,5.25,,0.5,,,,,,,,,,,,,,,,,,31.625,,,,0.25,,,,,0.5,,,,,0,2,0.1,0,0.5,101,32.375,0,0,5.25,0.5,0.5,1,100
olic_01,2016,A1,oli,ctr,olic_1,oli_l,0,-17.81685288,0,23,,12,15,,,,,,,10,,,,1,,,0.5,,,,,,,,,,,,,,,,,,,,12,,,,5,,,,,93.75,,,,,,,,,,,,,,1.125,,,,,,,,,,,,,,,0,11,0.5,0,15,24,1.125,0,0,98.75,0,15,24,0
olic_02,2016,A1,oli,ctr,olic_2,oli_l,0,-17.81685288,0,24,,18,11,,,,,,,6,,,,,,,,,,,,,,,,,,,,,,,,,,,26,,,,82,,,,,,,,0.375,,,,,,,,,,,,,,,,,,,,,,,,,,0,6,0,0,11,44,0,0,0,82.375,0,11,44,0
olic_03,2016,A1,oli,ctr,olic_3,oli_l,0,-17.81685288,0,13,,5,6,,,,,,,8,,,,,,,,,,,,,,,,,,,,,,,,,,,5,,,,93.5,,,,,,,,0.25,,,,,,,,,,,1,,,,,,,,,,,,,,,0,8,0,0,6,10,1,0,0,93.75,0,6,10,0
olic_04,2016,A1,oli,ctr,olic_4,oli_l,0,-17.81685288,0,13,,7,4,,,,,,,3,,,,0.5,,,1,,,,2,,,,,,,,,,,,0.5,,,,12,,,,21.5,,,,,36.25,,,,,,,,,,,,,,9.25,,,0.875,,,,,,na,,,,,,2.5,3.5,1,0,4,19,9.25,0.875,0,57.75,0,4,19,0
olic_05,2016,A1,oli,ctr,olic_5,oli_l,0,-17.81685288,1,36,,6,9,,,,,,,30,,,,,,,,,,,,,,,,,,1,,,,,,,,,14,,,,45.5,,,,,4.75,,,2,,,,,,,,,,,,,,3,,,,,,,,,,,,0,30,0,0,9,21,0,3,0,52.25,0,9,20,1
olic_06,2016,A2,oli,ctr,olic_6,oli_l,0,-17.81685288,65,49.5,,3,1,,,,,,,1.5,,,,,,,,,13,,,,,,,,,65,,,,,,,,,18,32,,,43.75,,,,,25,,,,,,,,,,,,,,,,,,,,,,,,13.75,,,4.75,,0,1.5,0,0,33,99,18.5,0,0,68.75,0,33,34,65
olic_07,2016,A2,oli,ctr,olic_7,oli_l,0,-17.81685288,0,30,,3,8,,,,,,,3,,,,,,,,,10,,1,,,,,,,,,,,,,,,,7,13,,,36.25,,,,,36.25,,,3,,,,,,,,,,,,,,,,,,,,,,,,,,1,3,0,0,21,20,0,0,0,75.5,0,21,20,0
olic_08,2016,A2,oli,ctr,olic_8,oli_l,0,-17.81685288,0,23,,15,10,,,,,,,4,,,,,,,,,2,,2,,,,,,,,,,,,,,,,18,,,,29.25,,,,,,,,35.5,,,,,,,,,,,,,,,,,,,,,,,,,,2,4,0,0,10,35,0,0,0,64.75,0,10,35,0
olic_09,2016,A2,oli,ctr,olic_9,oli_l,0,-17.81685288,0,41,,18,14,,,,,,,6,,,,,,,,,,,3,,,,,,,,,,,,,,,,,14,,,67,,,,,,,,11,,,,,,,,,,,,,,,,,,,,,,,,,,3,6,0,0,28,18,0,0,0,78,0,28,18,0
olic_10,2016,A2,oli,ctr,olic_10,oli_l,0,-17.81685288,1,2.2,,2,12,,,,,,,0.1,,,,,,,,,,,0.1,,,,,,,1,,,,,,,,,30,,,,33.25,,,,,13.75,,,,,,,,,,,,,,,,,,,,,,,,,,,18,,0.1,0.1,0,0,12,33,18,0,0,47,0,12,32,1
olic_11,2016,A3,oli,ctr,olic_11,oli_l,0,-17.81685288,0,13.5,,2,12,,,,,,,1,,,,,,,,,,,0.5,,,,,,,0.1,na,,,,10,,,,18,,,,67.875,,,,,1.25,,,,,,,,,,,,,,2.375,,,,,,,,,,,,,0.5,,10.5,1,0,0,12,20.1,2.875,0,0,69.125,0,12,20,0.1
olic_12,2016,A3,oli,ctr,olic_12,oli_l,0,-17.81685288,0,11,,3,8,,,,,,,1,,,,,,,,,,,7,,,,,,,0.5,,,,,,,,,22,,,,69.625,,,,,5,,,1.75,,,,,,,,,,,1.125,,,,,,,,,,,,,,,7,1,0,0,8,25.5,1.125,0,0,76.375,0,8,25,0.5
olic_13,2016,A3,oli,ctr,olic_13,oli_l,0,-17.81685288,0,38,,1.5,1,,,,,,,0.5,,,,,,,,,1,,35,,,,,,,,,,,,,,,,15,,,,21,,,,,11.25,,,,,,,,,,,,,,,,,,,,,,,,,,,,,35,0.5,0,0,1,17.5,0,0,0,32.25,0,1,17.5,0
olic_14,2016,A3,oli,ctr,olic_14,oli_l,0,-17.81685288,0,13.8,,11,3,,,,,,,2.5,,,,,,,,,,0.2,0.1,,,,,,,,,,,,,,,,3,,,,27,,,,,21.275,,,20.5,,,,,,,,,,,1.125,,,,,,,,,,,,,,,0.1,2.7,0,0,3,14,1.125,0,0,68.775,0,3,14,0
olic_15,2016,A3,oli,ctr,olic_15,oli_l,0,-17.81685288,0,4.6,,2,2,,,,,,,1.5,,,,,,,,,,0.1,1,,,,,,,0.5,,,,,,,,,3,,,,32.25,,,,,65.5,,,0.25,,,,,,,,,,,0.025,,,,,,,,,,,,,,,1,1.6,0,0,2,5.5,0.025,0,0,98,0,2,5,0.5
olic_16,2016,A4,oli,ctr,olic_16,oli_l,0,-17.81685288,1.5,3.2,,0.5,7,,,,,,,1,,,,,,,,,,0.2,1,,,,,,,1.5,,,,,0.5,,,,1,,,,42.5,,,,,,,,49.75,,,,,,,,,,,,,,,,,,,,,,,,,,1.5,1.2,0,0,7,3,0,0,0,92.25,0,7,1.5,1.5
olic_17,2016,A4,oli,ctr,olic_17,oli_l,0,-17.81685288,1,6.6,,3,4,,,,,,,3,,,,,0.5,,,,,,0.1,,,,,,,1,,,,,,,,,1.5,,,,57.5,,,,,,,,35.75,,,,,,,,,,,,,,,,,,,,,,,,,,0.1,3.5,0,0,4,5.5,0,0,0,93.25,0,4,4.5,1
olic_18,2016,A4,oli,ctr,olic_18,oli_l,0,-17.81685288,0,3.9,,0.5,3,,,,,,,3,,,,,,,,,,,0.2,,,,,,,0.5,,,,,0.2,,,,0.5,,,,60.25,,,,,,,,36.25,,,,,,,,,,,,,,,,,,,,,,,,,,0.4,3,0,0,3,1.5,0,0,0,96.5,0,3,1,0.5
olic_19,2016,A4,oli,ctr,olic_19,oli_l,0,-17.81685288,0,2.5,,0.5,1,,,,,,,1,,,,,,,,,,,,,,,,,,0.2,,,,,1,,,,1.5,,,,69.75,,,,,,,,15,,,,,,,,,,,,,,,,,,,,,,,,,,1,1,0,0,1,2.2,0,0,0,84.75,0,1,2,0.2
olic_20,2016,A4,oli,ctr,olic_20,oli_l,0,-17.81685288,0,4.2,,3.5,1.5,,,,,,,0.5,,,,,,,,,,,,,,,,,,,,,,na,0.2,,,,5,,,,70.5,,,,,,,,20.25,,,,,,,,,,,,,,,,,,,,,,,,,,0.2,0.5,0,0,1.5,8.5,0,0,0,90.75,0,1.5,8.5,0
olic_21,2016,B1,oli,ctr,olic_21,oli_l,0,-17.81685288,25,6.5,,5,3,,,,,,,1,,,,0.5,,,,,,,,,,,,,,25,,,,,,,,,0.5,,,,9.5,,,,,88,,,,,,,,,,,,,,,,,,,,,,,,,,,,,0,1.5,0,0,3,30.5,0,0,0,97.5,0,3,5.5,25
olic_22,2016,B1,oli,ctr,olic_22,oli_l,0,-17.81685288,0,7.1,,6,2,,,,,,,1,,,,0.1,,,,,,,,,,,,,,,,,,,,,,,3,,,,33.75,,,,,,,,62.25,,,,,,,,,,,,,,,,,,,,,,,,,,0,1.1,0,0,2,9,0,0,0,96,0,2,9,0
olic_23,2016,B1,oli,ctr,olic_23,oli_l,0,-17.81685288,0,6.5,,6,1.5,,,,,,,0.5,,,,,,,,,,,,,,,,,,,,,,,,,,,8,,,,25.25,,,,,,,,72.5,,,,,,,,,,,0.275,,,0.025,,,,,,,,,,,,0,0.5,0,0,1.5,14,0.275,0.025,0,97.75,0,1.5,14,0
olic_24,2016,B1,oli,ctr,olic_24,oli_l,0,-17.81685288,0,1.9,,1,2,,,,,,,0.7,,,,,,,,,,,0.2,,,,,,,,,,,,,,,,1,,,,91,,,,,,,,5.75,,,,,,,,,,,0.025,,,,,,,,,,,,,,,0.2,0.7,0,0,2,2,0.025,0,0,96.75,0,2,2,0
olic_25,2016,B1,oli,ctr,olic_25,oli_l,0,-17.81685288,0,2.3,,1,2.5,,,,,,,1,,,,,,,,,,0.1,0.2,,,,,,,0.1,,,,,,,,,0.7,,,,33.375,,,,,59,,,,,,,,,,,,,,0.275,,,0.075,,,,,,,,,,3.1,,0.2,1.1,0,0,2.5,1.8,3.375,0.075,0,92.375,0,2.5,1.7,0.1
olic_26,2016,B2,oli,ctr,olic_26,oli_l,0,-17.81685288,0,4.5,,2.5,3,,,,,,,1,,,,,,,,,,,1,,,,,,,,,,,,,,,,4,,,,69.5,,,,,,,,11.75,,,,,,,,,,,,,,,,,,,,,,,,,,1,1,0,0,3,6.5,0,0,0,81.25,0,3,6.5,0
olic_27,2016,B2,oli,ctr,olic_27,oli_l,0,-17.81685288,0,1.8,,1,1.5,,,,,,,0.3,,,,,,,,,,,0.5,,,,,,,,,,,,,,,,23,,,,77.75,,,,,2.5,,,,,,7.75,,,,,,,,1.025,,,,,,,,,,,,,2,,0.5,0.3,0,0,1.5,24,3.025,0,0,88,0,1.5,24,0
olic_28,2016,B2,oli,ctr,olic_28,oli_l,0,-17.81685288,0,4,,3,10,,,,,,,1,,,,,,,,,,,,,,,,,,,,,,,,,,,4,,,,55.5,,,,,6.25,,,17.25,,,11.75,,,,,,,,,,,0.025,,,,,,,,,,,,0,1,0,0,10,7,0,0.025,0,90.75,0,10,7,0
olic_29,2016,B2,oli,ctr,olic_29,oli_l,0,-17.81685288,0,6.7,,6,11,,,,,,,0.5,,,,,,,,,,,0.2,,,,,,,,,,,,,,,,8,,,,93.75,,,,,,,,,,,,,,,,,,,0.325,,,0.025,,,,,,,,,,,,0.2,0.5,0,0,11,14,0.325,0.025,0,93.75,0,11,14,0
olic_30,2016,B2,oli,ctr,olic_30,oli_l,0,-17.81685288,8,1.5,,1,2,,,,,,,0.2,,,,,,,,,,,0.3,,,,,,,8,,,,,,,,,4,,,,69.5,,,,,,,,1,,,,,,,,,,,18.75,,,,,,,,,,,,,,,0.3,0.2,0,0,2,13,18.75,0,0,70.5,0,2,5,8
olic_31,2016,B3,oli,ctr,olic_31,oli_l,0,-17.81685288,50,8.5,,6,3,,,,,,,0.5,,,,,,,,,,,2,,,,,,,50,,,,,,,,,7,,,,68,,,,,,,,5.25,,,,,,,,,,,0.05,,,0.05,,,,,,,,,,,,2,0.5,0,0,3,63,0.05,0.05,0,73.25,0,3,13,50
olic_32,2016,B3,oli,ctr,olic_32,min_hl,0,-17.81685288,26,6,,2,1.5,,,,,,,1,,,,,,,,,,,3,,,,,,,26,,,,,,,,,5,,,,19.25,,,,,,,,,,,,,,,,,,,4.025,,,,,,,,,,,,,,,3,1,0,0,1.5,33,4.025,0,0,19.25,0,1.5,7,26
olic_33,2016,B3,oli,ctr,olic_33,oli_l,0,-17.81685288,0,3.8,,1.5,4,,,,,,,0.3,,,,,,,,,,,2,,,,,,,,,,,,,,,,1,,,,90.125,,,,,,,,,,,,,,,,,,,0.15,,,,,,,,,,,,,,,2,0.3,0,0,4,2.5,0.15,0,0,90.125,0,4,2.5,0
olic_34,2016,B3,oli,ctr,olic_34,oli_l,0,-17.81685288,0,5.6,,5,3,,,,,,,0.3,,,,0.1,,,,,,,,,,,,,,,,,,,0.2,,,,3,,,,48.5,,,,,,,,47,,,,,,,,,,,,,,,,,,,,,,,,,,0.2,0.4,0,0,3,8,0,0,0,95.5,0,3,8,0
olic_35,2016,B3,oli,ctr,olic_35,oli_l,0,-17.81685288,0,2.5,,0.5,10,,,,,,,1.5,,,,,,,,,,,0.5,,,,,,,0.1,,,,,,,,,1,,,,70.25,,,,,1.25,,,17.75,,,,,,,,,,,,,,0.025,,,,,,,,,,,,0.5,1.5,0,0,10,1.6,0,0.025,0,89.25,0,10,1.5,0.1
olic_36,2016,B4,oli,ctr,olic_36,oli_l,0,-17.81685288,0,13.7,,0.2,2,,,,,,,0.5,,,,,,,,,,,13,,,,,,,0.3,,,,,,,,,0.5,,,,48,,,,,0.25,,,26,,,,,,,,,,,2.025,,,,,,,,,,,,,,,13,0.5,0,0,2,1,2.025,0,0,74.25,0,2,0.7,0.3
olic_37,2016,B4,oli,ctr,olic_37,oli_l,0,-17.81685288,0,2.7,,0.5,1.5,,,,,,,1,,,,,,,,,,,0.2,,,,,,,0.2,,,,,1,,,,0.5,,,,20,,,,,0.25,,,67.75,,,,,,,,,,,,,,,,,,,,,,,,,,1.2,1,0,0,1.5,1.2,0,0,0,88,0,1.5,1,0.2
olic_38,2016,B4,oli,ctr,olic_38,oli_l,0,-17.81685288,0,4.5,,2,1,,,,,,,1.5,,,,,0.5,,,,,,0.5,,,,,,,,,,,,,,,,0.5,,,,15.75,,,,,4,,,77.125,,,,,,,,,,,,,,0.275,,,,,,,,,,,,0.5,2,0,0,1,2.5,0,0.275,0,96.875,0,1,2.5,0
olic_39,2016,B4,oli,ctr,olic_39,oli_l,0,-17.81685288,15,7.5,,1.5,1,,,,,,,5,,,,,,,0.1,,,,,,,,,,,15,,,,,1,,,,0.3,,,,16.5,,,,,8.5,,,68,,,,,,,,,,,0.25,,,0.025,,,,,,,,,,,,1,5,0.1,0,1,16.8,0.25,0.025,0,93,0,1,1.8,15
olic_40,2016,B4,oli,ctr,olic_40,min_hl,0,-17.81685288,15,14.7,,7,5,,,,,,,4,,,,,0.7,,,,,1,2,,,,,,,15,,,,,,,,,1,,,,76.625,,,,,7,,,1.25,,,,,,,,,,,0.025,,,0.625,,,,,,,,,,,,2,5.7,0,0,5,23,0.025,0.625,0,84.875,0,5,8,15
olif_01,2016,G1,oli,fst,olif_1,,55,-38.47193568,50,3.2,,,,50,,,,,,,,,,,,,,,,,0.2,,,,,,,,,,,,,,,,,,3,,,,,,,,,,,,,,,,,,,,,,1,,,,1.75,,,,,28.75,,28.75,,,0.2,0,0,0,50,3,60.25,0,0,0,0,0,3,50
olif_02,2016,G1,oli,fst,olif_2,,55,-38.47193568,75,5.5,,,,75,,,,,,,,,,,,,,,,,0.5,,,,,,,,,,,,,,,,,,5,,,,,,,,,,,,,,,,,,,,,,1.25,,,,,,,,,4,,0.125,,,0.5,0,0,0,75,5,5.375,0,0,0,0,0,5,75
olif_03,2016,G1,oli,fst,olif_3,,55,-38.47193568,94,2.6,,,,24,,,,,,,,,,,,,,2,,,0.1,,,,,,70,,,,,,,,,,,,0.5,,,,,,,,,,,,,,,,,,,,,0.15,,,,,0.5,,,,,15.5,,3,,,0.1,0,2,0,24,70.5,19.15,0,0,0,0,0,0.5,94
olif_04,2016,G1,oli,fst,olif_4,,55,-38.47193568,105,35.1,,,,,,,,,,,,,,,,,,,,,0.1,,,,,,40,65,,,,,,,,,,,35,,0.125,,,,,,,,,,,,,,,,,,,,,,,,0.5,,,,,11.5,,,,,0.1,0,0,0,0,140,12,0,0,0.125,0,0,35,105
olif_05,2016,G1,oli,fst,olif_5,,55,-38.47193568,40,18,,,,,,,,,,,,,,,,,,,,,3,,,,,,,40,,,,,,,,,,,15,,0.55,,,,,,,,,,,,,,,,,,,0.15,,,,,,,,,,4.75,,16.5,,,3,0,0,0,0,55,21.4,0,0,0.55,0,0,15,40
olif_06,2016,G2,oli,fst,olif_6,,55,-38.47193568,28,18.1,,,,,,,,,,,,,,,,,,,,,0.1,,,8,,,,28,,,,,,,,,,,10,,4.25,,,,,,,,,,,,,,,,,,,0.25,,,,,,,,,,2.75,,12.25,,,0.1,0,8,0,0,38,15.25,0,0,4.25,0,0,10,28
olif_07,2016,G2,oli,fst,olif_7,,55,-38.47193568,52,0.2,,,,,,,,,,,,,,,,,,,,,0.2,,,,,,,52,,,,,,,,,,,,,,,,,,,,,,,,,,,,,,,,,,,,,,,,,,3.75,,25.5,,,0.2,0,0,0,0,52,29.25,0,0,0,0,0,0,52
olif_08,2016,G2,oli,fst,olif_8,,55,-38.47193568,95,3.1,,,,,,,,,,,,,,,,,,,,,0.1,,,3,,,45,50,,,,,,,,,,,,,14.25,,,,,,,,,,,,,,,,,,,,,,,,0.75,,,,,1,,11.25,,,0.1,0,3,0,0,95,13,0,0,14.25,0,0,0,95
olif_09,2016,G2,oli,fst,olif_9,,55,-38.47193568,32,6.2,,,,,,,,,,,,,,,,,,,,,0.2,,,6,,,,32,,,,,,,,,0.1,,,,14,,,,,2,,,,,,3,,,,,,,,,,,,,7.5,,,,,12.25,,31.25,,,0.2,0,6,0,0,32.1,51,0,0,19,0,0,0.1,32
olif_10,2016,G2,oli,fst,olif_10,,55,-38.47193568,55,4,,,,,,,,,,,,,,,,,,,,,2,,,,,,,55,,,,,,,,,,,2,,,,,,,,,,,,,,,,,,,,,,,,,,,,,,,22.5,,14.5,,,2,0,0,0,0,57,37,0,0,0,0,0,2,55
olif_11,2016,H1,oli,fst,olif_11,,55,-38.47193568,80,0,,,,75,,,,,,,,,,,,,,,,,,,,,,,,5,,,,,,,,,,,,,5.25,,,,,,,,,,,3.5,,,,,,,,0.025,,,,,,,,,,5.5,,56.25,,,0,0,0,0,75,5,61.775,0,0,8.75,0,0,0,80
olif_12,2016,H1,oli,fst,olif_12,,55,-38.47193568,60,0,,,,60,,,,,,,,,,,,,,,,,,,,,,,,,,,,,,,,,,,,,0.75,,,,,,,,,,,,,,,,,,,0.025,,,,,,,,,,0.625,,45,,,0,0,0,0,60,0,45.65,0,0,0.75,0,0,0,60
olif_13,2016,H1,oli,fst,olif_13,,55,-38.47193568,35,8,,,,35,,,,,,,,,,,,,,6,,,,,,2,,,,,,,,,,,,,,,,,1.375,,,,,,,,,,,,,,,,,,,0.025,,,,2,3.75,,,,,2.5,,27.5,,,0,0,8,0,35,0,35.775,0,0,1.375,0,0,0,35
olif_14,2016,H1,oli,fst,olif_14,,55,-38.47193568,47,2,,,,13,,,,,,,,,,,,,,,,,,,,2,,,34,,,,,,,,,,,,,,0.625,,,,,,,,,,,,,,,,,,,,0.875,,,,,,,,,7.25,,7.5,,,0,0,2,0,13,34,15.625,0,0,0.625,0,0,0,47
olif_15,2016,H1,oli,fst,olif_15,,55,-38.47193568,37,0.5,,,,2,,,,,,,,,,,,,,,,,0.5,,,,,,25,10,,,,,,,,,0.1,,,,4.75,,,,,,,,,,,5.25,,,,,,,,2.25,,,,,,,,,,,,16,,,0.5,0,0,0,2,35.1,18.25,0,0,10,0,0,0.1,37
olif_16,2016,H2,oli,fst,olif_16,,55,-38.47193568,72.1,10,,,,0.1,,,,,,,,,,,,,,,,,6,,,,,,45,27,,,,,,,,,,,4,,0.75,,,,,,,,,,,,,,,,,,,,,,,,,,,,,4.75,,17.5,,,6,0,0,0,0.1,76,22.25,0,0,0.75,0,0,4,72.1
olif_17,2016,H2,oli,fst,olif_17,,55,-38.47193568,60,10.7,,,,,,,,,,,,,,,,,,,0.5,,0.2,,,,,,,60,,,,,,,,,,,10,,14.75,,,,,,,,,,,,,,,,,,,0.125,,,,,,,,,,3.75,,32,,,0.2,0,0,0,0,70.5,35.875,0,0,14.75,0,0,10.5,60
olif_18,2016,H2,oli,fst,olif_18,,55,-38.47193568,75,16,,,,20,,,,,,,,,0.5,,,,,,,,0.5,,,,,,,55,,,,,,,,,,,15,,,,,,,,,,,,,,,,,,,,,0.425,,,,,0.5,,,,,5,,36.25,,,0.5,0.5,0,0,20,70,42.175,0,0,0,0,0,15,75
olif_19,2016,H2,oli,fst,olif_19,,55,-38.47193568,90,3,,,,30,,,,,,,,,,,,,,,,,,,,,,,25,35,,,,,,,,,,,3,,,,,,,,,,,,,,,,,,,,,,,,,,,,,,,,,28.25,,,0,0,0,0,30,63,28.25,0,0,0,0,0,3,90
olif_20,2016,H2,oli,fst,olif_20,,55,-38.47193568,52,0,,,,45,,,,,,,,,,,,,,,,,,,,,,,7,,,,,,,,,,,,,,0.15,,,,,,,,,,,,,,,,,,,0.425,,,,,,,,,,0.75,,85.25,,,0,0,0,0,45,7,86.425,0,0,0.15,0,0,0,52
olid_01,2016,C1,oli,wldd,olid_1,oli_l,15,-19.48921251,0,4.1,,4,13,,,,,,,,,,,,,,,,,,0.1,,,,,,,,,,,,,,,,30,,,,30,,,,,65.5,,,,,,,,,,,,,,0.8,,,0.025,,,,,,,,,,,,0.1,0,0,0,13,34,0.8,0.025,0,95.5,0,13,34,0
olid_02,2016,C1,oli,wldd,olid_2,oli_l,15,-19.48921251,0,20.5,,0.5,15,,,,,,,,,,,,,,,,,,20,,,,,,,,,,,,,,,,15,,,,66.5,,,,,3.5,,,,,,,,,,,,,,15.25,,,,,,,,,,,,,,,20,0,0,0,15,15.5,15.25,0,0,70,0,15,15.5,0
olid_03,2016,C1,oli,wldd,olid_3,oli_l,15,-19.48921251,10,25,,,7,,,,,,,,,,,,,,,,,,25,,,,,,,10,,,,,,,,,2,,,,56.5,,,,,,,,,,,1.25,,,,,,,,,,,,,,,,,,,,,,,25,0,0,0,7,12,0,0,0,57.75,0,7,2,10
olid_04,2016,C1,oli,wldd,olid_4,oli_l,15,-19.48921251,7,9,,2,7,,,,,,,,,,,,,,,,,,7,,,,,,,7,,,,,,,,,20,,,,59.875,,,,,16.75,,,,,,,,,,,,,,0.625,,,,,,,,,,,,,,,7,0,0,0,7,29,0.625,0,0,76.625,0,7,22,7
olid_05,2016,C1,oli,wldd,olid_5,oli_l,15,-19.48921251,15,25.5,,0.5,2,,,,,,,,,,,,,,,,,,25,,,,,,,15,,,,,,,,,3,,,,0.75,,,,,1.75,,,,,,0.5,,,,,,,,1.75,,,0.025,,,,,,,,,,,,25,0,0,0,2,18.5,1.75,0.025,0,3,0,2,3.5,15
olid_06,2016,C2,oli,wldd,olid_6,oli_l,15,-19.48921251,25,17,,2,15,,,,,,,,,,,,,,,,,,15,,,,,,,25,,,,,,,,,4,,,,88.625,,,,,,,,,,,,,,,,,,,0.125,,,,,,,,,,,,,,,15,0,0,0,15,31,0.125,0,0,88.625,0,15,6,25
olid_07,2016,C2,oli,wldd,olid_7,oli_l,15,-19.48921251,0,18.5,,0.5,8,,,,,,,,,,,,,,,,,,18,,,,,,,,,,,,,,,,22,,,,48,,,,,30.5,,,,,,,,,,,,,,0.75,,,0.025,,,,,,,,,,,,18,0,0,0,8,22.5,0.75,0.025,0,78.5,0,8,22.5,0
olid_08,2016,C2,oli,wldd,olid_8,oli_l,15,-19.48921251,3,7,,,4,,,,,,,,na,,,,,,,,,1,6,,,,,,,3,,,,,,,,,12,,,,63.75,,,,,25.5,,,,,,,,,,,,,,,,,0.025,,,,,,,,,,,,6,1,0,0,4,15,0,0.025,0,89.25,0,4,12,3
olid_09,2016,C2,oli,wldd,olid_9,oli_l,15,-19.48921251,20,2.5,,1.5,15,,,,,,,,,,,,,,,,,,1,,,,,,,20,,,,,,,,,18,,,,23.75,,,,,21,,,,,,,,,,,,,,1.75,,,,,,,,,,,,,53.75,,1,0,0,0,15,39.5,55.5,0,0,44.75,0,15,19.5,20
olid_10,2016,C2,oli,wldd,olid_10,oli_l,15,-19.48921251,0,27,,,3,,,,,,,,,,,,,,,,,,27,,,,,,,,,,,,,,,,10,,,,58,,,,,3,,,,,,,,,,,,,,2.125,,,,,,,,,,,,,,,27,0,0,0,3,10,2.125,0,0,61,0,3,10,0
olid_11,2016,D1,oli,wldd,olid_11,oli_l,15,-19.48921251,50,22,,2,7,,,,,,,,,,,,,,,,,,20,,,,,,,50,,,,,,,,,17,,,,10,,,,,0.5,,,7.5,,,,,,,,,,,0.125,,,0.5,,,,,,,,,,,,20,0,0,0,7,69,0.125,0.5,0,18,0,7,19,50
olid_12,2016,D1,oli,wldd,olid_12,oli_l,15,-19.48921251,0,4.5,,1,30,,,,,,,,,,,,,,,,,,3,,,,,,,,,,,,0.5,,,,7,,,,61,,,,,0.25,,,,,,,,,,,,,,1.275,,,0.15,,,,,,,,,,,,3.5,0,0,0,30,8,1.275,0.15,0,61.25,0,30,8,0
olid_13,2016,D1,oli,wldd,olid_13,oli_l,15,-19.48921251,20,19,,2,15,,,,,,,,,,,,,,,,,,17,,,,,,,20,,,,,,,,,5,,,,55.75,,,,,3,,,,,,,,,,,,,,2,,,0.025,,,,,,,,,,0.75,,17,0,0,0,15,27,2.75,0.025,0,58.75,0,15,7,20
olid_14,2016,D1,oli,wldd,olid_14,oli_l,15,-19.48921251,5,3,,,7,,,,,,,,,,,,,,,,,,3,,,,,,,5,,,,,,,,,16,,,,66.5,,,,,16.25,,,,,,,,,,,,,,7.25,,,0.125,,,,,,,,,,,,3,0,0,0,7,21,7.25,0.125,0,82.75,0,7,16,5
olid_15,2016,D1,oli,wldd,olid_15,oli_l,15,-19.48921251,0,25.5,,0.5,2,,,,,,,,,,,,,,,,,,25,,,,,,,0.5,,,,,,,,,3,,,,74.125,,,,,12.625,,,,,,,,,,,,,,,,,0.15,,,,,,,,,,,,25,0,0,0,2,4,0,0.15,0,86.75,0,2,3.5,0.5
olid_16,2016,D2,oli,wldd,olid_16,oli_l,15,-19.48921251,15,35,,,3,,,,,,,,,,,,,,,,,,35,,,,,,,15,,,,,,,,,1,,,,46.25,,,,,,,,,,,,,,,,,,,,,,0.025,,,,,,,,,,,,35,0,0,0,3,16,0,0.025,0,46.25,0,3,1,15
olid_17,2016,D2,oli,wldd,olid_17,oli_l,15,-19.48921251,5,10,,,18,,,,,,,,,,,,,,,,,,10,,,,,,,5,,,,,,,,,2,,,,74.75,,,,,6.5,,,,,,,,,,,,,,,,,,,,,,,,,,,,,10,0,0,0,18,7,0,0,0,81.25,0,18,2,5
olid_18,2016,D2,oli,wldd,olid_18,oli_l,15,-19.48921251,0,12,,2,15,,,,,,,,,,,,,,,,,,10,,,,,,,,,,,,,,,,6,,,,78.5,,,,,0.25,,,,,,,,,,,,,,,,,,,,,,,,,,,,,10,0,0,0,15,8,0,0,0,78.75,0,15,8,0
olid_19,2016,D2,oli,wldd,olid_19,oli_l,15,-19.48921251,2,4,,2,10,,,,,,,1,,,,,,,,,,,,,,,,,,2,,,,,1,,,,3,,,,48,,,,,,,,,,,,,,,,,,,1.75,,,,,,,,,,,,,,,1,1,0,0,10,7,1.75,0,0,48,0,10,5,2
olid_20,2016,D2,oli,wldd,olid_20,oli_l,15,-19.48921251,7,9,,2,5,,,,,,,,,,,,,,,,,,7,,,,,,,7,,,,,,,,,0.5,,,,6.75,,,,38.75,24.5,,,,,,,,,,,,,,0.5,,,,,,,,,,,,,3.75,,7,0,0,0,5,9.5,4.25,0,0,31.25,38.75,5,2.5,7
olid_21,2016,E1,oli,wldd,olid_21,oli_l,15,-19.48921251,0,37,,2,12,,,,,,,,,,,,,,,,33,,2,,,,,,,,,,,,,,,,16,,,,40.125,,,,,31.5,,,,,,,,,,,,,,0.025,,,0.025,,,,,,,,,,0.875,,2,0,0,0,12,51,0.9,0.025,0,71.625,0,12,51,0
olid_22,2016,E1,oli,wldd,olid_22,oli_l,15,-19.48921251,0,48,,,,,,,,,,,,,,,,,,,7,,32,,,,,,,,,,,,,,,,2,9,,,17.75,,,,,1,,,,,,,,,,,,,,,,,,,,,,,,,,,,,32,0,0,0,9,9,0,0,0,18.75,0,9,9,0
olid_23,2016,E1,oli,wldd,olid_23,oli_l,15,-19.48921251,40,18,,,,,,,,,,,,,,,,,,,13,,,,,,,,,40,,,,,,,,,1,5,,,1.5,,,,,,,,,,,,,,,,,,,3,,,,,,,,,,55.5,,,,,0,0,0,0,5,54,58.5,0,0,1.5,0,5,14,40
olid_24,2016,E1,oli,wldd,olid_24,oli_l,15,-19.48921251,75,11,,2,4,,,,,,,,,,,,,,,,4,,2,,,,,,,75,,,,,,,,,12,3,,,1.75,,,,,4.5,,,,,,,,,,,,,,,,,,,,,,,,,,,,,2,0,0,0,7,93,0,0,0,6.25,0,7,18,75
olid_25,2016,E1,oli,wldd,olid_25,oli_l,15,-19.48921251,17,10.5,,0.5,20,,,,,,,,,,,,,,,,,,10,,,,,,,17,,,,,,,,,4,,,,5.25,,,,,20.5,,,,,,,,,,,,,,0.75,,,,,,,,,,,,,28.5,,10,0,0,0,20,21.5,29.25,0,0,25.75,0,20,4.5,17
olid_26,2016,E2,oli,wldd,olid_26,oli_l,15,-19.48921251,0,8,,2,15,,,,,,,,,,,,,,,,,,6,,,,,,,,,,,,,,,,15,,,,8.75,,,,,,,,,,,14,,,,,,,,65.5,,,,,,,,,,,,,,,6,0,0,0,15,17,65.5,0,0,22.75,0,15,17,0
olid_27,2016,E2,oli,wldd,olid_27,oli_l,15,-19.48921251,22,1,,,35,,,,,,,,,,,,,,,,,,1,,,,,,,22,,,,,,,,,1.5,,,,46.75,,,,,36.25,,,,,,,,,,,,,,0.275,,,0.125,,,,,,,,,,1,,1,0,0,0,35,23.5,1.275,0.125,0,83,0,35,1.5,22
olid_28,2016,E2,oli,wldd,olid_28,oli_l,15,-19.48921251,30,10.1,,,45,,,,,,,,,,,,,,,,,,10,,,,,,,30,,,,,0.1,,,,0.1,,,,25.5,,,,,0.75,,,,,,,,,,,,,,1.5,,,0.025,,,,,,,,,,33.5,,10.1,0,0,0,45,30.1,35,0.025,0,26.25,0,45,0.1,30
olid_29,2016,E2,oli,wldd,olid_29,oli_l,15,-19.48921251,35,28,,,45,,,,,,,,,,,,,,,,,,28,,,,,,,35,,,,,,,,,0.5,,,,30.875,,,,,3.25,,,,,,,,,,,,,,0.5,,,,,,,,,,,,,11.75,,28,0,0,0,45,35.5,12.25,0,0,34.125,0,45,0.5,35
olid_30,2016,E2,oli,wldd,olid_30,oli_l,15,-19.48921251,0,19,,1,20,,,,,,,,,,,,,,,,,,18,,,,,,,,,,,,,,,,5,,,,50.75,,,,,9.25,,,0.5,,,,,,,,,,,17,,,,,,,,,,,,,,,18,0,0,0,20,6,17,0,0,60.5,0,20,6,0
olid_31,2016,F1,oli,wldd,olid_31,oli_l,15,-19.48921251,3,11,,0.5,10,,,,,,,,,,,,,,,,,,10,,,,,,,3,,,,,0.5,,,,8,,,,63,,,,,16,,,,,,,,,,,,,,0.375,,,0.875,,,,,,,,,,8.5,,10.5,0,0,0,10,11.5,8.875,0.875,0,79,0,10,8.5,3
olid_32,2016,F1,oli,wldd,olid_32,oli_l,15,-19.48921251,0,11,,,12,,,,,,,,,,,,,,,,,,10,,,,,,,,,,,,1,,,,5,,,,58.25,,,,,,,,13.75,,,,,,,,,,,14.75,,,0.75,,,,,,,,,,,,11,0,0,0,12,5,14.75,0.75,0,72,0,12,5,0
olid_33,2016,F1,oli,wldd,olid_33,oli_l,15,-19.48921251,70,3,,,15,,,,,,,,,,,,,,,,,,3,,,,,,,70,,,,,,,,,1,,,,18.5,,,,,,,,55.75,,,1,,,,,,,,,,,,,,,,,,,,,13.25,,3,0,0,0,15,71,13.25,0,0,75.25,0,15,1,70
olid_34,2016,F1,oli,wldd,olid_34,oli_l,15,-19.48921251,10,2,,,20,,,,,,,,,,,,,,,,,,1,,,,,,,10,,,,,1,,,,1,,,,91.75,,,,,,,,3.25,,,,,,,,,,,,,,,,,,,,,,,,,,2,0,0,0,20,11,0,0,0,95,0,20,1,10
olid_35,2016,F1,oli,wldd,olid_35,oli_l,15,-19.48921251,1,34.2,,0.7,,,,,,,,,,,,,,,,,,,33,,,,,,,1,,,,,0.5,,,,1,,,,56.25,,,,,,,,1,,,13,,,,,,,,0.25,,,0.025,,,,,,,,,,,,33.5,0,0,0,0,2.7,0.25,0.025,0,70.25,0,0,1.7,1
olid_36,2016,F2,oli,wldd,olid_36,oli_l,15,-19.48921251,8,2.5,,,14,,,,,,,,,,,,,,,,0.5,,2,,,,,,,8,,,,,,,,,3,,,,88,,,,,,,,2,,,,,,,,,,,1.775,,,0.15,,,,,,,,,,,,2,0,0,0,14,11.5,1.775,0.15,0,90,0,14,3.5,8
olid_37,2016,F2,oli,wldd,olid_37,oli_l,15,-19.48921251,30,1,,,15,1,,,,,,,,,,,,,,,,,1,,,,,,4,25,,,,,,,,,0.5,,,,72.5,,,,,0.25,,,12.25,,,,,,,,,,,0.125,,,0.025,,,,,,,,,,,,1,0,0,0,16,29.5,0.125,0.025,0,85,0,15,0.5,30
olid_38,2016,F2,oli,wldd,olid_38,oli_l,15,-19.48921251,6,1.5,,0.5,10,3,,,,,,,,,,,,,,,,,1,,,,,,,3,,,,,,,,,6,,,,21.5,,,,,32.25,,,4,,,,,,,,,,,2.75,,,,,,,,,,,,,,,1,0,0,0,13,9.5,2.75,0,0,57.75,0,10,6.5,6
olid_39,2016,F2,oli,wldd,olid_39,oli_l,15,-19.48921251,70,10,,3,2,30,,,,,,,,,,,,,,,,,7,,,,,,35,5,,,,,,,,,1,,,,0.75,,,,,15,,,,,,,,,,,,,,0.5,,,,,1,,,,,,,,,,7,0,0,0,32,44,1.5,0,0,15.75,0,2,4,70
olid_40,2016,F2,oli,wldd,olid_40,oli_l,15,-19.48921251,50,10,,3,3,,,,,,,,,,,,,,,,,,7,,,,,,,50,,,,,,,,,8,,,,1.25,,,,,1.5,,,,,,,,,,,,,,,,,,,,,,,,,,,1.25,,7,0,0,0,3,61,1.25,0,0,2.75,0,3,11,50
ombc_01,2016,T1,omb,ctr,ombc_1,omb_hu,0,-7.043824164,0,24.6,,5,,,,,,,,,,,,,,,0.1,,18,,0.1,,,,,,,,,1.5,,,,,,,0.8,,,,,13.75,,,75.125,,,,,,,,,,,,,,,,,,,,,,,,0.075,7.025,,,3,,0.1,0,1.6,0,0,23.8,10.025,0.075,0,13.75,75.125,0,23.8,0
ombc_02,2016,T1,omb,ctr,ombc_2,omb_hu,0,-7.043824164,0,11.1,,1,,,,,,,,,,,,,,,0.2,,5.5,,0.1,,,,,,,,,2,,,,,,,2,2.5,,,,60,,,35.75,,,,,,,,,,,,,,,,,,,,,,,,,0.025,,,1.75,,0.1,0,2.2,0,2.5,8.5,1.775,0,0,60,35.75,2.5,8.5,0
ombc_03,2016,T1,omb,ctr,ombc_3,omb_hu,0,-7.043824164,0,21.5,,0.5,,,,,,,,,,,,,,,,,3,,8,,,,,,,,,10,,,,,,,1.5,,,,,70.9,,,23.375,,,,,,,,,,,,,,,,,,,,,,,,0.125,0.125,,,1.05,,8,0,10,0,0,5,1.175,0.125,0,70.9,23.375,0,5,0
ombc_04,2016,T1,omb,ctr,ombc_4,omb_hu,0,-7.043824164,0,12.2,,1,,,,,,,,,,,,,,,0.3,,6,,0.2,,,,,,,0.1,,5,,,,,,,0.8,,,,,2.5,,,92.45,,,,,,,,,,,,,,,,,,,,,,,,1.3,,,,2,,0.2,0,5.3,0,0,7.9,2,1.3,0,2.5,92.45,0,7.8,0.1
ombc_05,2016,T1,omb,ctr,ombc_5,omb_hu,0,-7.043824164,0,17.6,,3,,,,,,,,,,,,,,,0.5,,12,,0.1,,,,,,,0.1,,2.5,,,,,,,1,,,,,0.75,,,88.25,,,,,,,,,,,,,,,,,,,,,,,,,,,,7,,0.1,0,3,0,0,16.1,7,0,0,0.75,88.25,0,16,0.1
ombc_06,2016,T2,omb,ctr,ombc_6,min_hl,0,-7.043824164,0,20.1,,5,,,,,,,,,,,,,,,,,9,,0.1,,,,,,,,,5,,,,,,,0.5,1,,,29.75,,,,42.5,,,,,,,,,,,,,,,4,,,,,,,,,,,,,4.25,,0.1,0,5,0,1,14.5,8.25,0,0,29.75,42.5,1,14.5,0
ombc_07,2016,T2,omb,ctr,ombc_7,min_hl,0,-7.043824164,25,36.1,,4,,,,,,,,,,,,,,,,,30,,0.1,,,,,,,25,,,,,,,,,1,2,,,92.125,,,,0.25,,,,,,,,,,,,,,,,,,,,,,,,,,,,1.875,,0.1,0,0,0,2,60,1.875,0,0,92.125,0.25,2,35,25
ombc_08,2016,T2,omb,ctr,ombc_8,omb_hu,0,-7.043824164,0,8.9,,0.8,,,,,,,,,,,,,,,1,,6,,0.1,,,,,,,,,1,,,,,,,0.5,1,,,,2.625,,,92.625,,,,,,,,,,,,,,,,,,,,,,,,,,,,2.375,,0.1,0,2,0,1,7.3,2.375,0,0,2.625,92.625,1,7.3,0
ombc_09,2016,T2,omb,ctr,ombc_9,omb_ll,0,-7.043824164,0,6,,2,,,,,,,,,,,,,,,0.5,,1,,1,,,,,,,,,,,,,,,,1,2,,,,28.375,,,11.125,58.125,,,,,,,,,,,,,,,,,,,,,,,,,,,0.025,,1,0,0.5,0,2,4,0.025,0,0,86.5,11.125,2,4,0
ombc_10,2016,T2,omb,ctr,ombc_10,omb_ll,0,-7.043824164,0,13,,2,,,,,,,,,,,,,,,0.5,,3,,5,,,,,,,,,2,,0.5,,,,,2,0.5,,,,54,,,17.25,11.75,,,,,,,,,,,,,,,,,,,,,,,,,,,0.175,,5,0,3,0,0.5,7,0.175,0,0,65.75,17.25,0.5,7,0
ombc_11,2016,T3,omb,ctr,ombc_11,omb_ho,0,-7.043824164,0,3.1,,0.1,,,,,,,,,,,,,,,,,,,1,,,,,,,,,,,2,,,,,0.1,,,,,41.5,,55,,,,,,,,,,,,0.25,,,,,,,,,,,,,,,,,,,1,0,2,0,0,0.2,0,0,55,41.75,0,0,0.2,0
ombc_12,2016,T3,omb,ctr,ombc_12,omb_ho,0,-7.043824164,0,2.5,,,,,,,,,,,,,,,,,,,,,0.5,,,,,,,,,,,2,,,,,,,,,,16.5,,83,,,,,,,,,,,,,,,,,,,,,,,,,,,,,,,0.5,0,2,0,0,0,0,0,83,16.5,0,0,0,0
ombc_13,2016,T3,omb,ctr,ombc_13,omb_ho,0,-7.043824164,0,3,,,,,,,,,,,,,,,,,,,,,,,,,,,,,,,,3,,,,,,,,,,3,,96.75,,,,,,,,,,,,,,,,,,,,,,,,,,,,,,,0,0,3,0,0,0,0,0,96.75,3,0,0,0,0
ombc_14,2016,T3,omb,ctr,ombc_14,omb_ho,0,-7.043824164,0,4.5,,2,,,,,,,,,,,,,,,,,,,1,,,,,,,,,,,1.5,,,,,0.5,,,,,38.5,,54.625,,5.375,,,,,0.05,,,,,,,,,,,,,,,,,,,,,,,,1,0,1.5,0,0,2.5,0,0,54.625,43.875,0.05,0,2.5,0
ombc_15,2016,T3,omb,ctr,ombc_15,omb_ho,0,-7.043824164,0,10.3,,0.8,,,,,,,,,,,,,,,,,,,9,,,,,,,,,,,0.5,,,,,0.5,,,,,,,21.25,,,,,,,,,,,,,,,,,,,,,,,,,,,,,,,9,0,0.5,0,0,1.3,0,0,21.25,0,0,0,1.3,0
ombc_16,2016,T4,omb,ctr,ombc_16,omb_ho,0,-7.043824164,0,5.1,,2,,,,,,,,,,,,,,,0.1,,,,3,,,,,,,,,,,0.1,,,,,1,,,,,42.5,,10,,,,,,,,,,,,,,,,,,,,,,2.775,,,,,,,,,3,0,0.2,0,0,3,0,2.775,10,42.5,0,0,3,0
ombc_17,2016,T4,omb,ctr,ombc_17,omb_hl,0,-7.043824164,0,24.5,,1.5,,,,,,,,,,,,,,,0.1,,13,,8,,,,,,,,,1,,,,,,,1,1,,,,50.625,,,16,0.5,,,,,,,,,,,,,,,,,,,,,,,1.625,,,,,,8,0,1.1,0,1,15.5,0,1.625,0,51.125,16,1,15.5,0
ombc_18,2016,T4,omb,ctr,ombc_18,omb_hu,0,-7.043824164,0,14,,2,,,,,,,,,,,,,,,0.5,,6,,4,,,,,,,,,0.5,,,,,,,3,1.5,,,,12.625,,,29.625,,,,,,,,,,,,,,,,,,,,,,,,19.75,,,,3.25,,4,0,1,0,1.5,11,3.25,19.75,0,12.625,29.625,1.5,11,0
ombc_19,2016,T4,omb,ctr,ombc_19,omb_hu,0,-7.043824164,0,15.5,,4,,,,,,,,,,,,,,,,,3,,0.5,,,,,,,,,,,,,,,,1,8,,,,1.625,,,97.625,,,,,,,,,,,,,,,,,,,,,,,,,,,,,,0.5,0,0,0,8,8,0,0,0,1.625,97.625,8,8,0
ombc_20,2016,T4,omb,ctr,ombc_20,omb_hu,0,-7.043824164,0,8,,1,,,,,,,,,,,,,,,0.1,,3,,1.5,,,,,,,0.1,,1,,,,,,,0.5,1.5,,,,0.25,,,98.5,,,,,,,,,,,,,,,,,,,,,,,,,,,,,,1.5,0,1.1,0,1.5,4.6,0,0,0,0.25,98.5,1.5,4.5,0.1
ombc_21,2016,U1,omb,ctr,ombc_21,omb_hu,0,-7.043824164,0,18.5,,1.5,,,,,,,,,,,,,,,1.2,,9,,3,,,,,,,0.1,,5,,,,,,,0.1,,,,,1,,,97.75,,,,,,,,,,,,,,,,,,,,,,,,0.025,,,,,,3,0,6.2,0,0,10.7,0,0.025,0,1,97.75,0,10.6,0.1
ombc_22,2016,U1,omb,ctr,ombc_22,omb_hu,0,-7.043824164,0,14,,2,,,,,,,,,,,,,,,1,,6,,2,,,,,,,0.2,,4,,,,,,,0.5,,,,,,,,98.75,,,,,,,,,,,,,,,,,,,,,,,,,,,,,,2,0,5,0,0,8.7,0,0,0,0,98.75,0,8.5,0.2
ombc_23,2016,U1,omb,ctr,ombc_23,omb_hl,0,-7.043824164,0,17,,7,,,,,,,,,,,,,,,0.5,,1,,7,,,,,,,,,1.5,,,,,,,1,0.5,,,,4.5,,,71.25,,,,,,20.75,,,,,,,,,,,,,,,,,,0.05,,,,,,7,0,2,0,0.5,9,0,0.05,0,4.5,92,0.5,9,0
ombc_24,2016,U1,omb,ctr,ombc_24,omb_hl,0,-7.043824164,0,12,,5,,,,,,,,,,,,,,,0.5,,,,6,,,,,,,,,1,,,,,,,0.3,,,,,3.375,,,94.5,0.175,,,,,0.25,,,,,,,,,,,,,,,,,,,,,,,,6,0,1.5,0,0,5.3,0,0,0,3.55,94.75,0,5.3,0
ombc_25,2016,U1,omb,ctr,ombc_25,omb_ho,0,-7.043824164,0,3.5,,1.5,,,,,,,,,,,,,,,10,,,,1,,,,,,,,,,,1,,,,,0.5,,,,,5.5,,0.25,,,,,,,,,,,,,,,,,,,,,,19,,,,,,,,,1,0,11,0,0,2,0,19,0.25,5.5,0,0,2,0
ombc_26,2016,U2,omb,ctr,ombc_26,omb_ho,0,-7.043824164,0,5.5,,1,,,,,,,,,,,,,,,1.5,,,,4,,,,,,,,,,,0.5,,,,,0.4,,,,,40.25,,12.75,,,,,,,13.75,,,,,,,,,,,,,,,0.05,,,,,,,,,4,0,2,0,0,1.4,0,0.05,12.75,40.25,13.75,0,1.4,0
ombc_27,2016,U2,omb,ctr,ombc_27,omb_hu,0,-7.043824164,0,5.7,,1,,,,,,,,,,,,,,,1,,0.2,,4,,,,,,,0.1,,0.5,,,,,,,0.2,,,,,51.75,,,21.5,,,,,,,,,,,,,,,,,,,,,,,,5.75,,,,,,4,0,1.5,0,0,1.5,0,5.75,0,51.75,21.5,0,1.4,0.1
ombc_28,2016,U2,omb,ctr,ombc_28,omb_hl,0,-7.043824164,0,11,,3,,,,,,,,,,,,,,,0.5,,1,,5,,,,,,,,,2,,,,,,,0.2,,,,,16.25,,,81.25,,,,,,,,,,,,,,,,,,,,,,,,0.3,,,,,,5,0,2.5,0,0,4.2,0,0.3,0,16.25,81.25,0,4.2,0
ombc_29,2016,U2,omb,ctr,ombc_29,omb_hu,0,-7.043824164,0,24,,15,,,,,,,,,,,,1,,,0.5,,,,3,,,,,,,,,5,,,,,,,,,,,,4.75,,,93,,,,,,,,,,,,,,,,,,,,,,,,4,,,,,,3,1,5.5,0,0,15,0,4,0,4.75,93,0,15,0
ombc_30,2016,U2,omb,ctr,ombc_30,omb_ll,0,-7.043824164,0,31,,7,,,,,,,,,,,,,,,1,,,,15,,,,,,,,,5,,,,,,,1,4,,,,21.75,,,0.75,,,,,,0.75,,,,,36.25,,,,,,,,,,68.75,,,,,,,,,15,0,6,0,4,8,0,68.75,0,58,1.5,4,8,0
ombc_31,2016,U3,omb,ctr,ombc_31,omb_ll,0,-7.043824164,0,14,,12,,,,,,,,,,,,,,,0.5,,,,1,,,,,,,,,1,,,,,,,0.5,,,,,68.5,,,23,2.75,,,,,4.25,,,,,,,,,,,,,,,,,,,,,,,,1,0,1.5,0,0,12.5,0,0,0,71.25,27.25,0,12.5,0
ombc_32,2016,U3,omb,ctr,ombc_32,omb_ho,0,-7.043824164,0,3,,,,,,,,,,,,,,,,,0.5,,,,3,,,,,,,,,,,,,,,,,,,,,90.25,,,,,7.75,,,,,,,,,,,,,,,,,,,,,,,,,,,,3,0,0.5,0,0,0,0,0,7.75,90.25,0,0,0,0
ombc_33,2016,U3,omb,ctr,ombc_33,omb_ll,0,-7.043824164,0,8,,6,,,,,,,,,,,,,,,0.3,,,,2,,,,,,,,,,,,,,,,0.5,,,,,39.75,,,,35.5,,,,,19.5,,,,,,,,,,,,,,,,,,,,,,,,2,0,0.3,0,0,6.5,0,0,0,75.25,19.5,0,6.5,0
ombc_34,2016,U3,omb,ctr,ombc_34,omb_hu,0,-7.043824164,0,9.5,,6,,,,,,,,,,,,,,,,,0.3,,0.2,,,,,,,,,2,,,,,,,1,1,,,,1,,,98.125,,,,,,,,,,,,,,,,,,,,,,,,,,,,,,0.2,0,2,0,1,7.3,0,0,0,1,98.125,1,7.3,0
ombc_35,2016,U3,omb,ctr,ombc_35,omb_hl,0,-7.043824164,0,17,,4,,,,,,,,,,,,,,,1,,,,5,,,,,,,,,5,,,,,,,0.5,3,,,,0.525,,,92.75,,,,,,4.5,,,,,,,,,,,,,,,,,,,,,,,,5,0,6,0,3,4.5,0,0,0,0.525,97.25,3,4.5,0
ombc_36,2016,U4,omb,ctr,ombc_36,omb_hu,0,-7.043824164,0,47,,2,,,,,,,,,,,,,,,0.1,,24,,2,,,,,,,0.5,,4,,,,,,,2,15,,,,6.75,,,22.5,,,,,,,,,,,,,,,,,,,,,,,,38,15.75,,,,,2,0,4.1,0,15,28.5,15.75,38,0,6.75,22.5,15,28,0.5
ombc_37,2016,U4,omb,ctr,ombc_37,omb_hu,0,-7.043824164,0,19.5,,3,,,,,,,,,,,,1,,,0.5,,6,,1.5,,,,,,,,,5,,,,,,,1.5,3,,,,27.375,,,67.75,,,,,,,,,,,,,,,,,,,,,,,,,,,,,,1.5,1,5.5,0,3,10.5,0,0,0,27.375,67.75,3,10.5,0
ombc_38,2016,U4,omb,ctr,ombc_38,omb_hu,0,-7.043824164,0,53.1,,11,,,,,,,,,,,,,,,0.1,,26,,0.1,,,,,,,0.3,,15,,,,,,,10,1,,,,89.75,,,6.25,,,,,,,,,,,,,,,,,,,,,,,,0.175,,,,,,0.1,0,15.1,0,1,47.3,0,0.175,0,89.75,6.25,1,47,0.3
ombc_39,2016,U4,omb,ctr,ombc_39,omb_hu,0,-7.043824164,0,9.5,,6,,,,,,,,,,,,0.5,,,0.4,,,,1.5,,,,,,,,,1,,,,,,,1,0.5,,,,16.25,,,83,,,,,,,,,,,,,,,,,,,,,,,,,,,,,,1.5,0.5,1.4,0,0.5,7,0,0,0,16.25,83,0.5,7,0
ombc_40,2016,U4,omb,ctr,ombc_40,omb_hu,0,-7.043824164,0,12,,4,,,,,,,,,,,,,,,0.5,,0.8,,0.2,,,,,,,,,7,,,,,,,0.5,,,,,2.775,,,96.5,,,,,,,,,,,,,,,,,,,,,,,,,,,,,,0.2,0,7.5,0,0,5.3,0,0,0,2.775,96.5,0,5.3,0
ombf_01,2016,Z1,omb,fst,ombf_1,,55,-13.74074636,10,23,,,,,,,,,,,,,,,,,,,,,3,,5,,,,,10,,,,,,,,,,15,,,3.75,,,,2.25,,,,,,,,,,,,,,,,,,,,0.5,,,,,57.25,,,,,3,0,0,0,15,15,57.75,0,0,3.75,2.25,15,5,10
ombf_02,2016,Z1,omb,fst,ombf_2,,55,-13.74074636,10,35,,,,,,,,,,,,,,,,,,,,,15,,,,,,,10,,,,,,,,,,20,,,,,,,,,,,,,,,,,,,,,,,,,,,,,,,,12.25,,,2.25,,15,0,0,0,20,10,14.5,0,0,0,0,20,0,10
ombf_03,2016,Z1,omb,fst,ombf_3,,55,-13.74074636,0,34,,,,,,,,,,,,,,,,,,,1,,3,,15,,,,,,,,,,,,,,,15,,,9,,,,,,,,,,,,,,,,,,,,,,,,,,,,,26.25,,,,,3,0,0,0,15,16,26.25,0,0,9,0,15,16,0
ombf_04,2016,Z1,omb,fst,ombf_4,,55,-13.74074636,60.1,0.5,,,,,,,,,,,,,,,,,,,,,0.5,,,,,,,60.1,,,,,,,,,,,,,,,,,,,,,,,,,,,,,,,,,,,,0.75,,,,,,4,,,,,0.5,0,0,0,0,60.1,4.75,0,0,0,0,0,0,60.1
ombf_05,2016,Z1,omb,fst,ombf_5,,55,-13.74074636,20,9,,,,,,,,,,,,,,,,,,,,,2,,,,,,,20,,,,,,,,,0.5,7,,,,,,,,,,,,,,,,,,,,,,,,,,30.25,1.25,,,,,,,,,,2,0,0,0,7,20.5,31.5,0,0,0,0,7,0.5,20
ombf_06,2016,Z2,omb,fst,ombf_6,,55,-13.74074636,20,15,,2,,,,,,,,,,,,,,,,,2,,3,,,,,,,20,,,,,,,,,6,8,,,1.75,,,,8.5,,,,,,,,,,,,,,,,,,,0.5,0.25,,,,,0.25,0.275,,,,3,0,0,0,8,30,1.275,0,0,1.75,8.5,8,10,20
ombf_07,2016,Z2,omb,fst,ombf_7,,55,-13.74074636,45,14,,,,,,,,,,,,,,,,,,,,,12,,,,,,,45,,,,,,,,,,2,,,,,,,,,,,,,,,,,,,,,,,,,,1.75,,,,,,57.5,,,,,12,0,0,0,2,45,59.25,0,0,0,0,2,0,45
ombf_08,2016,Z2,omb,fst,ombf_8,,55,-13.74074636,75,15,,,,,,,,,,,,,,,,,,,8,,1,,,,,,,75,,,,,,,,,,6,,,,,,,,,,,,,,,,,,,,,,,,,,2.875,4.5,,,,,12.5,,,,,1,0,0,0,6,83,19.875,0,0,0,0,6,8,75
ombf_09,2016,Z2,omb,fst,ombf_9,,55,-13.74074636,25,2,,,,,,,,,,,,,,,,,,,,,2,,,,,,,25,,,,,,,,,,,,,0.5,,,,,,,,,,,,,,,,,,,,,,,,0.75,,,,,31.25,,,0.5,,2,0,0,0,0,25,32.5,0,0,0.5,0,0,0,25
ombf_10,2016,Z2,omb,fst,ombf_10,,55,-13.74074636,75,15,,,,,,,,,,,,,,,,,,,,,3,,,,,,,75,,,,,,,,,5,12,,,5.75,,,,47,,,,,,,,,,,,,,,,,,,,,,,,,22.25,,,7,,3,0,0,0,12,80,29.25,0,0,5.75,47,12,5,75
ombf_11,2016,AA1,omb,fst,ombf_11,,55,-13.74074636,0,14,,,,,,,,,,,,,,,,,,,,,2,,12,,,,,,,,,,,,,,,,,,,,,,,,,,,,,,,,,,,,,,,,,,,,,,,89.25,,,,,2,0,0,0,0,12,89.25,0,0,0,0,0,12,0
ombf_12,2016,AA1,omb,fst,ombf_12,,55,-13.74074636,0,12,,,,,,,,,,,,,,,,,,,,,7,,,,,,,,,,,,,,,,3,5,,,2,,,,7,40,,,,,,,,,,,,,,,,,,,0.5,,,,,1,0.25,,,,7,0,0,0,5,3,1.75,0,0,42,7,5,3,0
ombf_13,2016,AA1,omb,fst,ombf_13,,55,-13.74074636,40,22.2,,,,,,,,,,,,,,,,,,,0.2,,22,,,,,,,40,,,,,,,,,,,,,77.5,,,,,,,,,,,,,,,,,,,,,,,,0.75,,,,,6.875,,,,,22,0,0,0,0,40.2,7.625,0,0,77.5,0,0,0.2,40
ombf_14,2016,AA1,omb,fst,ombf_14,,55,-13.74074636,30,15,,,,,,,,,,,,,,,,,,,2,,12,,,,,,,30,,1,,,,,,,0.5,,,,40.5,,,,,,,,,,,,,,,,,,,,,,,,2.5,,,,,49.25,,,,,12,0,1,0,0,32.5,51.75,0,0,40.5,0,0,2.5,30
ombf_15,2016,AA1,omb,fst,ombf_15,,55,-13.74074636,10,17.5,,,,,,,,,,,,,,,,,,,0.5,,15,,,,,,,10,,,,,,,,,1,2,,,42.5,,,,,,,,,,,,,,,,,,,,,,,,,,,,,35.75,,,3.5,,15,0,0,0,2,11.5,39.25,0,0,42.5,0,2,1.5,10
ombf_16,2016,AA2,omb,fst,ombf_16,,55,-13.74074636,45,14.5,,0.5,,,,,,,,,,,,,,,,,3,,6,,,,,,,45,,,,,,,,,2,5,,,9.375,,,,,,,,,,,,,,,,,,,1.25,,,,,4,,,,,68.625,,,,,6,0,0,0,5,50.5,73.875,0,0,9.375,0,5,5.5,45
ombf_17,2016,AA2,omb,fst,ombf_17,,55,-13.74074636,1,13.5,,,,,,,,,,,,,,,,,,,1.5,,11,,,,,,,1,,,,,,,,,1,1,,,0.5,,,,,,,,,,,,,,,,,,,14.5,,,,,,,,,,43.75,,,,,11,0,0,0,1,3.5,58.25,0,0,0.5,0,1,2.5,1
ombf_18,2016,AA2,omb,fst,ombf_18,,55,-13.74074636,0,50,,,3,,,,,,,,,,,,,,,,3,,1,,1,,,,,,,25,,,,,,na,0.5,20,,,,,,,,,,,,,,,,,,,,,,,,,,,0.25,,,,,89.75,,,,,1,0,25,0,23,4.5,90,0,0,0,0,23,4.5,0
ombf_19,2016,AA2,omb,fst,ombf_19,,55,-13.74074636,2,18,,,,,,,,,,,,,,,,,,,2,,11,,1,,,,,2,,,,,,,,,,4,,,,,,,,,,,,,,,,,,,,,,,,,,,3,,,,,62,0.25,,,,11,0,0,0,4,5,65.25,0,0,0,0,4,3,2
ombf_20,2016,AA2,omb,fst,ombf_20,,55,-13.74074636,25,3.5,,,,,,,,,,,,,,,,,,,0.5,,2,,1,,,,,25,,,,,,,,,,,,,,,,,,,,,,,,,,,,,,,,,,,,,,,,,,75,,,,,2,0,0,0,0,26.5,75,0,0,0,0,0,1.5,25
ombd_01,2016,V1,omb,wldd,ombd_1,omb_hl,16,-9.190736246,12,67,,1,,,,,,,,,,,,,,,0.1,,50,,1,,,,,,,12,,15,,,,,,,1,,,,,3.75,,,80.75,,,,,,,,,,,,,,,,,,,,,,,,1,,,,,,1,0,15.1,0,0,64,0,1,0,3.75,80.75,0,52,12
ombd_02,2016,V1,omb,wldd,ombd_2,omb_hu,16,-9.190736246,0,40.5,,0.5,,,,,,,,,,,,,,,,,30,,2,,,,,,,,,8,,,,,,,1,,,,,45,,,32.5,,,,,,,,,,,,,,,,,,,0.125,,,,,,,,,16.25,,2,0,8,0,0,31.5,16.375,0,0,45,32.5,0,31.5,0
ombd_03,2016,V1,omb,wldd,ombd_3,omb_hl,16,-9.190736246,0,47,,12,,,,,,,,,,,,,,,,,18,,9,,,,,,,,,8,,,,,,,1,,,,,2.75,,,81.75,,,,,,,,,,,,,,,,,,,,,,,,0.375,,,,,,9,0,8,0,0,31,0,0.375,0,2.75,81.75,0,31,0
ombd_04,2016,V1,omb,wldd,ombd_4,omb_hl,16,-9.190736246,0,27,,10,,,,,,,,,,,,,,,,,6,,3,,,,,,,,,8,,,,,,,0.5,,,,,4.25,,,70.5,,,,,,23,,,,,,,,,,,,,,,,,,0.5,,,,,,3,0,8,0,0,16.5,0,0.5,0,4.25,93.5,0,16.5,0
ombd_05,2016,V1,omb,wldd,ombd_5,omb_hu,16,-9.190736246,0,28,,2,,,,,,,,,,,,,,,,,7,,2,,,,,,,0.5,,15,,,,,,,1,2,,,,14.25,,,45.25,,,,,,,,,,,,,,,,,,,3,,,,,37,,,,,,2,0,15,0,2,10.5,3,37,0,14.25,45.25,2,10,0.5
ombd_06,2016,V2,omb,wldd,ombd_6,omb_hl,16,-9.190736246,0,45,,5,,,,,,,,,,,,,,,,,20,,4,,,,,,,,,15,,,,,,,0.5,1,,,,5.75,,,59,,,,,,30.75,,,,,,,,,,,,,,,,,,3.125,,,,,,4,0,15,0,1,25.5,0,3.125,0,5.75,89.75,1,25.5,0
ombd_07,2016,V2,omb,wldd,ombd_7,omb_hl,16,-9.190736246,0,27,,3,,,,,,,,,,,,,,,,,3,,12,,,,,,,,,8,,,,,,,1,1,,,,23.75,,,5.75,,,,,,21.5,,,,,,,,,,,,,,,,,,38,,,,,,12,0,8,0,1,7,0,38,0,23.75,27.25,1,7,0
ombd_08,2016,V2,omb,wldd,ombd_8,omb_hu,16,-9.190736246,0,24,,4,,,,,,,,,,,,,,,,,,,20,,,,,,,,,,,,,,,,1,,,,,60.75,,,,,16.25,,,,10,,,,,,,,,,,,,,,,,,,,,,,,20,0,0,0,0,5,0,0,16.25,60.75,10,0,5,0
ombd_09,2016,V2,omb,wldd,ombd_9,omb_hu,16,-9.190736246,0,3,,1,,,,,,,,,,,,,,,0.1,,,,2,,,,,,,,,,,,,,,,0.5,,,,,,,,,,3.25,,,,,,,,,,,,,,,,,,,0.55,,,,,,,,,2,0,0.1,0,0,1.5,0,0.55,3.25,0,0,0,1.5,0
ombd_10,2016,V2,omb,wldd,ombd_10,omb_ll,16,-9.190736246,0,10.5,,5,,,,,,,,,,,,,,,1,,0.5,,5,,,,,,,,,,,,,,,,,,,,,4.5,,,,0.75,9.75,,,,1,,,,,,,,,,,,,,,0.55,,,,,,,,,5,0,1,0,0,5.5,0,0.55,9.75,5.25,1,0,5.5,0
ombd_11,2016,W1,omb,wldd,ombd_11,omb_hu,16,-9.190736246,1,33.5,,6,,,,,,,,,,,,,,,,,20,,0.5,,,,,,,1,,7,,,,,,,0.5,,,,,4.15,,,90.5,,,,,,,,,,,,,,,,,,,,,,,,0.025,,,,,,0.5,0,7,0,0,27.5,0,0.025,0,4.15,90.5,0,26.5,1
ombd_12,2016,W1,omb,wldd,ombd_12,omb_hu,16,-9.190736246,0,43,,3,,,,,,,,,,,,,,,,,35,,3,,,,,,,0.1,,2,,,,,,,1,,,,,10.5,,,79,,,,,,,,,,,,,,,,,,,,,,,,7.5,,,,,,3,0,2,0,0,39.1,0,7.5,0,10.5,79,0,39,0.1
ombd_13,2016,W1,omb,wldd,ombd_13,omb_hu,16,-9.190736246,0,23,,3,,,,,,,,,,,,,,,,,12,,8,,,,,,,,,,,,,,,,0.5,,,,,9.75,,,70,,,,,,0.75,,,,,,,,,,,,,,,,,,17,,,,,,8,0,0,0,0,15.5,0,17,0,9.75,70.75,0,15.5,0
ombd_14,2016,W1,omb,wldd,ombd_14,omb_ll,16,-9.190736246,0,13,,3,,,,,,,,,,,,,,,,,1,,5,,,,,,,,,1,,,,,,,1,3,,,,81.5,,,,,,,,,2.75,,,,,,,,,,,,,,,0.625,,,0.125,,,,,,5,0,1,0,3,5,0,0.75,0,81.5,2.75,3,5,0
ombd_15,2016,W1,omb,wldd,ombd_15,omb_ll,16,-9.190736246,0,7,,1,,,,,,,,,,,,,,,,,,,3,,,,,,,,,3,,,,,,,1,,,,,67,,,6,,4.5,,,,13.25,,,,,,,,,,,,1.25,,,3,,,1.75,,,,,,3,0,3,0,0,2,0,6,4.5,67,19.25,0,2,0
ombd_16,2016,W2,omb,wldd,ombd_16,omb_hu,16,-9.190736246,0,13,,2,,,,,,,,,,,,,,,,,8,,3,,,,,,,,,,,,,,,,0.1,,,,,56.25,,0.75,3.5,,,,,,,,,,,,,,,,,,,,,20,,,11.25,,,,,,3,0,0,0,0,10.1,0,31.25,0.75,56.25,3.5,0,10.1,0
ombd_17,2016,W2,omb,wldd,ombd_17,omb_ll,16,-9.190736246,0,4,,1,,,,,,,,,,,,,,,,,,,3,,,,,,,,,,,,,,,,0.5,,,,,70,,,,,2,,,,8.75,,,,,,,,,,,,,,,1,,,0.75,,,,,,3,0,0,0,0,1.5,0,1.75,2,70,8.75,0,1.5,0
ombd_18,2016,W2,omb,wldd,ombd_18,omb_ho,16,-9.190736246,0,3.5,,3,,,,,,,,,,,,,,,0.5,,,,0.5,,,,,,,,,,,,,,,,0.1,,,,,68.5,,,,,1,,,,0.5,,,,,23.25,,,,,,,,,,,,,,,,,,,0.5,0,0.5,0,0,3.1,0,0,1,91.75,0.5,0,3.1,0
ombd_19,2016,W2,omb,wldd,ombd_19,omb_hl,16,-9.190736246,0,11,,1,,,,,,,,,,,,,,,,,2,,4,,,,,,,,,4,,,,,,,0.5,,,,,3,,,27.5,0.25,,,,,56.5,,,,,,,,,,,,,,,0.025,,,,,,,,,4,0,4,0,0,3.5,0,0.025,0,3.25,84,0,3.5,0
ombd_20,2016,W2,omb,wldd,ombd_20,omb_hl,16,-9.190736246,0,21,,1,,,,,,,,,,,,,,,,,1,,1,,,,,,,0.5,,15,,,,,,,0.5,3,,,,0.25,,,85.25,,,,,,12.5,,,,,,,,,,,,,,,,,,,,,,,,1,0,15,0,3,3,0,0,0,0.25,97.75,3,2.5,0.5
ombd_21,2016,X1,omb,wldd,ombd_21,omb_hu,16,-9.190736246,0,42.5,,2.5,,,,,,,,,,,,,,,,,35,,5,,,,,,,,,,,,,,,,1,,,,,20.75,,,67.25,3.75,,,,,,,,,,,,,,,,,,0.5,,,,,1.275,,,,,,5,0,0,0,0,38.5,0.5,1.275,0,24.5,67.25,0,38.5,0
ombd_22,2016,X1,omb,wldd,ombd_22,omb_hu,16,-9.190736246,0,16,,4,,,,,,,,,,,,,,,,,10,,2,,,,,,,0.3,,,,,,,,,1,,,,,7.25,,,91,,,,,,,,,,,,,,,,,,,0.525,,,,,0.025,,,,,,2,0,0,0,0,15.3,0.525,0.025,0,7.25,91,0,15,0.3
ombd_23,2016,X1,omb,wldd,ombd_23,omb_hl,16,-9.190736246,0,5.5,,3,,,,,,,,,,,,,,,0.1,,0.5,,1,,,,,,,,,1,,,,,,,0.5,,,,,10.25,,,63.5,1.5,,,,,16.25,,,,,,,,,,,,,,,,,,,,,,,,1,0,1.1,0,0,4,0,0,0,11.75,79.75,0,4,0
ombd_24,2016,X1,omb,wldd,ombd_24,omb_hl,16,-9.190736246,0,8,,5,,,,,,,,,,,,,,,0.1,,,,3,,,,,,,,,,,,,,,,1,,,,,71,,,,,,,,,17.25,,,,,4.75,,,,,,,,,,,,,,,,,,,3,0,0.1,0,0,6,0,0,0,75.75,17.25,0,6,0
ombd_25,2016,X1,omb,wldd,ombd_25,omb_hu,16,-9.190736246,1,5,,1.5,,,,,,,,,,,,,,,0.5,,,,3,,,,,,,1,,0.5,,,,,,,0.5,,,,,80.75,,,,,0.25,,,,10.75,,,,,0.625,,,,,,,,,,,,,0.15,,,,,,3,0,1,0,0,3,0,0.15,0.25,81.375,10.75,0,2,1
ombd_26,2016,X2,omb,wldd,ombd_26,omb_hl,16,-9.190736246,0,8,,1,,,,,,,,,,,,,,,0.5,,1,,5,,,,,,,0.5,,1,,,,,,,1,,,,,65.25,,,16.875,5,,,,,5.75,,,,,1.75,,,,,,,,,,,,,0.125,,,,,,5,0,1.5,0,0,3.5,0,0.125,0,72,22.625,0,3,0.5
ombd_27,2016,X2,omb,wldd,ombd_27,omb_hl,16,-9.190736246,16,40.5,,15,,,,,,,,,,,,,,,,,10,,2.5,,,,,,,16,,3,,,,,,,4,10,,,,36.75,,,26.125,0.75,,,,,31.25,,,,,1.375,,,,,,,,,,,,,,,,,,,2.5,0,3,0,10,45,0,0,0,38.875,57.375,10,29,16
ombd_28,2016,X2,omb,wldd,ombd_28,omb_ll,16,-9.190736246,0,13.8,,0.7,,,,,,,,,,,,1,,,0.1,,8,,0.1,,,,,,,,,3,,,,,,,0.7,1,,,,2.25,,,54.125,0.125,,,,,,,,,,,,,,,,,,,,,,,,,,,6.25,,0.1,1,3.1,0,1,9.4,6.25,0,0,2.375,54.125,1,9.4,0
ombd_29,2016,X2,omb,wldd,ombd_29,omb_ho,16,-9.190736246,0,37.6,,1.5,,,,,,,,,,,,0.1,,,0.1,,22,,10,,,,,,,,,4,,,,,,,0.2,,,,,5.75,,,64.5,0.25,,,,,2.25,,,,,,,,,,,,,,,,,,13.75,,,,3.5,,10,0.1,4.1,0,0,23.7,3.5,13.75,0,6,66.75,0,23.7,0
ombd_30,2016,X2,omb,wldd,ombd_30,omb_hl,16,-9.190736246,0,34,,3,,,,,,,,,,,,,,,,,20,,8,,,,,,,,,1,,,,,,,0.3,2,,,,7.75,,,86,2.25,,,,,,,,,,,,,,,,,,,,,,,,,,,0.25,,8,0,1,0,2,23.3,0.25,0,0,10,86,2,23.3,0
ombd_31,2016,Y1,omb,wldd,ombd_31,omb_hl,16,-9.190736246,12,7.5,,2,,,,,,,,,,,,,,,,,2,,3,,,,,,,12,,0.5,,,,,,,0.5,,,,,26.25,,,6.5,,,,,,60.25,,,,,,,,,,,,,,,,,,3,,,,,,3,0,0.5,0,0,16.5,0,3,0,26.25,66.75,0,4.5,12
ombd_32,2016,Y1,omb,wldd,ombd_32,omb_hl,16,-9.190736246,0,13,,2,,,,,,,,,,,,,,,,,1,,2,,,,,,,,,8,,,,,,,0.1,,,,,9.75,,,85.75,,,,,,2.75,,,,,,,,,,,,,,,,,,,,,,,,2,0,8,0,0,3.1,0,0,0,9.75,88.5,0,3.1,0
ombd_33,2016,Y1,omb,wldd,ombd_33,omb_hl,16,-9.190736246,0,7.1,,3,,,,,,,,,,,,,,,0.1,,,,4,,,,,,,0.1,,0.1,,,,,,,0.1,,,,,29.75,,,14.25,0.25,,,,,51,,,,,,,,,,,,,,,,,,1.25,,,,,,4,0,0.2,0,0,3.2,0,1.25,0,30,65.25,0,3.1,0.1
ombd_34,2016,Y1,omb,wldd,ombd_34,omb_hl,16,-9.190736246,0,8,,5,,,,,,,,,,,,,,,0.5,,,,3,,,,,,,,,,,,,,,,0.1,,,,,25.25,,,1.5,,,,,,67.75,,,,,,,,,,,,,,,,,,1.25,,,,,,3,0,0.5,0,0,5.1,0,1.25,0,25.25,69.25,0,5.1,0
ombd_35,2016,Y1,omb,wldd,ombd_35,omb_hl,16,-9.190736246,0,14,,2,,,,,,,,,,,,,,,,,2,,7,,,,,,,,,3,,,,,,,0.5,,,,,18,,,3.25,,,,,,74.5,,,,,,,,,,,,,,,,,,1.25,,,,,,7,0,3,0,0,4.5,0,1.25,0,18,77.75,0,4.5,0
ombd_36,2016,Y2,omb,wldd,ombd_36,omb_hu,16,-9.190736246,5,24.1,,0.1,,,,,,,,,,,,,,,,,15,,2,,,,,,,5,,4,,,,,,,1,3,,,,2,,,30.75,,,,,,,,,,,,,,,,,,,,,,,,33.5,1.75,,,,,2,0,4,0,3,21.1,1.75,33.5,0,2,30.75,3,16.1,5
ombd_37,2016,Y2,omb,wldd,ombd_37,omb_hu,16,-9.190736246,10,29,,2,,,,,,,,,,,,,,,,,12,,10,,2,,,,,10,,3,,,,,,,1,,,,,4.75,,,21.25,,,,,,,,,,,,,,,,,,,3.5,,,,,10.75,,0.375,,,,10,0,3,0,0,27,3.875,10.75,0,4.75,21.25,0,17,10
ombd_38,2016,Y2,omb,wldd,ombd_38,omb_hu,16,-9.190736246,0,40,,3,,,,,,,,,,,,,,,,,15,,1,,,,,,,,,20,,,,,,,0.5,1,,,,10.25,,,87,,,,,,,,,,,,,,,,,,,,,,,,,,,,,,1,0,20,0,1,18.5,0,0,0,10.25,87,1,18.5,0
ombd_39,2016,Y2,omb,wldd,ombd_39,omb_hu,16,-9.190736246,0,7.5,,1,,,,,,,,,,,,,,,,,5,,1,,,,,,,0.1,,,,,,,,,0.1,0.5,,,,1.75,,,97.25,,,,,,,,,,,,,,,,,,,,,,,,,,,,,,1,0,0,0,0.5,6.2,0,0,0,1.75,97.25,0.5,6.1,0.1
ombd_40,2016,Y2,omb,wldd,ombd_40,omb_ho,16,-9.190736246,8,5,,2,,,,,,,,,,,,,,,,,1,,2,,,,,,,8,,,,,,,,,1,,,,,46.5,,,46,2,,,,,0.75,,,,,,,,,,,,,,,,,,,,,,,,2,0,0,0,0,12,0,0,0,48.5,46.75,0,4,8
